-- MySQL dump 10.13  Distrib 5.6.33, for debian-linux-gnu (x86_64)
--
-- Host: localhost    Database: bhima_production
-- ------------------------------------------------------
-- Server version	5.6.33-0ubuntu0.14.04.1

/*!40101 SET @OLD_CHARACTER_SET_CLIENT=@@CHARACTER_SET_CLIENT */;
/*!40101 SET @OLD_CHARACTER_SET_RESULTS=@@CHARACTER_SET_RESULTS */;
/*!40101 SET @OLD_COLLATION_CONNECTION=@@COLLATION_CONNECTION */;
/*!40101 SET NAMES utf8 */;
/*!40103 SET @OLD_TIME_ZONE=@@TIME_ZONE */;
/*!40103 SET TIME_ZONE='+00:00' */;
/*!40014 SET @OLD_UNIQUE_CHECKS=@@UNIQUE_CHECKS, UNIQUE_CHECKS=0 */;
/*!40014 SET @OLD_FOREIGN_KEY_CHECKS=@@FOREIGN_KEY_CHECKS, FOREIGN_KEY_CHECKS=0 */;
/*!40101 SET @OLD_SQL_MODE=@@SQL_MODE, SQL_MODE='NO_AUTO_VALUE_ON_ZERO' */;
/*!40111 SET @OLD_SQL_NOTES=@@SQL_NOTES, SQL_NOTES=0 */;

--
-- Dumping data for table `account`
--

/*!40000 ALTER TABLE `account` DISABLE KEYS */;
INSERT INTO `account` (`id`, `type_id`, `enterprise_id`, `number`, `label`, `parent`, `locked`, `cc_id`, `pc_id`, `created`, `classe`, `is_asset`, `reference_id`, `is_brut_link`, `is_title`, `is_charge`) VALUES (1,4,1,1,'CLASSE 1 : COMPTES DE RESSOURCES DURABLES',0,0,NULL,NULL,'2016-10-22 14:37:09',NULL,NULL,NULL,NULL,0,NULL),(2,4,1,2,'CLASSE 2 : COMPTES D\'ACTIFS IMMOBILISES',0,0,NULL,NULL,'2016-10-22 14:39:01',NULL,NULL,NULL,NULL,0,NULL),(3,4,1,3,'CLASSE 3: COMPTES DE STOCKS',0,0,NULL,NULL,'2016-10-22 14:39:36',NULL,NULL,NULL,NULL,0,NULL),(4,4,1,4,'CLASSE 4: COMPTES DE TIERS',0,0,NULL,NULL,'2016-10-22 14:40:00',NULL,NULL,NULL,NULL,0,NULL),(5,4,1,5,'CLASSE 5: COMPTES DE TRESORERIE',0,0,NULL,NULL,'2016-10-22 14:40:26',NULL,NULL,NULL,NULL,0,NULL),(6,4,1,6,'CLASSE 6: COMPTES DES CHARGES DES ACTIVITES ORDINAIRES',0,0,NULL,NULL,'2016-10-22 14:40:45',NULL,NULL,NULL,NULL,0,NULL),(7,4,1,7,'CLASSE 7: COMPTES DES PRODUITS DES ACTIVITES ORDINAIRES',0,0,NULL,NULL,'2016-10-22 14:41:12',NULL,NULL,NULL,NULL,0,NULL),(8,4,1,8,'CLASSE 8: COMPTES DES AUTRES CHARGES ET DES AUTRES PRODUITS',0,0,NULL,NULL,'2016-10-22 14:41:34',NULL,NULL,NULL,NULL,0,NULL),(9,4,1,10,'CAPITAL',1,0,NULL,NULL,'2016-10-22 16:27:40',NULL,NULL,NULL,NULL,0,NULL),(10,4,1,11,'RESERVES',1,0,NULL,NULL,'2016-10-22 16:28:02',NULL,NULL,NULL,NULL,0,NULL),(11,4,1,12,'REPORT A NOUVEAU',1,0,NULL,NULL,'2016-10-22 16:28:24',NULL,NULL,NULL,NULL,0,NULL),(12,4,1,13,'RESULTAT NET DE L\'EXERCICE',1,0,NULL,NULL,'2016-10-22 16:28:45',NULL,NULL,NULL,NULL,0,NULL),(13,4,1,14,'SUBVENTIONS D\'INVESTISSEMENT',1,0,NULL,NULL,'2016-10-22 16:29:16',NULL,NULL,NULL,NULL,0,NULL),(14,4,1,16,'EMPRUNTS ET DETTES ASSIMILEES',1,0,NULL,NULL,'2016-10-22 16:29:41',NULL,NULL,NULL,NULL,0,NULL),(15,4,1,17,'DETTES DE CREDIT-BAIL ET CONTRATS ASSIMILES',1,0,NULL,NULL,'2016-10-22 16:30:08',NULL,NULL,NULL,NULL,0,NULL),(16,4,1,18,'DETTES LIEES A DES PARTICIPATIONS ET COMPTES DE LIAISON DES ETABLISSEMENTS ET SOCIETES EN PARTICIPATION',1,0,NULL,NULL,'2016-10-22 16:30:32',NULL,NULL,NULL,NULL,0,NULL),(17,4,1,19,'PROVISIONS FINANCIERES POUR RISQUES ET CHARGES',1,0,NULL,NULL,'2016-10-22 16:30:49',NULL,NULL,NULL,NULL,0,NULL),(18,4,1,20,'CHARGES IMMOBILISEES',2,0,NULL,NULL,'2016-10-22 16:31:19',NULL,NULL,NULL,NULL,0,NULL),(19,4,1,21,'IMMOBILISATIONS INCORPORELLES',2,0,NULL,NULL,'2016-10-22 16:32:58',NULL,NULL,NULL,NULL,0,NULL),(20,4,1,22,'TERRAINS',2,0,NULL,NULL,'2016-10-22 16:33:24',NULL,NULL,NULL,NULL,0,NULL),(21,4,1,23,'BATIMENTS, INSTALLATIONS TECHNIQUES ET AGENCEMENTS',2,0,NULL,NULL,'2016-10-22 16:33:44',NULL,NULL,NULL,NULL,0,NULL),(22,4,1,24,'MATERIELS',2,0,NULL,NULL,'2016-10-22 16:34:05',NULL,NULL,NULL,NULL,0,NULL),(23,4,1,27,'AUTRES IMMOBILISATIONS FINANCIERES',2,0,NULL,NULL,'2016-10-22 16:34:41',NULL,NULL,NULL,NULL,0,NULL),(24,4,1,28,'AMORTISSEMENTS',2,0,NULL,NULL,'2016-10-22 16:34:59',NULL,NULL,NULL,NULL,0,NULL),(25,4,1,29,'PROVISIONS POUR DEPRECIATIONS',2,0,NULL,NULL,'2016-10-22 16:35:16',NULL,NULL,NULL,NULL,0,NULL),(26,4,1,31,'MARCHANDISES',3,0,NULL,NULL,'2016-10-22 16:35:40',NULL,NULL,NULL,NULL,0,NULL),(27,4,1,32,'MATIERES PREMIERES ET FOURNITURES LIEES',3,0,NULL,NULL,'2016-10-22 16:36:00',NULL,NULL,NULL,NULL,0,NULL),(28,4,1,33,'AUTRES APPROVISIONNEMENTS',3,0,NULL,NULL,'2016-10-22 16:36:19',NULL,NULL,NULL,NULL,0,NULL),(29,4,1,36,'PRODUITS FINIS',3,0,NULL,NULL,'2016-10-22 16:36:39',NULL,NULL,NULL,NULL,0,NULL),(30,4,1,38,'STOCKS EN COURS DE ROUTE, EN CONSIGNATION OU EN DÉPÔT',3,0,NULL,NULL,'2016-10-22 16:37:19',NULL,NULL,NULL,NULL,0,NULL),(31,4,1,39,'DÉPRÉCIATIONS DES STOCKS',3,0,NULL,NULL,'2016-10-22 16:37:39',NULL,NULL,NULL,NULL,0,NULL),(32,4,1,40,'FOURNISSEURS ET COMPTE  RATTACHES',4,0,NULL,NULL,'2016-10-22 16:38:02',NULL,NULL,NULL,NULL,0,NULL),(33,4,1,41,'CLIENTS ET COMPTE RATTACHES',4,0,NULL,NULL,'2016-10-22 16:38:22',NULL,NULL,NULL,NULL,0,NULL),(34,4,1,42,'PERSONNEL',4,0,NULL,NULL,'2016-10-22 16:38:43',NULL,NULL,NULL,NULL,0,NULL),(35,4,1,43,'ORGANISMES  SOCIAUX',4,0,NULL,NULL,'2016-10-22 16:38:59',NULL,NULL,NULL,NULL,0,NULL),(36,4,1,44,'ETAT ET COLLECTIVITES PUBLIQUES',4,0,NULL,NULL,'2016-10-22 16:39:20',NULL,NULL,NULL,NULL,0,NULL),(37,4,1,47,'DEBITEURS  ET CREDITEURS  DIVERS',4,0,NULL,NULL,'2016-10-22 16:39:45',NULL,NULL,NULL,NULL,0,NULL),(38,4,1,48,'CREANCES ET DETTES  HORS ACTIVITE ORDINAIRE',4,0,NULL,NULL,'2016-10-22 16:39:59',NULL,NULL,NULL,NULL,0,NULL),(39,4,1,49,'DEPRECIATION ET RISQUES PROVISIONNES (Tiers)',4,0,NULL,NULL,'2016-10-22 16:40:23',NULL,NULL,NULL,NULL,0,NULL),(40,4,1,51,'VALEURS A ENCAISSER',5,0,NULL,NULL,'2016-10-22 16:40:48',NULL,NULL,NULL,NULL,0,NULL),(41,4,1,52,'BANQUES',5,0,NULL,NULL,'2016-10-22 16:41:05',NULL,NULL,NULL,NULL,0,NULL),(42,4,1,53,'ETABLISSEMENTS FINANCIERS ET ASSIMILES',5,0,NULL,NULL,'2016-10-22 16:41:19',NULL,NULL,NULL,NULL,0,NULL),(43,4,1,56,'BANQUES, CREDIT DE TRESORERIE ET D\'ESCOMPTE',5,0,NULL,NULL,'2016-10-22 16:41:40',NULL,NULL,NULL,NULL,0,NULL),(44,4,1,57,'CAISSE',5,0,NULL,NULL,'2016-10-22 16:42:13',NULL,NULL,NULL,NULL,0,NULL),(45,4,1,58,'REGIES D\'AVANCES, ACCREDITIFS ET VIREMENTS INTERNE',5,0,NULL,NULL,'2016-10-22 16:42:34',NULL,NULL,NULL,NULL,0,NULL),(46,4,1,59,'DEPRECIATIONS ET RISQUES PROVISIONNES',5,0,NULL,NULL,'2016-10-22 16:43:12',NULL,NULL,NULL,NULL,0,NULL),(47,4,1,60,'ACHATS ET VARIATIONS DE STOCKS',6,0,NULL,NULL,'2016-10-22 16:43:34',NULL,NULL,NULL,NULL,0,NULL),(48,4,1,61,'TRANSPORTS',6,0,NULL,NULL,'2016-10-22 16:43:57',NULL,NULL,NULL,NULL,0,NULL),(49,4,1,62,'SERVICES EXTÉRIEURS A',6,0,NULL,NULL,'2016-10-22 16:44:10',NULL,NULL,NULL,NULL,0,NULL),(50,4,1,63,'SERVICES EXTÉRIEURS B',6,0,NULL,NULL,'2016-10-22 16:44:30',NULL,NULL,NULL,NULL,0,NULL),(51,4,1,64,'IMPÔTS ET TAXES',6,0,NULL,NULL,'2016-10-22 16:44:49',NULL,NULL,NULL,NULL,0,NULL),(52,4,1,65,'AUTRES CHARGES',6,0,NULL,NULL,'2016-10-22 16:45:02',NULL,NULL,NULL,NULL,0,NULL),(53,4,1,66,'CHARGES DE PERSONNEL',6,0,NULL,NULL,'2016-10-22 16:45:18',NULL,NULL,NULL,NULL,0,NULL),(54,4,1,67,'FRAIS FINANCIERS ET CHARGES ASSIMILÉES',6,0,NULL,NULL,'2016-10-22 16:45:36',NULL,NULL,NULL,NULL,0,NULL),(55,4,1,68,'DOTATIONS AUX AMORTISSEMENTS',6,0,NULL,NULL,'2016-10-22 16:45:52',NULL,NULL,NULL,NULL,0,NULL),(56,4,1,69,'DOTATIONS AUX PROVISIONS',6,0,NULL,NULL,'2016-10-22 16:46:07',NULL,NULL,NULL,NULL,0,NULL),(57,4,1,70,'VENTES',7,0,NULL,NULL,'2016-10-22 16:47:00',NULL,NULL,NULL,NULL,0,NULL),(58,4,1,71,'71 SUBVENTIONS D\'EXPLOITATION',7,0,NULL,NULL,'2016-10-22 16:47:15',NULL,NULL,NULL,NULL,0,NULL),(59,4,1,72,'PRODUCTION IMMOBILISÉE',7,0,NULL,NULL,'2016-10-22 16:47:29',NULL,NULL,NULL,NULL,0,NULL),(60,4,1,73,'VARIATIONS DES STOCKS DE BIENS ET DE SERVICES PRODUITS',7,0,NULL,NULL,'2016-10-22 16:47:48',NULL,NULL,NULL,NULL,0,NULL),(61,4,1,75,'AUTRES PRODUITS',7,0,NULL,NULL,'2016-10-22 16:48:15',NULL,NULL,NULL,NULL,0,NULL),(62,4,1,77,'REVENUS FINANCIERS ET PRODUITS ASSIMILÉS',7,0,NULL,NULL,'2016-10-22 16:48:31',NULL,NULL,NULL,NULL,0,NULL),(63,4,1,78,'TRANSFERTS DE CHARGES',7,0,NULL,NULL,'2016-10-22 16:48:49',NULL,NULL,NULL,NULL,0,NULL),(64,4,1,79,'REPRISES DE PROVISIONS',7,0,NULL,NULL,'2016-10-22 16:49:07',NULL,NULL,NULL,NULL,0,NULL),(65,4,1,81,'VALEURS COMPTABLE DES CESSIONS D\'IMMOBILISATIONS',8,0,NULL,NULL,'2016-10-22 16:49:36',NULL,NULL,NULL,NULL,0,NULL),(66,4,1,82,'PRODUITS DES CESSIONS D\'IMMOBILISATIONS',8,0,NULL,NULL,'2016-10-22 16:49:50',NULL,NULL,NULL,NULL,0,NULL),(67,4,1,83,'CHARGES HORS ACTIVITES ORDINAIRES',8,0,NULL,NULL,'2016-10-22 16:50:03',NULL,NULL,NULL,NULL,0,NULL),(68,4,1,84,'PRODUITS HORS ACTIVITES ORDINAIRES',8,0,NULL,NULL,'2016-10-22 16:50:22',NULL,NULL,NULL,NULL,0,NULL),(69,4,1,85,'DOTATIONS HORS ACTIVITES ORDINAIRES',8,0,NULL,NULL,'2016-10-22 16:50:43',NULL,NULL,NULL,NULL,0,NULL),(70,4,1,86,'REPRISES HORS ACTIVITES ORDINAIRES',8,0,NULL,NULL,'2016-10-22 16:50:57',NULL,NULL,NULL,NULL,0,NULL),(71,4,1,88,'SUBVENTIONS D\'EQUILIBRE',8,0,NULL,NULL,'2016-10-22 16:51:15',NULL,NULL,NULL,NULL,0,NULL),(72,4,1,89,'IMPOTS SUR LE RESULTAT',8,0,NULL,NULL,'2016-10-22 16:51:30',NULL,NULL,NULL,NULL,0,NULL),(73,4,1,101,'Capital Social',9,0,NULL,NULL,'2016-10-22 16:56:20',NULL,NULL,NULL,NULL,0,NULL),(74,4,1,105,'Primes liées aux capitaux propres',9,0,NULL,NULL,'2016-10-22 16:56:46',NULL,NULL,NULL,NULL,0,NULL),(75,4,1,106,'Ecart de réévaluation',9,0,NULL,NULL,'2016-10-22 16:57:30',NULL,NULL,NULL,NULL,0,NULL),(76,4,1,109,'Actionnaire, Capital souscrit, non appelé',9,0,NULL,NULL,'2016-10-22 16:58:03',NULL,NULL,NULL,NULL,0,NULL),(77,4,1,1013,'Capital souscrit, appelé,  versé, non amorti',73,0,NULL,NULL,'2016-10-22 16:59:19',NULL,NULL,NULL,NULL,0,NULL),(81,3,1,10133000,'Compte - Capital souscrit, appelé,  versé, non amorti',77,0,NULL,NULL,'2016-10-22 17:25:29',NULL,NULL,NULL,NULL,0,NULL),(82,4,1,1052,'Primes d\'apport',74,0,NULL,NULL,'2016-10-22 20:55:08',NULL,NULL,NULL,NULL,0,NULL),(83,3,1,10521010,'Compte Primes d\'apport',82,0,NULL,NULL,'2016-10-22 20:56:08',NULL,NULL,NULL,NULL,0,NULL),(84,4,1,1053,'Primes de fusion',74,0,NULL,NULL,'2016-10-22 20:57:27',NULL,NULL,NULL,NULL,0,NULL),(85,3,1,10531010,'Compte Primes de fusion',84,0,NULL,NULL,'2016-10-22 20:58:15',NULL,NULL,NULL,NULL,0,NULL),(86,4,1,1054,'Primes de conversion',74,0,NULL,NULL,'2016-10-22 20:59:49',NULL,NULL,NULL,NULL,0,NULL),(87,3,1,10541010,'Compte Primes de conversion',86,0,NULL,NULL,'2016-10-22 21:00:28',NULL,NULL,NULL,NULL,0,NULL),(88,4,1,1061,'Ecart de réévaluation *',75,0,NULL,NULL,'2016-10-22 21:02:53',NULL,NULL,NULL,NULL,0,NULL),(89,3,1,10610000,'Ecart de réévaluation légal',88,0,NULL,NULL,'2016-10-22 21:03:47',NULL,NULL,NULL,NULL,0,NULL),(90,4,1,1091,'Actionnaire, Capital souscrit, non appelé *',76,0,NULL,NULL,'2016-10-22 21:06:36',NULL,NULL,NULL,NULL,0,NULL),(91,3,1,10911010,'Compte Actionnaire, Capital souscrit, non appelé',90,0,NULL,NULL,'2016-10-22 21:07:10',NULL,NULL,NULL,NULL,0,NULL),(92,4,1,111,'Reserve légale',10,0,NULL,NULL,'2016-10-22 23:39:20',NULL,NULL,NULL,NULL,0,NULL),(93,4,1,1111,'Reserve légale *',92,0,NULL,NULL,'2016-10-22 23:40:17',NULL,NULL,NULL,NULL,0,NULL),(94,3,1,11110000,'Compte Reserve légale',93,0,NULL,NULL,'2016-10-22 23:41:23',NULL,NULL,NULL,NULL,0,NULL),(95,4,1,112,'Reserve statutaires ou contractuelles',10,0,NULL,NULL,'2016-10-22 21:37:09',NULL,NULL,NULL,NULL,0,NULL),(96,4,1,118,'Autres reserves',10,0,NULL,NULL,'2016-10-22 21:37:09',NULL,NULL,NULL,NULL,0,NULL),(97,4,1,1121,'Reserve statutaires ou contractuelles *',95,0,NULL,NULL,'2016-10-22 21:37:09',NULL,NULL,NULL,NULL,0,NULL),(98,4,1,1181,'Autres reserves *',96,0,NULL,NULL,'2016-10-22 21:37:09',NULL,NULL,NULL,NULL,0,NULL),(99,4,1,1188,'Reserves diverses',96,0,NULL,NULL,'2016-10-22 21:37:09',NULL,NULL,NULL,NULL,0,NULL),(100,4,1,121,'Report à nouveau créditeur',11,0,NULL,NULL,'2016-10-22 21:37:09',NULL,NULL,NULL,NULL,0,NULL),(101,4,1,129,'Report à nouveau debiteur',11,0,NULL,NULL,'2016-10-22 21:37:09',NULL,NULL,NULL,NULL,0,NULL),(102,4,1,1211,'Report à nouveau créditeur *',100,0,NULL,NULL,'2016-10-22 21:37:09',NULL,NULL,NULL,NULL,0,NULL),(103,4,1,1291,'Perte nette à reporter',101,0,NULL,NULL,'2016-10-22 21:37:09',NULL,NULL,NULL,NULL,0,NULL),(104,4,1,1292,'Perte-Amortissements réputés différés',101,0,NULL,NULL,'2016-10-22 21:37:09',NULL,NULL,NULL,NULL,0,NULL),(105,4,1,130,'Résultat en instance d\'affectation',12,0,NULL,NULL,'2016-10-22 21:37:09',NULL,NULL,NULL,NULL,0,NULL),(106,4,1,131,'Résusltat net : Bénéfice',12,0,NULL,NULL,'2016-10-22 21:37:09',NULL,NULL,NULL,NULL,0,NULL),(107,4,1,139,'Résultat net: perte',12,0,NULL,NULL,'2016-10-22 21:37:09',NULL,NULL,NULL,NULL,0,NULL),(108,4,1,1301,'Résultat en instance d\'affectation: Benefice',105,0,NULL,NULL,'2016-10-22 21:37:09',NULL,NULL,NULL,NULL,0,NULL),(109,4,1,1309,'Résultat en instance d\'affectation: Perte',105,0,NULL,NULL,'2016-10-22 21:37:09',NULL,NULL,NULL,NULL,0,NULL),(111,4,1,1311,'Résusltat net : Bénéfice *',106,0,NULL,NULL,'2016-10-22 21:37:09',NULL,NULL,NULL,NULL,0,NULL),(112,4,1,1391,'Résultat net: perte *',107,0,NULL,NULL,'2016-10-22 21:37:09',NULL,NULL,NULL,NULL,0,NULL),(113,4,1,141,'Subventions d\'équipement',13,0,NULL,NULL,'2016-10-22 21:37:09',NULL,NULL,NULL,NULL,0,NULL),(114,4,1,1411,'Etat',113,0,NULL,NULL,'2016-10-22 21:37:09',NULL,NULL,NULL,NULL,0,NULL),(115,4,1,1417,'Entreprises et organismes privés',113,0,NULL,NULL,'2016-10-22 21:37:09',NULL,NULL,NULL,NULL,0,NULL),(116,4,1,1418,'Autres',113,0,NULL,NULL,'2016-10-22 21:37:09',NULL,NULL,NULL,NULL,0,NULL),(117,4,1,165,'Depots et Cautionnement recus *',14,0,NULL,NULL,'2016-10-22 21:37:09',NULL,NULL,NULL,NULL,0,NULL),(118,4,1,168,'Autres emprunts et dettes',14,0,NULL,NULL,'2016-10-22 21:37:09',NULL,NULL,NULL,NULL,0,NULL),(119,4,1,1651,'Depots',117,0,NULL,NULL,'2016-10-22 21:37:09',NULL,NULL,NULL,NULL,0,NULL),(120,4,1,1652,'Cautionnement',117,0,NULL,NULL,'2016-10-22 21:37:09',NULL,NULL,NULL,NULL,0,NULL),(121,4,1,1688,'Autres emprunts et dettes *',118,0,NULL,NULL,'2016-10-22 21:37:09',NULL,NULL,NULL,NULL,0,NULL),(122,4,1,172,'Emprunts équivalents de crédit-bail immobilier',15,0,NULL,NULL,'2016-10-22 21:37:09',NULL,NULL,NULL,NULL,0,NULL),(123,4,1,186,'Comptes de liaison charges',16,0,NULL,NULL,'2016-10-22 21:37:09',NULL,NULL,NULL,NULL,0,NULL),(124,4,1,187,'Comptes de liaison produits',16,0,NULL,NULL,'2016-10-22 21:37:09',NULL,NULL,NULL,NULL,0,NULL),(125,4,1,1861,'Comptes de liaison charges *',123,0,NULL,NULL,'2016-10-22 21:37:09',NULL,NULL,NULL,NULL,0,NULL),(126,4,1,1871,'Comptes de liaison produits *',124,0,NULL,NULL,'2016-10-22 21:37:09',NULL,NULL,NULL,NULL,0,NULL),(127,4,1,191,'Provisions pour litiges',17,0,NULL,NULL,'2016-10-22 21:37:09',NULL,NULL,NULL,NULL,0,NULL),(128,4,1,194,'Provisions pour pertes de change',17,0,NULL,NULL,'2016-10-22 21:37:09',NULL,NULL,NULL,NULL,0,NULL),(129,4,1,195,'Provisions pour impôts',17,0,NULL,NULL,'2016-10-22 21:37:09',NULL,NULL,NULL,NULL,0,NULL),(130,4,1,196,'Provisions pour pensions et obligations similaires',17,0,NULL,NULL,'2016-10-22 21:37:09',NULL,NULL,NULL,NULL,0,NULL),(131,4,1,197,'Provisions pour charges à repartir sur plusieurs exercices',17,0,NULL,NULL,'2016-10-22 21:37:09',NULL,NULL,NULL,NULL,0,NULL),(132,4,1,198,'Autres provisions financières pour risques et charges',17,0,NULL,NULL,'2016-10-22 21:37:09',NULL,NULL,NULL,NULL,0,NULL),(133,4,1,1911,'Provisions pour litiges *',127,0,NULL,NULL,'2016-10-22 21:37:09',NULL,NULL,NULL,NULL,0,NULL),(134,4,1,1941,'Provisions pour pertes de change *',128,0,NULL,NULL,'2016-10-22 21:37:09',NULL,NULL,NULL,NULL,0,NULL),(135,4,1,1951,'Provisions pour impôts *',129,0,NULL,NULL,'2016-10-22 21:37:09',NULL,NULL,NULL,NULL,0,NULL),(136,4,1,1961,'Provisions pour pensions et obligations similaires *',130,0,NULL,NULL,'2016-10-22 21:37:09',NULL,NULL,NULL,NULL,0,NULL),(137,4,1,1971,'Provisions pour charges à repartir sur plusieurs exercices *',131,0,NULL,NULL,'2016-10-22 21:37:09',NULL,NULL,NULL,NULL,0,NULL),(138,4,1,1981,'Autres provisions financières pour risques et charges *',132,0,NULL,NULL,'2016-10-22 21:37:09',NULL,NULL,NULL,NULL,0,NULL),(150,3,1,22321000,'Batiment Hopital',20,0,NULL,NULL,'2016-10-23 16:05:34',NULL,NULL,NULL,NULL,0,NULL),(151,3,1,23131000,'Batiment Hopital *',21,0,NULL,NULL,'2016-10-23 16:05:34',NULL,NULL,NULL,NULL,0,NULL),(152,3,1,24480040,'Mobiliers Hopital',21,0,NULL,NULL,'2016-10-23 16:05:34',NULL,NULL,NULL,NULL,0,NULL),(156,3,1,28310010,'Amortissement Batiments',24,0,NULL,NULL,'2016-10-23 16:05:34',NULL,NULL,NULL,NULL,0,NULL),(160,3,1,311,'MARCHANDISES A',26,0,NULL,NULL,'2016-10-23 16:05:34',NULL,NULL,NULL,NULL,0,NULL),(161,3,1,3111,'Medicaments',160,0,NULL,NULL,'2016-10-23 16:05:34',NULL,NULL,NULL,NULL,0,NULL),(162,2,1,31110010,'Medicaments en comprimes *',161,0,NULL,NULL,'2016-10-23 16:05:34',NULL,NULL,NULL,NULL,0,NULL),(163,2,1,31110011,'Medicaments en Sirop *',161,0,NULL,NULL,'2016-10-23 16:05:34',NULL,NULL,NULL,NULL,0,NULL),(170,4,1,4011,'Fournisseurs',32,0,NULL,NULL,'2016-10-23 16:05:34',NULL,NULL,NULL,NULL,0,NULL),(171,3,1,40111000,'SNEL',170,0,NULL,NULL,'2016-10-23 16:05:34',NULL,NULL,NULL,NULL,0,NULL),(172,3,1,40111001,'REGIDESO',170,0,NULL,NULL,'2016-10-23 16:05:34',NULL,NULL,NULL,NULL,0,NULL),(173,4,1,4111,'Client (Groupe Debiteur)',32,0,NULL,NULL,'2016-10-23 16:05:34',NULL,NULL,NULL,NULL,0,NULL),(174,3,1,41111010,'CHURCH',173,0,NULL,NULL,'2016-10-23 16:05:34',NULL,NULL,NULL,NULL,0,NULL),(175,3,1,41111011,'NGO',173,0,NULL,NULL,'2016-10-23 16:05:34',NULL,NULL,NULL,NULL,0,NULL),(176,3,1,41111012,'CASH PAYMENT CLIENT',173,0,NULL,NULL,'2016-10-23 16:05:34',NULL,NULL,NULL,NULL,0,NULL),(177,3,1,41111013,'GUEST HOUSE',173,0,NULL,NULL,'2016-10-23 16:05:34',NULL,NULL,NULL,NULL,0,NULL),(178,4,1,422,'REMUNERATION DUE',34,0,NULL,NULL,'2016-10-23 16:05:34',NULL,NULL,NULL,NULL,0,NULL),(179,3,1,42210010,'Salaires à payer',178,0,NULL,NULL,'2016-10-23 16:05:34',NULL,NULL,NULL,NULL,0,NULL),(180,3,1,521,'Banques locales',41,0,NULL,NULL,'2016-10-23 16:05:34',NULL,NULL,NULL,NULL,0,NULL),(181,3,1,5211,'Banques en Franc congolais',180,0,NULL,NULL,'2016-10-23 16:05:34',NULL,NULL,NULL,NULL,0,NULL),(182,2,1,52111010,'BCDC CDF',181,0,NULL,NULL,'2016-10-23 16:05:34',NULL,NULL,NULL,NULL,0,NULL),(183,3,1,5212,'Banques locales en Devises',180,0,NULL,NULL,'2016-10-23 16:05:34',NULL,NULL,NULL,NULL,0,NULL),(184,2,1,52121010,'BCDC USD',183,0,NULL,NULL,'2016-10-23 16:05:34',NULL,NULL,NULL,NULL,0,NULL),(185,3,1,571,'Caisse HOPITAL',44,0,NULL,NULL,'2016-10-23 16:05:34',NULL,NULL,NULL,NULL,0,NULL),(186,3,1,5711,'Caisse en franc congolais',185,0,NULL,NULL,'2016-10-23 16:05:34',NULL,NULL,NULL,NULL,0,NULL),(187,2,1,57110010,'Caisse Principale CDF',186,0,NULL,NULL,'2016-10-23 16:05:34',NULL,NULL,NULL,NULL,0,NULL),(188,2,1,57110011,'Caisse Auxiliaire CDF',187,0,NULL,NULL,'2016-10-23 16:05:34',NULL,NULL,NULL,NULL,0,NULL),(189,3,1,5712,'Caisse en devises',185,0,NULL,NULL,'2016-10-23 16:05:34',NULL,NULL,NULL,NULL,0,NULL),(190,2,1,57120010,'Caisse Principale USD',189,0,NULL,NULL,'2016-10-23 16:05:34',NULL,NULL,NULL,NULL,0,NULL),(191,2,1,57120011,'Caisse Auxiliaire USD',189,0,NULL,NULL,'2016-10-23 16:05:34',NULL,NULL,NULL,NULL,0,NULL),(192,3,1,585,'Virement des fonds',45,0,NULL,NULL,'2016-10-23 16:05:34',NULL,NULL,NULL,NULL,0,NULL),(193,3,1,5851,'Virement des fonds *',192,0,NULL,NULL,'2016-10-23 16:05:34',NULL,NULL,NULL,NULL,0,NULL),(194,2,1,58511010,'Virement des fonds Caisse Auxiliaire - Caisse Principale USD',193,0,NULL,NULL,'2016-10-23 16:05:34',NULL,NULL,NULL,NULL,0,NULL),(195,2,1,58511011,'Virement des fonds Caisse Principale - Caisse Auxiliaire USD',193,0,NULL,NULL,'2016-10-23 16:05:34',NULL,NULL,NULL,NULL,0,NULL),(196,2,1,58511012,'Virement des fonds Banque-Caisse Principale USD',193,0,NULL,NULL,'2016-10-23 16:05:34',NULL,NULL,NULL,NULL,0,NULL),(197,2,1,58511013,'Virement des fonds Caisse Auxiliaire - Caisse Principale CDF',193,0,NULL,NULL,'2016-10-23 16:05:34',NULL,NULL,NULL,NULL,0,NULL),(198,2,1,58511014,'Virement des fonds Caisse Principale - Caisse Auxiliaire CDF',193,0,NULL,NULL,'2016-10-23 16:05:34',NULL,NULL,NULL,NULL,0,NULL),(199,2,1,58511015,'Virement des fonds Banque-Caisse Principale CDF',193,0,NULL,NULL,'2016-10-23 16:05:34',NULL,NULL,NULL,NULL,0,NULL),(200,4,1,601,'ACHATS DE MARCHANDISES',47,0,NULL,NULL,'2016-10-23 16:05:34',NULL,NULL,NULL,NULL,0,NULL),(201,3,1,60111010,'Achat Médicaments en comprimés',200,0,NULL,NULL,'2016-10-23 16:05:34',NULL,NULL,NULL,NULL,0,NULL),(202,3,1,60111011,'Achat Médicaments en Sirop',200,0,NULL,NULL,'2016-10-23 16:05:34',NULL,NULL,NULL,NULL,0,NULL),(203,3,1,60111012,'Achat Médicaments en crème',200,0,NULL,NULL,'2016-10-23 16:05:34',NULL,NULL,NULL,NULL,0,NULL),(204,3,1,60111013,'Achat Médicaments en Poudre et Capsul',200,0,NULL,NULL,'2016-10-23 16:05:34',NULL,NULL,NULL,NULL,0,NULL),(205,3,1,60111014,'Achat Injectables',200,0,NULL,NULL,'2016-10-23 16:05:34',NULL,NULL,NULL,NULL,0,NULL),(206,3,1,60111015,'Achat Produit  de Perfusion',200,0,NULL,NULL,'2016-10-23 16:05:34',NULL,NULL,NULL,NULL,0,NULL),(207,3,1,60111016,'Achat Produits Ophtamologiques',200,0,NULL,NULL,'2016-10-23 16:05:34',NULL,NULL,NULL,NULL,0,NULL),(208,4,1,603,'VARIATIONS DES STOCKS DE BIENS ACHETÉS',47,0,NULL,NULL,'2016-10-23 16:05:34',NULL,NULL,NULL,NULL,0,NULL),(209,3,1,60310010,'Médicaments en comprimés',208,0,NULL,NULL,'2016-10-23 16:05:34',NULL,NULL,NULL,NULL,0,NULL),(210,3,1,60310011,'Médicaments en Sirop',208,0,NULL,NULL,'2016-10-23 16:05:34',NULL,NULL,NULL,NULL,0,NULL),(211,3,1,60310012,'Achat Médicaments en crème',208,0,NULL,NULL,'2016-10-23 16:05:34',NULL,NULL,NULL,NULL,0,NULL),(212,3,1,60310013,'Achat Médicaments en Poudre et Capsul',208,0,NULL,NULL,'2016-10-23 16:05:34',NULL,NULL,NULL,NULL,0,NULL),(213,3,1,60310014,'Achat Injectables',208,0,NULL,NULL,'2016-10-23 16:05:34',NULL,NULL,NULL,NULL,0,NULL),(214,3,1,60310015,'Achat Produit  de Perfusion',208,0,NULL,NULL,'2016-10-23 16:05:34',NULL,NULL,NULL,NULL,0,NULL),(215,3,1,60310016,'Achat Produits Ophtamologiques',208,0,NULL,NULL,'2016-10-23 16:05:34',NULL,NULL,NULL,NULL,0,NULL),(216,4,1,605,'AUTRES ACHATS',47,0,NULL,NULL,'2016-10-23 16:05:34',NULL,NULL,NULL,NULL,0,NULL),(217,3,1,60511010,'Eau',216,0,NULL,NULL,'2016-10-23 16:05:34',NULL,NULL,NULL,NULL,0,NULL),(218,3,1,60521010,'Electricité',216,0,NULL,NULL,'2016-10-23 16:05:34',NULL,NULL,NULL,NULL,0,NULL),(219,4,1,661,'RÉMUNÉRATIONS DIRECTES VERSÉES AU PERSONNEL NATIONAL',53,0,NULL,NULL,'2016-10-23 16:05:34',NULL,NULL,NULL,NULL,0,NULL),(220,3,1,66110011,'Remunération Personnel',219,0,NULL,NULL,'2016-10-23 16:05:34',NULL,NULL,NULL,NULL,0,NULL),(221,4,1,676,'PERTES DE CHANGE',54,0,NULL,NULL,'2016-10-23 16:05:34',NULL,NULL,NULL,NULL,0,NULL),(222,3,1,67611010,'Différences de change',221,0,NULL,NULL,'2016-10-23 16:05:34',NULL,NULL,NULL,NULL,0,NULL),(240,3,1,701,'VENTES DE MARCHANDISES',57,0,NULL,NULL,'2016-10-23 16:05:34',NULL,NULL,NULL,NULL,0,NULL),(241,3,1,7011,'Vente des medicaments dans la Region Ohada',240,0,NULL,NULL,'2016-10-23 16:05:34',NULL,NULL,NULL,NULL,0,NULL),(242,1,1,70111010,'Vente Medicaments en comprimes',241,0,NULL,NULL,'2016-10-23 16:05:34',NULL,NULL,NULL,NULL,0,NULL),(243,1,1,70111011,'Vente Medicaments en Sirop',241,0,NULL,NULL,'2016-10-23 16:05:34',NULL,NULL,NULL,NULL,0,NULL),(244,3,1,706,'SERVICES VENDUS',57,0,NULL,NULL,'2016-10-23 16:05:34',NULL,NULL,NULL,NULL,0,NULL),(245,3,1,7061,'Services vendus dans la Region ohada',244,0,NULL,NULL,'2016-10-23 16:05:34',NULL,NULL,NULL,NULL,0,NULL),(246,1,1,70611010,'Consultations',245,0,NULL,NULL,'2016-10-23 16:05:34',NULL,NULL,NULL,NULL,0,NULL),(247,1,1,70611011,'Optique',245,0,NULL,NULL,'2016-10-23 16:05:34',NULL,NULL,NULL,NULL,0,NULL),(248,1,1,70611012,'Hospitalisation',245,0,NULL,NULL,'2016-10-23 16:05:34',NULL,NULL,NULL,NULL,0,NULL),(249,1,1,70611017,'Administration',245,0,NULL,1,'2016-10-23 16:05:34',NULL,NULL,NULL,NULL,0,NULL),(250,1,1,70611036,'URGENCES',245,0,NULL,NULL,'2016-10-23 16:05:34',NULL,NULL,NULL,NULL,0,NULL),(251,3,1,754,'PRODUITS DES CESSIONS D IMMOBILISATIONS',61,0,NULL,NULL,'2016-10-23 16:05:34',NULL,NULL,NULL,NULL,0,NULL),(252,1,1,75411010,'Produits des Cessions d Immobilisations *',251,0,NULL,NULL,'2016-10-23 16:05:34',NULL,NULL,NULL,NULL,0,NULL),(253,3,1,758,'PRODUITS DIVERS',61,0,NULL,NULL,'2016-10-23 16:05:34',7,0,NULL,NULL,0,0),(254,3,1,7581,'Jetons de presence et autres remunerations d administrateurs',253,0,NULL,NULL,'2016-10-23 16:05:34',NULL,NULL,NULL,NULL,0,NULL),(255,1,1,75811010,'Jeton de presence',254,0,NULL,NULL,'2016-10-23 16:05:34',NULL,NULL,NULL,NULL,0,NULL),(256,1,1,75811011,'Autres remunerations d administrateurs',254,0,NULL,1,'2016-10-23 16:05:34',NULL,NULL,NULL,NULL,0,NULL),(257,3,1,7582,'Indemnites d?assurances recues',253,0,NULL,NULL,'2016-10-23 16:05:34',NULL,NULL,NULL,NULL,0,NULL),(258,1,1,75821010,'Indemnites d\'assurances recues',257,0,NULL,NULL,'2016-10-23 16:05:34',NULL,NULL,NULL,NULL,0,NULL),(259,3,1,7588,'Autres Produits divers',253,0,NULL,NULL,'2016-10-23 16:05:34',NULL,NULL,NULL,NULL,0,NULL),(260,1,1,75881010,'Autres revenus',259,0,NULL,1,'2016-10-23 16:05:34',NULL,NULL,NULL,NULL,0,NULL),(261,3,1,771,'INTERETS DE PRETS',62,0,NULL,NULL,'2016-10-23 16:05:34',NULL,NULL,NULL,NULL,0,NULL),(262,1,1,77111010,'Interets de Prets *',261,0,NULL,1,'2016-10-23 16:05:34',NULL,NULL,NULL,NULL,0,NULL),(264,3,1,773,'ESCOMPTES OBTENUS',62,0,NULL,NULL,'2016-10-23 16:05:34',NULL,NULL,NULL,NULL,0,NULL),(265,1,1,77311010,'Escomptes obtenus *',264,0,NULL,NULL,'2016-10-23 16:05:34',NULL,NULL,NULL,NULL,0,NULL),(266,3,1,776,'GAINS DE CHANGE',62,0,NULL,NULL,'2016-10-23 16:05:34',NULL,NULL,NULL,NULL,0,NULL),(267,1,1,77611010,'Gain de change *',266,0,NULL,1,'2016-10-23 16:05:34',NULL,NULL,NULL,NULL,0,NULL),(280,3,1,81111010,'Compte Immobilisations incorporelles',65,0,NULL,NULL,'2016-10-23 16:05:34',NULL,NULL,NULL,NULL,0,NULL),(281,3,1,81211010,'Compte Immobilisations corporelles',65,0,NULL,NULL,'2016-10-23 16:05:34',NULL,NULL,NULL,NULL,0,NULL),(282,3,1,81611010,'Compte Immobilisations financières',65,0,NULL,NULL,'2016-10-23 16:05:34',NULL,NULL,NULL,NULL,0,NULL);
/*!40000 ALTER TABLE `account` ENABLE KEYS */;

--
-- Dumping data for table `assignation_patient`
--

/*!40000 ALTER TABLE `assignation_patient` DISABLE KEYS */;
/*!40000 ALTER TABLE `assignation_patient` ENABLE KEYS */;

--
-- Dumping data for table `billing_service`
--

/*!40000 ALTER TABLE `billing_service` DISABLE KEYS */;
/*!40000 ALTER TABLE `billing_service` ENABLE KEYS */;

--
-- Dumping data for table `budget`
--

/*!40000 ALTER TABLE `budget` DISABLE KEYS */;
/*!40000 ALTER TABLE `budget` ENABLE KEYS */;

--
-- Dumping data for table `cash`
--

/*!40000 ALTER TABLE `cash` DISABLE KEYS */;
INSERT INTO `cash` (`uuid`, `project_id`, `reference`, `date`, `debtor_uuid`, `currency_id`, `amount`, `user_id`, `cashbox_id`, `description`, `is_caution`, `created_at`, `reversed`) VALUES (0x053894D4A0E0432EB91EAC2AA6B8971E,1,11,'2015-11-17 08:24:08',0x6FCFA05DD76E4DB38CEC53AC899D4388,2,1.9400,1,1,'Paiement par Jonathon Meyer (PA.HSP.2) contre les facture(s) IV.HSP.3. -- ',0,'2015-11-17 08:24:11',0),(0x1866847738534D3AA7182C92C47BD199,1,23,'2016-11-22 14:48:08',0x5AD91E12A3D84717AA4BC787723F47DC,2,0.3500,1,1,'Paiement par Hugo Ingram (PA.HSP.19) contre les facture(s) IV.HSP.45. -- ',0,'2016-11-22 14:48:11',0),(0x2714BB438FCC4E278DAF3919A31EA8A3,1,24,'2016-12-18 09:41:09',0xEFAC864E6C194BFABEFD9D685FC781C2,2,0.3000,1,1,'Paiement par Glenn Grant (PA.HSP.9) contre les facture(s) IV.HSP.37. -- ',0,'2016-12-18 09:41:12',0),(0x2DCF5DA769A6499785B7A14BC5D44FC0,1,4,'2015-04-16 16:45:09',0x37B71201166349BF91455B94FD684A86,2,3.3200,1,1,'Paiement par Salvador Barker (PA.HSP.1) contre les facture(s) IV.HSP.5. -- ',0,'2015-04-16 16:45:11',0),(0x2E05D097C6E5425880D7D98A35FF5629,1,6,'2015-06-19 09:05:07',0xF306A04AC9C942098D2D770C7CD460C9,2,1.6400,1,1,'Paiement par Justin Berry (PA.HSP.3) contre les facture(s) IV.HSP.7. -- ',0,'2015-06-19 09:05:10',0),(0x3A62458DE3CA4DC091A192A7A7FCD339,1,18,'2016-06-22 10:10:08',0xF306A04AC9C942098D2D770C7CD460C9,2,0.4700,1,1,'Paiement par Justin Berry (PA.HSP.3) contre les facture(s) IV.HSP.11. -- ',0,'2016-06-22 10:10:11',0),(0x4C41121490034105AA898CBD97A94403,1,8,'2015-08-19 16:13:06',0x8BB566B220514B1788EAF9C8B527F819,2,0.1600,1,1,'Paiement par Herman Butler (PA.HSP.4) contre les facture(s) IV.HSP.12. -- ',0,'2015-08-19 16:13:09',0),(0x4EC24FFED7CB4C9F860D1E8CA71A4BBA,1,5,'2015-05-18 09:47:09',0x3C9BFB37D4D8428FBBBDC2C96AE64E4D,2,22.9400,1,1,'Paiement par Marcus Medina (PA.HSP.5) contre les facture(s) IV.HSP.9. -- ',0,'2015-05-18 09:47:12',0),(0x633F0D5FC7574F31A297D4D79B23EF9D,1,19,'2016-07-19 14:18:06',0x8BB566B220514B1788EAF9C8B527F819,2,0.8400,1,1,'Paiement par Herman Butler (PA.HSP.4) contre les facture(s) IV.HSP.18. -- ',0,'2016-07-19 14:18:09',0),(0x68740297593C49FEBF7CAD8AFCCF1ABD,1,20,'2016-08-19 08:30:08',0x53FDB91D3B4E480A92274AE2C09F3423,2,3.6100,1,1,'Paiement par Eva Lewis (PA.HSP.11) contre les facture(s) IV.HSP.21. -- ',0,'2016-08-19 08:30:11',0),(0x7E14C23428AD4579892F0D724FF5649C,1,17,'2016-05-21 16:24:06',0x37B71201166349BF91455B94FD684A86,2,1.5300,1,1,'Paiement par Salvador Barker (PA.HSP.1) contre les facture(s) IV.HSP.31. -- ',0,'2016-05-21 16:24:09',0),(0x87668890C8764ACA8F63CBD2A482BC25,1,12,'2015-12-22 15:06:08',0xF306A04AC9C942098D2D770C7CD460C9,2,2.2500,1,1,'Paiement par Justin Berry (PA.HSP.3) contre les facture(s) IV.HSP.8. -- ',0,'2015-12-22 15:06:11',0),(0x9169E164AD3944BFB37B9E472586A421,1,7,'2015-07-22 14:17:07',0x37B71201166349BF91455B94FD684A86,2,0.3000,1,1,'Paiement par Salvador Barker (PA.HSP.1) contre les facture(s) IV.HSP.13. -- ',0,'2015-07-22 14:17:10',0),(0x923AE3AA28B341BBA48FA28294B84E4F,1,1,'2015-01-17 08:01:10',0x37B71201166349BF91455B94FD684A86,2,3.4900,1,1,'Paiement par Salvador Barker (PA.HSP.1) contre les facture(s) IV.HSP.1. -- ',0,'2015-01-17 08:01:13',0),(0x9E3DD221D9D64E17924DDC03ADC68187,1,15,'2016-03-16 08:01:08',0x37B71201166349BF91455B94FD684A86,2,0.0900,1,1,'Paiement par Salvador Barker (PA.HSP.1) contre les facture(s) IV.HSP.25. -- ',0,'2016-03-16 08:01:11',0),(0x9FC5815278894598B60B9CB1B4E7803B,1,21,'2016-09-22 08:50:08',0x6FCFA05DD76E4DB38CEC53AC899D4388,2,56.9900,1,1,'Paiement par Jonathon Meyer (PA.HSP.2) contre les facture(s) IV.HSP.10. -- ',0,'2016-09-22 08:50:10',0),(0xA18CB73140C6482E8618D4F0297D7EDC,1,9,'2015-09-17 11:07:08',0x48E2AE2740D943EDB794245EB47FFE89,2,1.5100,1,1,'Paiement par Clayton Ruiz (PA.HSP.6) contre les facture(s) IV.HSP.16. -- ',0,'2015-09-17 11:07:11',0),(0xAF9EF7FC66754957985DC5C73C811837,1,3,'2015-03-16 15:30:07',0x37B71201166349BF91455B94FD684A86,2,0.8000,1,1,'Paiement par Salvador Barker (PA.HSP.1) contre les facture(s) IV.HSP.4. -- ',0,'2015-03-16 15:30:09',0),(0xB39A0C0ABC7646BA95B266760B601D19,1,13,'2016-01-22 14:07:07',0x37B71201166349BF91455B94FD684A86,2,1.7000,1,1,'Paiement par Salvador Barker (PA.HSP.1) contre les facture(s) IV.HSP.23. -- ',0,'2016-01-22 14:07:10',0),(0xBE16A5B6D42E44FC91F4836274A57F78,1,10,'2015-10-17 09:14:09',0x3C9BFB37D4D8428FBBBDC2C96AE64E4D,2,0.3000,1,1,'Paiement par Marcus Medina (PA.HSP.5) contre les facture(s) IV.HSP.15. -- ',0,'2015-10-17 09:14:11',0),(0xD22BF6D291844433ACA7D2233D9C06C1,1,2,'2015-02-22 12:34:09',0x37B71201166349BF91455B94FD684A86,2,1.0700,1,1,'Paiement par Salvador Barker (PA.HSP.1) contre les facture(s) IV.HSP.2. -- ',0,'2015-02-22 12:34:12',0),(0xDEC7B78162924D10B1F7805E11448AAB,1,16,'2016-04-20 12:26:09',0x1E6A5B4F0ECD4B318093086B41E602E1,2,2.8900,1,1,'Paiement par Rosemary Stokes (PA.HSP.7) contre les facture(s) IV.HSP.28. -- ',0,'2016-04-20 12:26:11',0),(0xECB3CDCF6F8542E6A65A6337DA097421,1,22,'2016-10-16 13:26:06',0x1E6A5B4F0ECD4B318093086B41E602E1,2,0.6000,1,1,'Paiement par Rosemary Stokes (PA.HSP.7) contre les facture(s) IV.HSP.43. -- ',0,'2016-10-16 13:26:09',0),(0xF1A4D58557CD46839D32B6E46F633553,1,14,'2016-02-17 10:18:07',0x6FCFA05DD76E4DB38CEC53AC899D4388,2,0.0300,1,1,'Paiement par Jonathon Meyer (PA.HSP.2) contre les facture(s) IV.HSP.6. -- ',0,'2016-02-17 10:18:10',0);
/*!40000 ALTER TABLE `cash` ENABLE KEYS */;

--
-- Dumping data for table `cash_box`
--

/*!40000 ALTER TABLE `cash_box` DISABLE KEYS */;
INSERT INTO `cash_box` (`id`, `label`, `project_id`, `is_auxiliary`) VALUES (1,'Hospital Cash Window',1,1),(2,'Hospital Primary Cashbox',1,0);
/*!40000 ALTER TABLE `cash_box` ENABLE KEYS */;

--
-- Dumping data for table `cash_box_account_currency`
--

/*!40000 ALTER TABLE `cash_box_account_currency` DISABLE KEYS */;
INSERT INTO `cash_box_account_currency` (`id`, `currency_id`, `cash_box_id`, `account_id`, `transfer_account_id`) VALUES (1,1,1,188,197),(2,2,1,191,194),(3,1,2,187,198),(4,2,2,190,195);
/*!40000 ALTER TABLE `cash_box_account_currency` ENABLE KEYS */;

--
-- Dumping data for table `cash_item`
--

/*!40000 ALTER TABLE `cash_item` DISABLE KEYS */;
INSERT INTO `cash_item` (`uuid`, `cash_uuid`, `amount`, `invoice_uuid`) VALUES (0x08B52B8260C6458CBB4C63CC6DAAB141,0xECB3CDCF6F8542E6A65A6337DA097421,0.6000,0xDDC8B681615244FAB4020521BF415F01),(0x16C6067A09FE4BADBD23890F9EF011C6,0xAF9EF7FC66754957985DC5C73C811837,0.8000,0x4231D280EB6348BEBAD2FBFEA22A9E22),(0x23572C1433F04BDCB9F6B1F02CEC5815,0x3A62458DE3CA4DC091A192A7A7FCD339,0.4696,0x83C32EABFB734DBAA89FF9BD3057A108),(0x269FBB1ECBCE4674818B35FBFE560EBC,0xD22BF6D291844433ACA7D2233D9C06C1,1.0700,0xE75E7ED81CDC433C85B2A73C1212A6BF),(0x42755C12072A4229A0E888AB99E3F416,0xA18CB73140C6482E8618D4F0297D7EDC,1.5100,0xAFFC169643E0407090195EBC3EFD611F),(0x4BA54C8FFA1A45F0ACDF7C23A527F791,0x4EC24FFED7CB4C9F860D1E8CA71A4BBA,22.9400,0x46A63CC3484141038BEE4AE8A0C8AA7A),(0x5E8E99B4F46B47258925F1B8F95C8BB3,0x4C41121490034105AA898CBD97A94403,0.1600,0xEA61B86583754A8B985E9B64E00E7784),(0x6BE39717082146F59B59D0B367F6E069,0x9169E164AD3944BFB37B9E472586A421,0.3000,0xA7D49B889E5E4C5C9B2F0C419F4F85F4),(0x79154D4E4B28482D91E8A8C3E2A56CD7,0x2714BB438FCC4E278DAF3919A31EA8A3,0.3000,0xC89BC93C54254B7CB30A945725271260),(0x9BF611172BB74630A8542221E1941ED6,0x053894D4A0E0432EB91EAC2AA6B8971E,1.9371,0x8ED7CA03A06C498A9DDA617B755AAEB6),(0x9E57A061D13D4F5D83232009E352D9E7,0x87668890C8764ACA8F63CBD2A482BC25,2.2500,0x763305E9349A45E6B33E1A345B33F2CD),(0xA095A075339F451083FDA424ACFFC5D7,0x1866847738534D3AA7182C92C47BD199,0.3500,0x909384D905D54AEC9EC9F5F3624DCB4E),(0xB8F750C779254B8992CBCD3299ED8F6B,0x9E3DD221D9D64E17924DDC03ADC68187,0.0900,0x25C5DED97DD64D87B2CB62FF65E37903),(0xBDD7180BF6754EB8A3DA9C3B303FA8FC,0x9FC5815278894598B60B9CB1B4E7803B,56.9900,0x8FB5DC6E6C6140BDBB7D1C17A9039C28),(0xBF621E1DB41D46A9BB342CF34D59C1FA,0x7E14C23428AD4579892F0D724FF5649C,1.5285,0xD75B402FDE1D4B5C83185E7021EFFC74),(0xBF9884C9C4BB411984058E00464B3C91,0x2E05D097C6E5425880D7D98A35FF5629,1.6380,0x303B106D65EC42A2BEC661A3DA646F8A),(0xE4B1C8B5EBC54802AFE0772FA34BF89E,0x633F0D5FC7574F31A297D4D79B23EF9D,0.8400,0x0B6FC3FF485A45B5ABEC9AFE02DFC8FC),(0xE5FC9B800D5046F7B6E1E13A90B84E2C,0xBE16A5B6D42E44FC91F4836274A57F78,0.3000,0x81B9336FCA094DA680A4414F33957D23),(0xEBFBF487B3D9469BA152A0358AADB9BF,0x68740297593C49FEBF7CAD8AFCCF1ABD,3.6100,0x2B35AE8982AD4B94882CC22548D0E6DE),(0xED3B3DD006E34DF59C69C0F19A46391F,0xDEC7B78162924D10B1F7805E11448AAB,2.8870,0xD2BC02D4602446AA83A4E5BE112C8E5C),(0xF11B96FC22544A81BE8C1684C15C9224,0x2DCF5DA769A6499785B7A14BC5D44FC0,3.3200,0xC477F95659AB4F1B8B355DF18B212BA1),(0xF3FBF03E6DEB4F96A2888DD1EFFD0DD1,0x923AE3AA28B341BBA48FA28294B84E4F,3.4900,0x9B3CED7674B0463AB580603C34C009D5),(0xF6E2A01ABB4345FB84F6EEB7DBAF2882,0xB39A0C0ABC7646BA95B266760B601D19,1.6955,0xC3B9747BCBBF472FAEE790E1DF001DAF),(0xFB0429EABC9549018B3BABF370A09DAA,0xF1A4D58557CD46839D32B6E46F633553,0.0300,0x8497C5C37DAD44828A9CB0F22824C735);
/*!40000 ALTER TABLE `cash_item` ENABLE KEYS */;

--
-- Dumping data for table `config_accounting`
--

/*!40000 ALTER TABLE `config_accounting` DISABLE KEYS */;
/*!40000 ALTER TABLE `config_accounting` ENABLE KEYS */;

--
-- Dumping data for table `config_cotisation`
--

/*!40000 ALTER TABLE `config_cotisation` DISABLE KEYS */;
/*!40000 ALTER TABLE `config_cotisation` ENABLE KEYS */;

--
-- Dumping data for table `config_cotisation_item`
--

/*!40000 ALTER TABLE `config_cotisation_item` DISABLE KEYS */;
/*!40000 ALTER TABLE `config_cotisation_item` ENABLE KEYS */;

--
-- Dumping data for table `config_paiement_period`
--

/*!40000 ALTER TABLE `config_paiement_period` DISABLE KEYS */;
/*!40000 ALTER TABLE `config_paiement_period` ENABLE KEYS */;

--
-- Dumping data for table `config_rubric`
--

/*!40000 ALTER TABLE `config_rubric` DISABLE KEYS */;
/*!40000 ALTER TABLE `config_rubric` ENABLE KEYS */;

--
-- Dumping data for table `config_rubric_item`
--

/*!40000 ALTER TABLE `config_rubric_item` DISABLE KEYS */;
/*!40000 ALTER TABLE `config_rubric_item` ENABLE KEYS */;

--
-- Dumping data for table `config_tax`
--

/*!40000 ALTER TABLE `config_tax` DISABLE KEYS */;
/*!40000 ALTER TABLE `config_tax` ENABLE KEYS */;

--
-- Dumping data for table `config_tax_item`
--

/*!40000 ALTER TABLE `config_tax_item` DISABLE KEYS */;
/*!40000 ALTER TABLE `config_tax_item` ENABLE KEYS */;

--
-- Dumping data for table `consumption`
--

/*!40000 ALTER TABLE `consumption` DISABLE KEYS */;
/*!40000 ALTER TABLE `consumption` ENABLE KEYS */;

--
-- Dumping data for table `consumption_loss`
--

/*!40000 ALTER TABLE `consumption_loss` DISABLE KEYS */;
/*!40000 ALTER TABLE `consumption_loss` ENABLE KEYS */;

--
-- Dumping data for table `consumption_patient`
--

/*!40000 ALTER TABLE `consumption_patient` DISABLE KEYS */;
/*!40000 ALTER TABLE `consumption_patient` ENABLE KEYS */;

--
-- Dumping data for table `consumption_service`
--

/*!40000 ALTER TABLE `consumption_service` DISABLE KEYS */;
/*!40000 ALTER TABLE `consumption_service` ENABLE KEYS */;

--
-- Dumping data for table `cost_center`
--

/*!40000 ALTER TABLE `cost_center` DISABLE KEYS */;
/*!40000 ALTER TABLE `cost_center` ENABLE KEYS */;

--
-- Dumping data for table `cost_center_assignation`
--

/*!40000 ALTER TABLE `cost_center_assignation` DISABLE KEYS */;
/*!40000 ALTER TABLE `cost_center_assignation` ENABLE KEYS */;

--
-- Dumping data for table `cost_center_assignation_item`
--

/*!40000 ALTER TABLE `cost_center_assignation_item` DISABLE KEYS */;
/*!40000 ALTER TABLE `cost_center_assignation_item` ENABLE KEYS */;

--
-- Dumping data for table `cotisation`
--

/*!40000 ALTER TABLE `cotisation` DISABLE KEYS */;
/*!40000 ALTER TABLE `cotisation` ENABLE KEYS */;

--
-- Dumping data for table `cotisation_paiement`
--

/*!40000 ALTER TABLE `cotisation_paiement` DISABLE KEYS */;
/*!40000 ALTER TABLE `cotisation_paiement` ENABLE KEYS */;

--
-- Dumping data for table `country`
--

/*!40000 ALTER TABLE `country` DISABLE KEYS */;
INSERT INTO `country` (`uuid`, `name`) VALUES (0xDBE330B65CDE48308C30DC00ECCD1A5F,'République Démocratique du Congo'),(0xDBE330B65CDE48308C30DC00ECCD1A51,'Test Hook Country');
/*!40000 ALTER TABLE `country` ENABLE KEYS */;

--
-- Dumping data for table `creditor`
--

/*!40000 ALTER TABLE `creditor` DISABLE KEYS */;
/*!40000 ALTER TABLE `creditor` ENABLE KEYS */;

--
-- Dumping data for table `creditor_group`
--

/*!40000 ALTER TABLE `creditor_group` DISABLE KEYS */;
/*!40000 ALTER TABLE `creditor_group` ENABLE KEYS */;

--
-- Dumping data for table `critere`
--

/*!40000 ALTER TABLE `critere` DISABLE KEYS */;
/*!40000 ALTER TABLE `critere` ENABLE KEYS */;

--
-- Dumping data for table `debtor`
--

/*!40000 ALTER TABLE `debtor` DISABLE KEYS */;
INSERT INTO `debtor` (`uuid`, `group_uuid`, `text`) VALUES (0x0261EEF2E38843B7A44826F8EF148AE9,0x21727EB0608A4FBD811E93D49FADBD22,'Patient/Javier Baker'),(0x19559547F92149DE9EBF373A32355D97,0x21727EB0608A4FBD811E93D49FADBD22,'Patient/Benny Griffith'),(0x19ADF743226C4B629BF845D82569E558,0x21727EB0608A4FBD811E93D49FADBD22,'Patient/Audrey Burke'),(0x1E6A5B4F0ECD4B318093086B41E602E1,0x21727EB0608A4FBD811E93D49FADBD22,'Patient/Rosemary Stokes'),(0x37B71201166349BF91455B94FD684A86,0x650CC2DC60AC4E39B873CBF65E6C61AA,'Patient/Salvador Barker'),(0x3C9BFB37D4D8428FBBBDC2C96AE64E4D,0x21727EB0608A4FBD811E93D49FADBD22,'Patient/Marcus Medina'),(0x4761C167D8DB484CA827EBBA6D33B46F,0x21727EB0608A4FBD811E93D49FADBD22,'Patient/Darin Francis'),(0x48E2AE2740D943EDB794245EB47FFE89,0x650CC2DC60AC4E39B873CBF65E6C61AA,'Patient/Clayton Ruiz'),(0x53FDB91D3B4E480A92274AE2C09F3423,0x21727EB0608A4FBD811E93D49FADBD22,'Patient/Eva Lewis'),(0x5AD91E12A3D84717AA4BC787723F47DC,0x21727EB0608A4FBD811E93D49FADBD22,'Patient/Hugo Ingram'),(0x5F7724607F3B45D3B508F9E1B4E75D9A,0x650CC2DC60AC4E39B873CBF65E6C61AA,'Patient/Glen Higgins'),(0x6FCFA05DD76E4DB38CEC53AC899D4388,0x21727EB0608A4FBD811E93D49FADBD22,'Patient/Jonathon Meyer'),(0x75B758E5494947C783046D46F798F4F1,0x0B3406FB2EF74761B21692618F9426DA,'Patient/Shari Yates'),(0x8BB566B220514B1788EAF9C8B527F819,0x21727EB0608A4FBD811E93D49FADBD22,'Patient/Herman Butler'),(0xAC92482F9CAF4E26A90CA0730A77E22C,0x21727EB0608A4FBD811E93D49FADBD22,'Patient/Lana Boyd'),(0xB1448E6F504F414E8D60EB7FAA3145EC,0x7604C0CA1CA74FF8BC94A88F32DFA6BF,'Patient/Erika Hayes'),(0xB35542EC74374E6BAE6BA48A388779C6,0x21727EB0608A4FBD811E93D49FADBD22,'Patient/Seth Casey'),(0xB7230DE515274F26B51325909CDF41C8,0x7604C0CA1CA74FF8BC94A88F32DFA6BF,'Patient/Naomi Mcguire'),(0xC7452A1BD1E34E889E3A2D830FDBB074,0x21727EB0608A4FBD811E93D49FADBD22,'Patient/Pat Wallace'),(0xDDF64619412B42659860C8F3011C5ABE,0x7604C0CA1CA74FF8BC94A88F32DFA6BF,'Patient/Pam Green'),(0xEAACE5AFB3D747EA9E4FB25C1AAD2B5C,0x21727EB0608A4FBD811E93D49FADBD22,'Patient/Anna Watts'),(0xEFAC864E6C194BFABEFD9D685FC781C2,0x21727EB0608A4FBD811E93D49FADBD22,'Patient/Glenn Grant'),(0xF306A04AC9C942098D2D770C7CD460C9,0x21727EB0608A4FBD811E93D49FADBD22,'Patient/Justin Berry'),(0xF82F70DCC7614460BB1EF1AB6283F5AA,0x21727EB0608A4FBD811E93D49FADBD22,'Patient/Matthew Mckinney');
/*!40000 ALTER TABLE `debtor` ENABLE KEYS */;

--
-- Dumping data for table `debtor_group`
--

/*!40000 ALTER TABLE `debtor_group` DISABLE KEYS */;
INSERT INTO `debtor_group` (`enterprise_id`, `uuid`, `name`, `account_id`, `location_id`, `phone`, `email`, `note`, `locked`, `max_credit`, `is_convention`, `price_list_uuid`, `apply_discounts`, `apply_billing_services`, `apply_subsidies`, `created_at`, `updated_at`) VALUES (1,0x00FDBC712A054A5DA38E1D7CF30918B9,'Eglises',174,0x1F162A109F6747889EFFC1FEA42FCC9B,'','',NULL,0,0,0,NULL,1,1,1,'2016-10-24 20:44:39',NULL),(1,0x0B3406FB2EF74761B21692618F9426DA,'Guest House',177,0x1F162A109F6747889EFFC1FEA42FCC9B,'','',NULL,0,0,0,NULL,1,1,1,'2016-10-24 20:47:23',NULL),(1,0x21727EB0608A4FBD811E93D49FADBD22,'Patient Payant Cash',176,0x1F162A109F6747889EFFC1FEA42FCC9B,'','',NULL,0,0,0,NULL,1,1,1,'2016-10-24 20:42:10',NULL),(1,0x650CC2DC60AC4E39B873CBF65E6C61AA,'REGIDESO',172,0x1F162A109F6747889EFFC1FEA42FCC9B,'','',NULL,0,0,0,NULL,1,1,1,'2016-10-24 20:48:07',NULL),(1,0x7604C0CA1CA74FF8BC94A88F32DFA6BF,'Organisme Non Gouvernemental',175,0x1F162A109F6747889EFFC1FEA42FCC9B,'','',NULL,0,0,0,NULL,1,1,1,'2016-10-24 20:45:39',NULL),(1,0xC17A2F70D7A142A983394CA39DA7398F,'SNEL',171,0x1F162A109F6747889EFFC1FEA42FCC9B,'','',NULL,0,0,0,NULL,1,1,1,'2016-10-24 20:48:21',NULL);
/*!40000 ALTER TABLE `debtor_group` ENABLE KEYS */;

--
-- Dumping data for table `debtor_group_billing_service`
--

/*!40000 ALTER TABLE `debtor_group_billing_service` DISABLE KEYS */;
/*!40000 ALTER TABLE `debtor_group_billing_service` ENABLE KEYS */;

--
-- Dumping data for table `debtor_group_history`
--

/*!40000 ALTER TABLE `debtor_group_history` DISABLE KEYS */;
/*!40000 ALTER TABLE `debtor_group_history` ENABLE KEYS */;

--
-- Dumping data for table `debtor_group_subsidy`
--

/*!40000 ALTER TABLE `debtor_group_subsidy` DISABLE KEYS */;
/*!40000 ALTER TABLE `debtor_group_subsidy` ENABLE KEYS */;

--
-- Dumping data for table `depot`
--

/*!40000 ALTER TABLE `depot` DISABLE KEYS */;
/*!40000 ALTER TABLE `depot` ENABLE KEYS */;

--
-- Dumping data for table `discount`
--

/*!40000 ALTER TABLE `discount` DISABLE KEYS */;
/*!40000 ALTER TABLE `discount` ENABLE KEYS */;

--
-- Dumping data for table `donation`
--

/*!40000 ALTER TABLE `donation` DISABLE KEYS */;
/*!40000 ALTER TABLE `donation` ENABLE KEYS */;

--
-- Dumping data for table `donor`
--

/*!40000 ALTER TABLE `donor` DISABLE KEYS */;
/*!40000 ALTER TABLE `donor` ENABLE KEYS */;

--
-- Dumping data for table `employee`
--

/*!40000 ALTER TABLE `employee` DISABLE KEYS */;
/*!40000 ALTER TABLE `employee` ENABLE KEYS */;

--
-- Dumping data for table `enterprise`
--

/*!40000 ALTER TABLE `enterprise` DISABLE KEYS */;
INSERT INTO `enterprise` (`id`, `name`, `abbr`, `phone`, `email`, `location_id`, `logo`, `currency_id`, `po_box`, `gain_account_id`, `loss_account_id`) VALUES (1,'Demo Hospital','ESE','243 81 00 00 000','info@enterprise.org',0x1F162A109F6747889EFFC1FEA42FCC9B,NULL,2,NULL,262,222);
/*!40000 ALTER TABLE `enterprise` ENABLE KEYS */;

--
-- Dumping data for table `event`
--

/*!40000 ALTER TABLE `event` DISABLE KEYS */;
/*!40000 ALTER TABLE `event` ENABLE KEYS */;

--
-- Dumping data for table `exchange_rate`
--

/*!40000 ALTER TABLE `exchange_rate` DISABLE KEYS */;
INSERT INTO `exchange_rate` (`id`, `enterprise_id`, `currency_id`, `rate`, `date`) VALUES (1,1,1,900.00000000,'2016-01-01 00:00:00'),(2,1,1,930.00000000,'2015-02-28 14:48:37');
/*!40000 ALTER TABLE `exchange_rate` ENABLE KEYS */;

--
-- Dumping data for table `fiscal_year`
--

/*!40000 ALTER TABLE `fiscal_year` DISABLE KEYS */;
INSERT INTO `fiscal_year` (`enterprise_id`, `id`, `number_of_months`, `label`, `start_date`, `end_date`, `previous_fiscal_year_id`, `locked`, `created_at`, `updated_at`, `user_id`, `note`) VALUES (1,1,12,'Test Fiscal Year 2015','2015-01-01','2015-12-31',NULL,0,'2015-02-28 13:48:37',NULL,1,'Note for 2015'),(1,2,12,'Test Fiscal Year 2016','2016-01-01','2016-12-31',1,0,'2015-02-28 13:48:37',NULL,1,'Note for 2016'),(1,3,12,'Test Fiscal Year 2017','2017-01-01','2017-12-31',2,0,'2015-02-28 13:48:37',NULL,1,'Note for 2017');
/*!40000 ALTER TABLE `fiscal_year` ENABLE KEYS */;

--
-- Dumping data for table `general_ledger`
--

/*!40000 ALTER TABLE `general_ledger` DISABLE KEYS */;
INSERT INTO `general_ledger` (`uuid`, `project_id`, `fiscal_year_id`, `period_id`, `trans_id`, `trans_date`, `record_uuid`, `description`, `account_id`, `debit`, `credit`, `debit_equiv`, `credit_equiv`, `currency_id`, `entity_uuid`, `reference_uuid`, `comment`, `origin_id`, `user_id`, `cc_id`, `pc_id`) VALUES (0x015028529E1F11E481A69E0D7F5201DB,1,1,2,'HSP4','2015-01-17 09:01:10',0x923AE3AA28B341BBA48FA28294B84E4F,'Paiement par Salvador Barker (PA.HSP.1) contre les facture(s) IV.HSP.1. -- ',191,3.4900,0.0000,3.4900,0.0000,2,NULL,NULL,NULL,2,1,NULL,NULL),(0x015036C49E1F11E481A69E0D7F5201DB,1,1,2,'HSP4','2015-01-17 09:01:10',0x923AE3AA28B341BBA48FA28294B84E4F,'Paiement par Salvador Barker (PA.HSP.1) contre les facture(s) IV.HSP.1. -- ',172,0.0000,3.4900,0.0000,3.4900,2,0x37B71201166349BF91455B94FD684A86,0x9B3CED7674B0463AB580603C34C009D5,NULL,2,1,NULL,NULL),(0x06312264974211E581A69E0D7F5201DB,1,1,12,'HSP77','2015-11-30 10:09:03',0x38F6EE96F6CC46A58B2AE1DAF0673D59,'Monthly transfer to primary cash box',190,1.9400,0.0000,1.9400,0.0000,2,NULL,0xA1D7D31F3CE24A6D922F7624CF588219,NULL,5,1,NULL,NULL),(0x0631278C974211E581A69E0D7F5201DB,1,1,12,'HSP77','2015-11-30 10:09:03',0x38F6EE96F6CC46A58B2AE1DAF0673D59,'Monthly transfer to primary cash box',194,0.0000,1.9400,0.0000,1.9400,2,NULL,0xA1D7D31F3CE24A6D922F7624CF588219,NULL,5,1,NULL,NULL),(0x0A88D6A8951B11E581A69E0D7F5201DB,1,1,12,'HSP75','2015-11-27 16:25:01',0xF32FEC2CDA694BB28578B0C8BAAC6BFE,'Facture a Herman Butler (PA.HSP.4) pour 5 items dans le service Administration. Invoicing patient PA.HSP.4',176,1.5016,0.0000,1.5016,0.0000,2,0x8BB566B220514B1788EAF9C8B527F819,NULL,NULL,11,1,NULL,NULL),(0x0A88E565951B11E581A69E0D7F5201DB,1,1,12,'HSP75','2015-11-27 16:25:01',0xF32FEC2CDA694BB28578B0C8BAAC6BFE,'Facture a Herman Butler (PA.HSP.4) pour 5 items dans le service Administration. Invoicing patient PA.HSP.4',242,0.0000,0.1500,0.0000,0.1500,2,NULL,NULL,NULL,11,1,NULL,NULL),(0x0A88EAB0951B11E581A69E0D7F5201DB,1,1,12,'HSP75','2015-11-27 16:25:01',0xF32FEC2CDA694BB28578B0C8BAAC6BFE,'Facture a Herman Butler (PA.HSP.4) pour 5 items dans le service Administration. Invoicing patient PA.HSP.4',242,0.0000,1.0516,0.0000,1.0516,2,NULL,NULL,NULL,11,1,NULL,NULL),(0x0A88EFE4951B11E581A69E0D7F5201DB,1,1,12,'HSP75','2015-11-27 16:25:01',0xF32FEC2CDA694BB28578B0C8BAAC6BFE,'Facture a Herman Butler (PA.HSP.4) pour 5 items dans le service Administration. Invoicing patient PA.HSP.4',242,0.0000,0.2100,0.0000,0.2100,2,NULL,NULL,NULL,11,1,NULL,NULL),(0x0A88F2F2951B11E581A69E0D7F5201DB,1,1,12,'HSP75','2015-11-27 16:25:01',0xF32FEC2CDA694BB28578B0C8BAAC6BFE,'Facture a Herman Butler (PA.HSP.4) pour 5 items dans le service Administration. Invoicing patient PA.HSP.4',242,0.0000,0.0600,0.0000,0.0600,2,NULL,NULL,NULL,11,1,NULL,NULL),(0x0A88F5D3951B11E581A69E0D7F5201DB,1,1,12,'HSP75','2015-11-27 16:25:01',0xF32FEC2CDA694BB28578B0C8BAAC6BFE,'Facture a Herman Butler (PA.HSP.4) pour 5 items dans le service Administration. Invoicing patient PA.HSP.4',242,0.0000,0.0300,0.0000,0.0300,2,NULL,NULL,NULL,11,1,NULL,NULL),(0x0E9A01C006F311E681A69E0D7F5201DB,1,2,19,'HSP108','2016-04-20 13:26:02',0xD75B402FDE1D4B5C83185E7021EFFC74,'Facture a Salvador Barker (PA.HSP.1) pour 4 items dans le service Pediatrie. Invoicing patient PA.HSP.1',172,1.5285,0.0000,1.5285,0.0000,2,0x37B71201166349BF91455B94FD684A86,NULL,NULL,11,1,NULL,NULL),(0x0E9A124106F311E681A69E0D7F5201DB,1,2,19,'HSP108','2016-04-20 13:26:02',0xD75B402FDE1D4B5C83185E7021EFFC74,'Facture a Salvador Barker (PA.HSP.1) pour 4 items dans le service Pediatrie. Invoicing patient PA.HSP.1',242,0.0000,0.0400,0.0000,0.0400,2,NULL,NULL,NULL,11,1,NULL,NULL),(0x0E9A156506F311E681A69E0D7F5201DB,1,2,19,'HSP108','2016-04-20 13:26:02',0xD75B402FDE1D4B5C83185E7021EFFC74,'Facture a Salvador Barker (PA.HSP.1) pour 4 items dans le service Pediatrie. Invoicing patient PA.HSP.1',242,0.0000,0.3900,0.0000,0.3900,2,NULL,NULL,NULL,11,1,NULL,NULL),(0x0E9A179806F311E681A69E0D7F5201DB,1,2,19,'HSP108','2016-04-20 13:26:02',0xD75B402FDE1D4B5C83185E7021EFFC74,'Facture a Salvador Barker (PA.HSP.1) pour 4 items dans le service Pediatrie. Invoicing patient PA.HSP.1',242,0.0000,0.4000,0.0000,0.4000,2,NULL,NULL,NULL,11,1,NULL,NULL),(0x0E9A198306F311E681A69E0D7F5201DB,1,2,19,'HSP108','2016-04-20 13:26:02',0xD75B402FDE1D4B5C83185E7021EFFC74,'Facture a Salvador Barker (PA.HSP.1) pour 4 items dans le service Pediatrie. Invoicing patient PA.HSP.1',242,0.0000,0.6985,0.0000,0.6985,2,NULL,NULL,NULL,11,1,NULL,NULL),(0x0FC8DCB75B8011E581A69E0D7F5201DB,1,1,10,'HSP57','2015-09-15 09:02:02',0x8561305BEE2C4EC8AEAE42CAB7AFBD97,'Monthly water bill',217,20.0000,0.0000,20.0000,0.0000,2,NULL,NULL,NULL,6,1,NULL,NULL),(0x0FC8E0CF5B8011E581A69E0D7F5201DB,1,1,10,'HSP57','2015-09-15 09:02:02',0x8561305BEE2C4EC8AEAE42CAB7AFBD97,'Monthly water bill',190,0.0000,20.0000,0.0000,20.0000,2,NULL,NULL,NULL,6,1,NULL,NULL),(0x105DFC9002ED11E681A69E0D7F5201DB,1,2,19,'HSP106','2016-04-15 10:33:02',0x3FD4862116F74BD5AE827D8A9CDDE15D,'Monthly water bill',217,20.0000,0.0000,20.0000,0.0000,2,NULL,NULL,NULL,6,1,NULL,NULL),(0x105E00B302ED11E681A69E0D7F5201DB,1,2,19,'HSP106','2016-04-15 10:33:02',0x3FD4862116F74BD5AE827D8A9CDDE15D,'Monthly water bill',190,0.0000,20.0000,0.0000,20.0000,2,NULL,NULL,NULL,6,1,NULL,NULL),(0x114531A406F311E681A69E0D7F5201DB,1,2,19,'HSP109','2016-04-20 13:26:09',0xDEC7B78162924D10B1F7805E11448AAB,'Paiement par Rosemary Stokes (PA.HSP.7) contre les facture(s) IV.HSP.28. -- ',191,2.8900,0.0000,2.8900,0.0000,2,NULL,NULL,NULL,2,1,NULL,NULL),(0x114546FD06F311E681A69E0D7F5201DB,1,2,19,'HSP109','2016-04-20 13:26:09',0xDEC7B78162924D10B1F7805E11448AAB,'Paiement par Rosemary Stokes (PA.HSP.7) contre les facture(s) IV.HSP.28. -- ',176,0.0000,2.8870,0.0000,2.8870,2,0x1E6A5B4F0ECD4B318093086B41E602E1,0xD2BC02D4602446AA83A4E5BE112C8E5C,NULL,2,1,NULL,NULL),(0x114572FD06F311E681A69E0D7F5201DB,1,2,19,'HSP109','2016-04-20 13:26:09',0xDEC7B78162924D10B1F7805E11448AAB,'Paiement par Rosemary Stokes (PA.HSP.7) contre les facture(s) IV.HSP.28. -- ',262,0.0000,0.0030,0.0000,0.0030,2,NULL,NULL,NULL,2,1,NULL,NULL),(0x149F47005B8011E581A69E0D7F5201DB,1,1,10,'HSP58','2015-09-15 09:02:10',0xB480F80BA76B46848503B6F065AC1705,'Monthly payment for electricity',218,50.0000,0.0000,50.0000,0.0000,2,NULL,NULL,NULL,6,1,NULL,NULL),(0x149F4B605B8011E581A69E0D7F5201DB,1,1,10,'HSP58','2015-09-15 09:02:10',0xB480F80BA76B46848503B6F065AC1705,'Monthly payment for electricity',190,0.0000,50.0000,0.0000,50.0000,2,NULL,NULL,NULL,6,1,NULL,NULL),(0x14B94D626F6311E681A69E0D7F5201DB,1,2,23,'HSP139','2016-08-31 11:10:01',0x4EE5E01CB47442E1B4888B2798305B0D,'Transfer de 3.61 viens de Caisse Auxiliaire USD à Virement des fonds Caisse Auxiliaire - Caisse Principale USD par Administrator.',191,0.0000,3.6100,0.0000,3.6100,2,NULL,NULL,NULL,5,1,NULL,NULL),(0x14B954D56F6311E681A69E0D7F5201DB,1,2,23,'HSP139','2016-08-31 11:10:01',0x4EE5E01CB47442E1B4888B2798305B0D,'Transfer de 3.61 viens de Caisse Auxiliaire USD à Virement des fonds Caisse Auxiliaire - Caisse Principale USD par Administrator.',194,3.6100,0.0000,3.6100,0.0000,2,NULL,NULL,NULL,5,1,NULL,NULL),(0x156E915502ED11E681A69E0D7F5201DB,1,2,19,'HSP107','2016-04-15 10:33:10',0x75F1D61DC75F49ACBEF2F8F9D4266D02,'Monthly payment for electricity',190,0.0000,50.0000,0.0000,50.0000,2,NULL,NULL,NULL,6,1,NULL,NULL),(0x156E96F902ED11E681A69E0D7F5201DB,1,2,19,'HSP107','2016-04-15 10:33:10',0x75F1D61DC75F49ACBEF2F8F9D4266D02,'Monthly payment for electricity',218,50.0000,0.0000,50.0000,0.0000,2,NULL,NULL,NULL,6,1,NULL,NULL),(0x16D8C1B593A411E681A69E0D7F5201DB,1,2,25,'HSP150','2016-10-16 14:26:01',0xDDC8B681615244FAB4020521BF415F01,'Facture a Rosemary Stokes (PA.HSP.7) pour 1 items dans le service Medecine Interne. Invoicing patient PA.HSP.7',176,0.6000,0.0000,0.6000,0.0000,2,0x1E6A5B4F0ECD4B318093086B41E602E1,NULL,NULL,11,1,NULL,NULL),(0x16D8D1F993A411E681A69E0D7F5201DB,1,2,25,'HSP150','2016-10-16 14:26:01',0xDDC8B681615244FAB4020521BF415F01,'Facture a Rosemary Stokes (PA.HSP.7) pour 1 items dans le service Medecine Interne. Invoicing patient PA.HSP.7',242,0.0000,0.6000,0.0000,0.6000,2,NULL,NULL,NULL,11,1,NULL,NULL),(0x18123EB04A9711E681A69E0D7F5201DB,1,2,22,'HSP127','2016-07-15 15:19:02',0xE5E8BDADEF26460384984953E136E787,'Monthly water bill',217,20.0000,0.0000,20.0000,0.0000,2,NULL,NULL,NULL,6,1,NULL,NULL),(0x181243724A9711E681A69E0D7F5201DB,1,2,22,'HSP127','2016-07-15 15:19:02',0xE5E8BDADEF26460384984953E136E787,'Monthly water bill',190,0.0000,20.0000,0.0000,20.0000,2,NULL,NULL,NULL,6,1,NULL,NULL),(0x186ABC1FBA8F11E481A69E0D7F5201DB,1,1,3,'HSP10','2015-02-22 13:34:02',0x8ED7CA03A06C498A9DDA617B755AAEB6,'Facture a Jonathon Meyer (PA.HSP.2) pour 5 items dans le service Administration. Invoicing patient PA.HSP.2',176,1.9371,0.0000,1.9371,0.0000,2,0x6FCFA05DD76E4DB38CEC53AC899D4388,NULL,NULL,11,1,NULL,NULL),(0x186ACB7DBA8F11E481A69E0D7F5201DB,1,1,3,'HSP10','2015-02-22 13:34:02',0x8ED7CA03A06C498A9DDA617B755AAEB6,'Facture a Jonathon Meyer (PA.HSP.2) pour 5 items dans le service Administration. Invoicing patient PA.HSP.2',242,0.0000,0.3000,0.0000,0.3000,2,NULL,NULL,NULL,11,1,NULL,NULL),(0x186AD1D5BA8F11E481A69E0D7F5201DB,1,1,3,'HSP10','2015-02-22 13:34:02',0x8ED7CA03A06C498A9DDA617B755AAEB6,'Facture a Jonathon Meyer (PA.HSP.2) pour 5 items dans le service Administration. Invoicing patient PA.HSP.2',242,0.0000,0.1690,0.0000,0.1690,2,NULL,NULL,NULL,11,1,NULL,NULL),(0x186AD632BA8F11E481A69E0D7F5201DB,1,1,3,'HSP10','2015-02-22 13:34:02',0x8ED7CA03A06C498A9DDA617B755AAEB6,'Facture a Jonathon Meyer (PA.HSP.2) pour 5 items dans le service Administration. Invoicing patient PA.HSP.2',242,0.0000,0.0681,0.0000,0.0681,2,NULL,NULL,NULL,11,1,NULL,NULL),(0x186AD9DABA8F11E481A69E0D7F5201DB,1,1,3,'HSP10','2015-02-22 13:34:02',0x8ED7CA03A06C498A9DDA617B755AAEB6,'Facture a Jonathon Meyer (PA.HSP.2) pour 5 items dans le service Administration. Invoicing patient PA.HSP.2',242,0.0000,0.0900,0.0000,0.0900,2,NULL,NULL,NULL,11,1,NULL,NULL),(0x186ADD65BA8F11E481A69E0D7F5201DB,1,1,3,'HSP10','2015-02-22 13:34:02',0x8ED7CA03A06C498A9DDA617B755AAEB6,'Facture a Jonathon Meyer (PA.HSP.2) pour 5 items dans le service Administration. Invoicing patient PA.HSP.2',243,0.0000,1.3100,0.0000,1.3100,2,NULL,NULL,NULL,11,1,NULL,NULL),(0x19979CD893A411E681A69E0D7F5201DB,1,2,25,'HSP151','2016-10-16 14:26:06',0xECB3CDCF6F8542E6A65A6337DA097421,'Paiement par Rosemary Stokes (PA.HSP.7) contre les facture(s) IV.HSP.43. -- ',191,0.6000,0.0000,0.6000,0.0000,2,NULL,NULL,NULL,2,1,NULL,NULL),(0x1997AB2193A411E681A69E0D7F5201DB,1,2,25,'HSP151','2016-10-16 14:26:06',0xECB3CDCF6F8542E6A65A6337DA097421,'Paiement par Rosemary Stokes (PA.HSP.7) contre les facture(s) IV.HSP.43. -- ',176,0.0000,0.6000,0.0000,0.6000,2,0x1E6A5B4F0ECD4B318093086B41E602E1,0xDDC8B681615244FAB4020521BF415F01,NULL,2,1,NULL,NULL),(0x19D2FA38C50611E681A69E0D7F5201DB,1,2,27,'HSP164','2016-12-18 10:41:01',0xB9035920AEB94EC8910FB996CC3597B6,'Facture a Matthew Mckinney (PA.HSP.18) pour 4 items dans le service Medecine Interne. Invoicing patient PA.HSP.18',176,0.5400,0.0000,0.5400,0.0000,2,0xF82F70DCC7614460BB1EF1AB6283F5AA,NULL,NULL,11,1,NULL,NULL),(0x19D30AA4C50611E681A69E0D7F5201DB,1,2,27,'HSP164','2016-12-18 10:41:01',0xB9035920AEB94EC8910FB996CC3597B6,'Facture a Matthew Mckinney (PA.HSP.18) pour 4 items dans le service Medecine Interne. Invoicing patient PA.HSP.18',242,0.0000,0.3400,0.0000,0.3400,2,NULL,NULL,NULL,11,1,NULL,NULL),(0x19D30F05C50611E681A69E0D7F5201DB,1,2,27,'HSP164','2016-12-18 10:41:01',0xB9035920AEB94EC8910FB996CC3597B6,'Facture a Matthew Mckinney (PA.HSP.18) pour 4 items dans le service Medecine Interne. Invoicing patient PA.HSP.18',242,0.0000,0.1500,0.0000,0.1500,2,NULL,NULL,NULL,11,1,NULL,NULL),(0x19D31253C50611E681A69E0D7F5201DB,1,2,27,'HSP164','2016-12-18 10:41:01',0xB9035920AEB94EC8910FB996CC3597B6,'Facture a Matthew Mckinney (PA.HSP.18) pour 4 items dans le service Medecine Interne. Invoicing patient PA.HSP.18',242,0.0000,0.0400,0.0000,0.0400,2,NULL,NULL,NULL,11,1,NULL,NULL),(0x19D31542C50611E681A69E0D7F5201DB,1,2,27,'HSP164','2016-12-18 10:41:01',0xB9035920AEB94EC8910FB996CC3597B6,'Facture a Matthew Mckinney (PA.HSP.18) pour 4 items dans le service Medecine Interne. Invoicing patient PA.HSP.18',242,0.0000,0.0100,0.0000,0.0100,2,NULL,NULL,NULL,11,1,NULL,NULL),(0x1B39E35BBA8F11E481A69E0D7F5201DB,1,1,3,'HSP11','2015-02-22 13:34:09',0xD22BF6D291844433ACA7D2233D9C06C1,'Paiement par Salvador Barker (PA.HSP.1) contre les facture(s) IV.HSP.2. -- ',191,1.0700,0.0000,1.0700,0.0000,2,NULL,NULL,NULL,2,1,NULL,NULL),(0x1B3AB40CBA8F11E481A69E0D7F5201DB,1,1,3,'HSP11','2015-02-22 13:34:09',0xD22BF6D291844433ACA7D2233D9C06C1,'Paiement par Salvador Barker (PA.HSP.1) contre les facture(s) IV.HSP.2. -- ',172,0.0000,1.0700,0.0000,1.0700,2,0x37B71201166349BF91455B94FD684A86,0xE75E7ED81CDC433C85B2A73C1212A6BF,NULL,2,1,NULL,NULL),(0x1B3ACC48BA8F11E481A69E0D7F5201DB,1,1,3,'HSP11','2015-02-22 13:34:09',0xD22BF6D291844433ACA7D2233D9C06C1,'Paiement par Salvador Barker (PA.HSP.1) contre les facture(s) IV.HSP.2. -- ',172,0.0000,0.0048,0.0000,0.0048,2,0x37B71201166349BF91455B94FD684A86,0xE75E7ED81CDC433C85B2A73C1212A6BF,NULL,2,1,NULL,NULL),(0x1B3AD679BA8F11E481A69E0D7F5201DB,1,1,3,'HSP11','2015-02-22 13:34:09',0xD22BF6D291844433ACA7D2233D9C06C1,'Paiement par Salvador Barker (PA.HSP.1) contre les facture(s) IV.HSP.2. -- ',222,0.0048,0.0000,0.0048,0.0000,2,NULL,NULL,NULL,2,1,NULL,NULL),(0x1B440A4B6F6311E681A69E0D7F5201DB,1,2,23,'HSP140','2016-08-31 11:10:03',0x6EB9EE5D22654188B45C872C090B59FE,'Monthly transfer to primary cash box',190,3.6100,0.0000,3.6100,0.0000,2,NULL,0x4EE5E01CB47442E1B4888B2798305B0D,NULL,5,1,NULL,NULL),(0x1B440FA56F6311E681A69E0D7F5201DB,1,2,23,'HSP140','2016-08-31 11:10:03',0x6EB9EE5D22654188B45C872C090B59FE,'Monthly transfer to primary cash box',194,0.0000,3.6100,0.0000,3.6100,2,NULL,0x4EE5E01CB47442E1B4888B2798305B0D,NULL,5,1,NULL,NULL),(0x1CA02A32C50611E681A69E0D7F5201DB,1,2,27,'HSP165','2016-12-18 10:41:09',0x2714BB438FCC4E278DAF3919A31EA8A3,'Paiement par Glenn Grant (PA.HSP.9) contre les facture(s) IV.HSP.37. -- ',191,0.3000,0.0000,0.3000,0.0000,2,NULL,NULL,NULL,2,1,NULL,NULL),(0x1CA0318CC50611E681A69E0D7F5201DB,1,2,27,'HSP165','2016-12-18 10:41:09',0x2714BB438FCC4E278DAF3919A31EA8A3,'Paiement par Glenn Grant (PA.HSP.9) contre les facture(s) IV.HSP.37. -- ',176,0.0000,0.3000,0.0000,0.3000,2,0xEFAC864E6C194BFABEFD9D685FC781C2,0xC89BC93C54254B7CB30A945725271260,NULL,2,1,NULL,NULL),(0x1CE160B44A9711E681A69E0D7F5201DB,1,2,22,'HSP128','2016-07-15 15:19:10',0xCBA1E17D97E34BA8B2359E436FF5B090,'Monthly payment for electricity',190,0.0000,50.0000,0.0000,50.0000,2,NULL,NULL,NULL,6,1,NULL,NULL),(0x1CE1676E4A9711E681A69E0D7F5201DB,1,2,22,'HSP128','2016-07-15 15:19:10',0xCBA1E17D97E34BA8B2359E436FF5B090,'Monthly payment for electricity',218,50.0000,0.0000,50.0000,0.0000,2,NULL,NULL,NULL,6,1,NULL,NULL),(0x1EA7AC3CA34211E581A69E0D7F5201DB,1,1,13,'HSP78','2015-12-15 16:40:02',0xBDCAF5EA1294498D9D8DDD56B8F8DB1F,'Monthly water bill',190,0.0000,20.0000,0.0000,20.0000,2,NULL,NULL,NULL,6,1,NULL,NULL),(0x1EA7AF82A34211E581A69E0D7F5201DB,1,1,13,'HSP78','2015-12-15 16:40:02',0xBDCAF5EA1294498D9D8DDD56B8F8DB1F,'Monthly water bill',217,20.0000,0.0000,20.0000,0.0000,2,NULL,NULL,NULL,6,1,NULL,NULL),(0x2204952C65E711E681A69E0D7F5201DB,1,2,23,'HSP136','2016-08-19 09:30:02',0x9939FD57EDDD4F26924D779E6285487A,'Facture a Naomi Mcguire (PA.HSP.13) pour 3 items dans le service Pediatrie. Invoicing patient PA.HSP.13',175,0.4000,0.0000,0.4000,0.0000,2,0xB7230DE515274F26B51325909CDF41C8,NULL,NULL,11,1,NULL,NULL),(0x2204A12365E711E681A69E0D7F5201DB,1,2,23,'HSP136','2016-08-19 09:30:02',0x9939FD57EDDD4F26924D779E6285487A,'Facture a Naomi Mcguire (PA.HSP.13) pour 3 items dans le service Pediatrie. Invoicing patient PA.HSP.13',242,0.0000,0.0800,0.0000,0.0800,2,NULL,NULL,NULL,11,1,NULL,NULL),(0x2204A4B765E711E681A69E0D7F5201DB,1,2,23,'HSP136','2016-08-19 09:30:02',0x9939FD57EDDD4F26924D779E6285487A,'Facture a Naomi Mcguire (PA.HSP.13) pour 3 items dans le service Pediatrie. Invoicing patient PA.HSP.13',242,0.0000,0.3000,0.0000,0.3000,2,NULL,NULL,NULL,11,1,NULL,NULL),(0x2204A76765E711E681A69E0D7F5201DB,1,2,23,'HSP136','2016-08-19 09:30:02',0x9939FD57EDDD4F26924D779E6285487A,'Facture a Naomi Mcguire (PA.HSP.13) pour 3 items dans le service Pediatrie. Invoicing patient PA.HSP.13',242,0.0000,0.0200,0.0000,0.0200,2,NULL,NULL,NULL,11,1,NULL,NULL),(0x237BAD0CA34211E581A69E0D7F5201DB,1,1,13,'HSP79','2015-12-15 16:40:10',0xCD81C8BA1A114FDEB8A3FA0F80FBFA69,'Monthly payment for electricity',218,50.0000,0.0000,50.0000,0.0000,2,NULL,NULL,NULL,6,1,NULL,NULL),(0x237BB2A8A34211E581A69E0D7F5201DB,1,1,13,'HSP79','2015-12-15 16:40:10',0xCD81C8BA1A114FDEB8A3FA0F80FBFA69,'Monthly payment for electricity',190,0.0000,50.0000,0.0000,50.0000,2,NULL,NULL,NULL,6,1,NULL,NULL),(0x24E1B48D65E711E681A69E0D7F5201DB,1,2,23,'HSP137','2016-08-19 09:30:08',0x68740297593C49FEBF7CAD8AFCCF1ABD,'Paiement par Eva Lewis (PA.HSP.11) contre les facture(s) IV.HSP.21. -- ',191,3.6100,0.0000,3.6100,0.0000,2,NULL,NULL,NULL,2,1,NULL,NULL),(0x24E1D99365E711E681A69E0D7F5201DB,1,2,23,'HSP137','2016-08-19 09:30:08',0x68740297593C49FEBF7CAD8AFCCF1ABD,'Paiement par Eva Lewis (PA.HSP.11) contre les facture(s) IV.HSP.21. -- ',176,0.0000,3.6100,0.0000,3.6100,2,0x53FDB91D3B4E480A92274AE2C09F3423,0x2B35AE8982AD4B94882CC22548D0E6DE,NULL,2,1,NULL,NULL),(0x25C58FE4DEDA11E581A69E0D7F5201DB,1,2,17,'HSP97','2016-02-29 12:47:01',0xF209D65CD5874BAEBA4C61C64804F085,'Transfer de 0.03 viens de Caisse Auxiliaire USD à Virement des fonds Caisse Auxiliaire - Caisse Principale USD par Administrator.',194,0.0300,0.0000,0.0300,0.0000,2,NULL,NULL,NULL,5,1,NULL,NULL),(0x25C59638DEDA11E581A69E0D7F5201DB,1,2,17,'HSP97','2016-02-29 12:47:01',0xF209D65CD5874BAEBA4C61C64804F085,'Transfer de 0.03 viens de Caisse Auxiliaire USD à Virement des fonds Caisse Auxiliaire - Caisse Principale USD par Administrator.',191,0.0000,0.0300,0.0000,0.0300,2,NULL,NULL,NULL,5,1,NULL,NULL),(0x26781A4C9F5A11E681A69E0D7F5201DB,1,2,25,'HSP153','2016-10-31 12:07:01',0x6770ECE79F59494091E5F0971703AFDC,'Transfer de 0.6 viens de Caisse Auxiliaire USD à Virement des fonds Caisse Auxiliaire - Caisse Principale USD par Administrator.',194,0.6000,0.0000,0.6000,0.0000,2,NULL,NULL,NULL,5,1,NULL,NULL),(0x267E109F9F5A11E681A69E0D7F5201DB,1,2,25,'HSP153','2016-10-31 12:07:01',0x6770ECE79F59494091E5F0971703AFDC,'Transfer de 0.6 viens de Caisse Auxiliaire USD à Virement des fonds Caisse Auxiliaire - Caisse Principale USD par Administrator.',191,0.0000,0.6000,0.0000,0.6000,2,NULL,NULL,NULL,5,1,NULL,NULL),(0x27DBA4E0135211E581A69E0D7F5201DB,1,1,7,'HSP36','2015-06-15 12:32:02',0x957104EB01CC44778C588513A9EBC624,'Monthly water bill',217,20.0000,0.0000,20.0000,0.0000,2,NULL,NULL,NULL,6,1,NULL,NULL),(0x27DBAA38135211E581A69E0D7F5201DB,1,1,7,'HSP36','2015-06-15 12:32:02',0x957104EB01CC44778C588513A9EBC624,'Monthly water bill',190,0.0000,20.0000,0.0000,20.0000,2,NULL,NULL,NULL,6,1,NULL,NULL),(0x27E3F69AABB111E581A69E0D7F5201DB,1,1,13,'HSP82','2015-12-26 10:15:01',0x905E3143F4C24643B2EA2E99485F5ECD,'Facture a Justin Berry (PA.HSP.3) pour 4 items dans le service Medecine Interne. Invoicing patient PA.HSP.3',176,0.3800,0.0000,0.3800,0.0000,2,0xF306A04AC9C942098D2D770C7CD460C9,NULL,NULL,11,1,NULL,NULL),(0x27E41126ABB111E581A69E0D7F5201DB,1,1,13,'HSP82','2015-12-26 10:15:01',0x905E3143F4C24643B2EA2E99485F5ECD,'Facture a Justin Berry (PA.HSP.3) pour 4 items dans le service Medecine Interne. Invoicing patient PA.HSP.3',242,0.0000,0.3000,0.0000,0.3000,2,NULL,NULL,NULL,11,1,NULL,NULL),(0x27E41880ABB111E581A69E0D7F5201DB,1,1,13,'HSP82','2015-12-26 10:15:01',0x905E3143F4C24643B2EA2E99485F5ECD,'Facture a Justin Berry (PA.HSP.3) pour 4 items dans le service Medecine Interne. Invoicing patient PA.HSP.3',242,0.0000,0.0200,0.0000,0.0200,2,NULL,NULL,NULL,11,1,NULL,NULL),(0x27E41DAEABB111E581A69E0D7F5201DB,1,1,13,'HSP82','2015-12-26 10:15:01',0x905E3143F4C24643B2EA2E99485F5ECD,'Facture a Justin Berry (PA.HSP.3) pour 4 items dans le service Medecine Interne. Invoicing patient PA.HSP.3',242,0.0000,0.0300,0.0000,0.0300,2,NULL,NULL,NULL,11,1,NULL,NULL),(0x27E4230DABB111E581A69E0D7F5201DB,1,1,13,'HSP82','2015-12-26 10:15:01',0x905E3143F4C24643B2EA2E99485F5ECD,'Facture a Justin Berry (PA.HSP.3) pour 4 items dans le service Medecine Interne. Invoicing patient PA.HSP.3',242,0.0000,0.0300,0.0000,0.0300,2,NULL,NULL,NULL,11,1,NULL,NULL),(0x2ABD57CA433F11E581A69E0D7F5201DB,1,1,9,'HSP50','2015-08-15 12:17:02',0xC430DA60EF7A46C2B8E09535631DDEE8,'Monthly water bill',190,0.0000,20.0000,0.0000,20.0000,2,NULL,NULL,NULL,6,1,NULL,NULL),(0x2ABD613D433F11E581A69E0D7F5201DB,1,1,9,'HSP50','2015-08-15 12:17:02',0xC430DA60EF7A46C2B8E09535631DDEE8,'Monthly water bill',217,20.0000,0.0000,20.0000,0.0000,2,NULL,NULL,NULL,6,1,NULL,NULL),(0x2C39D95B468D11E581A69E0D7F5201DB,1,1,9,'HSP52','2015-08-19 17:13:01',0x81B9336FCA094DA680A4414F33957D23,'Facture a Marcus Medina (PA.HSP.5) pour 1 items dans le service Administration. Invoicing patient PA.HSP.5',176,0.3000,0.0000,0.3000,0.0000,2,0x3C9BFB37D4D8428FBBBDC2C96AE64E4D,NULL,NULL,11,1,NULL,NULL),(0x2C39F2FB468D11E581A69E0D7F5201DB,1,1,9,'HSP52','2015-08-19 17:13:01',0x81B9336FCA094DA680A4414F33957D23,'Facture a Marcus Medina (PA.HSP.5) pour 1 items dans le service Administration. Invoicing patient PA.HSP.5',242,0.0000,0.3000,0.0000,0.3000,2,NULL,NULL,NULL,11,1,NULL,NULL),(0x2C71D232DEDA11E581A69E0D7F5201DB,1,2,17,'HSP98','2016-02-29 12:47:03',0x11D227268C14422593375CDE40855061,'Monthly transfer to primary cash box',194,0.0000,0.0300,0.0000,0.0300,2,NULL,0xF209D65CD5874BAEBA4C61C64804F085,NULL,5,1,NULL,NULL),(0x2C71D8B9DEDA11E581A69E0D7F5201DB,1,2,17,'HSP98','2016-02-29 12:47:03',0x11D227268C14422593375CDE40855061,'Monthly transfer to primary cash box',190,0.0300,0.0000,0.0300,0.0000,2,NULL,0xF209D65CD5874BAEBA4C61C64804F085,NULL,5,1,NULL,NULL),(0x2C971B10135211E581A69E0D7F5201DB,1,1,7,'HSP37','2015-06-15 12:32:10',0x317B18AA9525431C9AA1BB863FC79D6D,'Monthly payment for electricity',218,50.0000,0.0000,50.0000,0.0000,2,NULL,NULL,NULL,6,1,NULL,NULL),(0x2C971E48135211E581A69E0D7F5201DB,1,1,7,'HSP37','2015-06-15 12:32:10',0x317B18AA9525431C9AA1BB863FC79D6D,'Monthly payment for electricity',190,0.0000,50.0000,0.0000,50.0000,2,NULL,NULL,NULL,6,1,NULL,NULL),(0x2CEE612D9F5A11E681A69E0D7F5201DB,1,2,25,'HSP154','2016-10-31 12:07:03',0x862A6B974F1847008D2A795F1F276ADD,'Monthly transfer to primary cash box',190,0.6000,0.0000,0.6000,0.0000,2,NULL,0x6770ECE79F59494091E5F0971703AFDC,NULL,5,1,NULL,NULL),(0x2CEE65D79F5A11E681A69E0D7F5201DB,1,2,25,'HSP154','2016-10-31 12:07:03',0x862A6B974F1847008D2A795F1F276ADD,'Monthly transfer to primary cash box',194,0.0000,0.6000,0.0000,0.6000,2,NULL,0x6770ECE79F59494091E5F0971703AFDC,NULL,5,1,NULL,NULL),(0x2EFFEE9D468D11E581A69E0D7F5201DB,1,1,9,'HSP53','2015-08-19 17:13:06',0x4C41121490034105AA898CBD97A94403,'Paiement par Herman Butler (PA.HSP.4) contre les facture(s) IV.HSP.12. -- ',191,0.1600,0.0000,0.1600,0.0000,2,NULL,NULL,NULL,2,1,NULL,NULL),(0x2F006E85468D11E581A69E0D7F5201DB,1,1,9,'HSP53','2015-08-19 17:13:06',0x4C41121490034105AA898CBD97A94403,'Paiement par Herman Butler (PA.HSP.4) contre les facture(s) IV.HSP.12. -- ',176,0.0000,0.1600,0.0000,0.1600,2,0x8BB566B220514B1788EAF9C8B527F819,0xEA61B86583754A8B985E9B64E00E7784,NULL,2,1,NULL,NULL),(0x2FA9BAC4433F11E581A69E0D7F5201DB,1,1,9,'HSP51','2015-08-15 12:17:10',0x14EEE57856F74F9E94E3ADB687CCFF9D,'Monthly payment for electricity',218,50.0000,0.0000,50.0000,0.0000,2,NULL,NULL,NULL,6,1,NULL,NULL),(0x2FA9C02B433F11E581A69E0D7F5201DB,1,1,9,'HSP51','2015-08-15 12:17:10',0x14EEE57856F74F9E94E3ADB687CCFF9D,'Monthly payment for electricity',190,0.0000,50.0000,0.0000,50.0000,2,NULL,NULL,NULL,6,1,NULL,NULL),(0x33F45B42C82311E581A69E0D7F5201DB,1,2,16,'HSP90','2016-01-31 15:02:01',0xE6AE2799336A44888181703C25CB9BB7,'Transfer de 1.7 viens de Caisse Auxiliaire USD à Virement des fonds Caisse Auxiliaire - Caisse Principale USD par Administrator.',191,0.0000,1.7000,0.0000,1.7000,2,NULL,NULL,NULL,5,1,NULL,NULL),(0x33F45F41C82311E581A69E0D7F5201DB,1,2,16,'HSP90','2016-01-31 15:02:01',0xE6AE2799336A44888181703C25CB9BB7,'Transfer de 1.7 viens de Caisse Auxiliaire USD à Virement des fonds Caisse Auxiliaire - Caisse Principale USD par Administrator.',194,1.7000,0.0000,1.7000,0.0000,2,NULL,NULL,NULL,5,1,NULL,NULL),(0x3A3DB4F97FA611E581A69E0D7F5201DB,1,1,11,'HSP69','2015-10-31 09:06:01',0x59C8177F77134D5288E5A2CED1E7199F,'Transfer de 0.3 viens de Caisse Auxiliaire USD à Virement des fonds Caisse Auxiliaire - Caisse Principale USD par Administrator.',191,0.0000,0.3000,0.0000,0.3000,2,NULL,NULL,NULL,5,1,NULL,NULL),(0x3A3DB9737FA611E581A69E0D7F5201DB,1,1,11,'HSP69','2015-10-31 09:06:01',0x59C8177F77134D5288E5A2CED1E7199F,'Transfer de 0.3 viens de Caisse Auxiliaire USD à Virement des fonds Caisse Auxiliaire - Caisse Principale USD par Administrator.',194,0.3000,0.0000,0.3000,0.0000,2,NULL,NULL,NULL,5,1,NULL,NULL),(0x3AD98919C82311E581A69E0D7F5201DB,1,2,16,'HSP91','2016-01-31 15:02:03',0xBEFB1848B6CF47C29AEF1071EBD61C32,'Monthly transfer to primary cash box',194,0.0000,1.7000,0.0000,1.7000,2,NULL,0xE6AE2799336A44888181703C25CB9BB7,NULL,5,1,NULL,NULL),(0x3AD98ED9C82311E581A69E0D7F5201DB,1,2,16,'HSP91','2016-01-31 15:02:03',0xBEFB1848B6CF47C29AEF1071EBD61C32,'Monthly transfer to primary cash box',190,1.7000,0.0000,1.7000,0.0000,2,NULL,0xE6AE2799336A44888181703C25CB9BB7,NULL,5,1,NULL,NULL),(0x3B0B2B13572011E681A69E0D7F5201DB,1,2,22,'HSP132','2016-07-31 14:11:01',0xDABBB71DC33B4934BD5A22F7F95C6A42,'Transfer de 0.84 viens de Caisse Auxiliaire USD à Virement des fonds Caisse Auxiliaire - Caisse Principale USD par Administrator.',194,0.8400,0.0000,0.8400,0.0000,2,NULL,NULL,NULL,5,1,NULL,NULL),(0x3B0B2E90572011E681A69E0D7F5201DB,1,2,22,'HSP132','2016-07-31 14:11:01',0xDABBB71DC33B4934BD5A22F7F95C6A42,'Transfer de 0.84 viens de Caisse Auxiliaire USD à Virement des fonds Caisse Auxiliaire - Caisse Principale USD par Administrator.',191,0.0000,0.8400,0.0000,0.8400,2,NULL,NULL,NULL,5,1,NULL,NULL),(0x3B85EBF1CF7011E681A69E0D7F5201DB,1,2,27,'HSP167','2016-12-31 16:46:01',0x822C755978D44C749565CA5E5A16223B,'Transfer de 0.3 viens de Caisse Auxiliaire USD à Virement des fonds Caisse Auxiliaire - Caisse Principale USD par Administrator.',191,0.0000,0.3000,0.0000,0.3000,2,NULL,NULL,NULL,5,1,NULL,NULL),(0x3B85F2F0CF7011E681A69E0D7F5201DB,1,2,27,'HSP167','2016-12-31 16:46:01',0x822C755978D44C749565CA5E5A16223B,'Transfer de 0.3 viens de Caisse Auxiliaire USD à Virement des fonds Caisse Auxiliaire - Caisse Principale USD par Administrator.',194,0.3000,0.0000,0.3000,0.0000,2,NULL,NULL,NULL,5,1,NULL,NULL),(0x3B92928A5D2C11E581A69E0D7F5201DB,1,1,10,'HSP59','2015-09-17 12:07:02',0x00F3D284AA7D4225A8326CE64571C64C,'Facture a Jonathon Meyer (PA.HSP.2) pour 3 items dans le service Pediatrie. Invoicing patient PA.HSP.2',176,0.8560,0.0000,0.8560,0.0000,2,0x6FCFA05DD76E4DB38CEC53AC899D4388,NULL,NULL,11,1,NULL,NULL),(0x3B92AFF25D2C11E581A69E0D7F5201DB,1,1,10,'HSP59','2015-09-17 12:07:02',0x00F3D284AA7D4225A8326CE64571C64C,'Facture a Jonathon Meyer (PA.HSP.2) pour 3 items dans le service Pediatrie. Invoicing patient PA.HSP.2',242,0.0000,0.0900,0.0000,0.0900,2,NULL,NULL,NULL,11,1,NULL,NULL),(0x3B92B59F5D2C11E581A69E0D7F5201DB,1,1,10,'HSP59','2015-09-17 12:07:02',0x00F3D284AA7D4225A8326CE64571C64C,'Facture a Jonathon Meyer (PA.HSP.2) pour 3 items dans le service Pediatrie. Invoicing patient PA.HSP.2',242,0.0000,0.6760,0.0000,0.6760,2,NULL,NULL,NULL,11,1,NULL,NULL),(0x3B92BA0E5D2C11E581A69E0D7F5201DB,1,1,10,'HSP59','2015-09-17 12:07:02',0x00F3D284AA7D4225A8326CE64571C64C,'Facture a Jonathon Meyer (PA.HSP.2) pour 3 items dans le service Pediatrie. Invoicing patient PA.HSP.2',242,0.0000,0.0900,0.0000,0.0900,2,NULL,NULL,NULL,11,1,NULL,NULL),(0x3C7B2433677611E581A69E0D7F5201DB,1,1,10,'HSP62','2015-09-30 14:22:01',0xC83EF222E1F843BEBD87149987EF7921,'Transfer de 1.51 viens de Caisse Auxiliaire USD à Virement des fonds Caisse Auxiliaire - Caisse Principale USD par Administrator.',194,1.5100,0.0000,1.5100,0.0000,2,NULL,NULL,NULL,5,1,NULL,NULL),(0x3C7B275D677611E581A69E0D7F5201DB,1,1,10,'HSP62','2015-09-30 14:22:01',0xC83EF222E1F843BEBD87149987EF7921,'Transfer de 1.51 viens de Caisse Auxiliaire USD à Virement des fonds Caisse Auxiliaire - Caisse Principale USD par Administrator.',191,0.0000,1.5100,0.0000,1.5100,2,NULL,NULL,NULL,5,1,NULL,NULL),(0x3CEB2C2AEB4D11E581A69E0D7F5201DB,1,2,18,'HSP101','2016-03-16 09:01:02',0xDEE69A833C2841AEA2EE3A5915C08E13,'Facture a Naomi Mcguire (PA.HSP.13) pour 4 items dans le service Medecine Interne. Invoicing patient PA.HSP.13',175,0.6388,0.0000,0.6388,0.0000,2,0xB7230DE515274F26B51325909CDF41C8,NULL,NULL,11,1,NULL,NULL),(0x3CEB3CE8EB4D11E581A69E0D7F5201DB,1,2,18,'HSP101','2016-03-16 09:01:02',0xDEE69A833C2841AEA2EE3A5915C08E13,'Facture a Naomi Mcguire (PA.HSP.13) pour 4 items dans le service Medecine Interne. Invoicing patient PA.HSP.13',242,0.0000,0.0600,0.0000,0.0600,2,NULL,NULL,NULL,11,1,NULL,NULL),(0x3CEB40E0EB4D11E581A69E0D7F5201DB,1,2,18,'HSP101','2016-03-16 09:01:02',0xDEE69A833C2841AEA2EE3A5915C08E13,'Facture a Naomi Mcguire (PA.HSP.13) pour 4 items dans le service Medecine Interne. Invoicing patient PA.HSP.13',242,0.0000,0.0500,0.0000,0.0500,2,NULL,NULL,NULL,11,1,NULL,NULL),(0x3CEB456CEB4D11E581A69E0D7F5201DB,1,2,18,'HSP101','2016-03-16 09:01:02',0xDEE69A833C2841AEA2EE3A5915C08E13,'Facture a Naomi Mcguire (PA.HSP.13) pour 4 items dans le service Medecine Interne. Invoicing patient PA.HSP.13',242,0.0000,0.0788,0.0000,0.0788,2,NULL,NULL,NULL,11,1,NULL,NULL),(0x3CEB48ACEB4D11E581A69E0D7F5201DB,1,2,18,'HSP101','2016-03-16 09:01:02',0xDEE69A833C2841AEA2EE3A5915C08E13,'Facture a Naomi Mcguire (PA.HSP.13) pour 4 items dans le service Medecine Interne. Invoicing patient PA.HSP.13',242,0.0000,0.4500,0.0000,0.4500,2,NULL,NULL,NULL,11,1,NULL,NULL),(0x3E5107515D2C11E581A69E0D7F5201DB,1,1,10,'HSP60','2015-09-17 12:07:08',0xA18CB73140C6482E8618D4F0297D7EDC,'Paiement par Clayton Ruiz (PA.HSP.6) contre les facture(s) IV.HSP.16. -- ',191,1.5100,0.0000,1.5100,0.0000,2,NULL,NULL,NULL,2,1,NULL,NULL),(0x3E5112F75D2C11E581A69E0D7F5201DB,1,1,10,'HSP60','2015-09-17 12:07:08',0xA18CB73140C6482E8618D4F0297D7EDC,'Paiement par Clayton Ruiz (PA.HSP.6) contre les facture(s) IV.HSP.16. -- ',172,0.0000,1.5100,0.0000,1.5100,2,0x48E2AE2740D943EDB794245EB47FFE89,0xAFFC169643E0407090195EBC3EFD611F,NULL,2,1,NULL,NULL),(0x3E6BFFE9DD6E11E581A69E0D7F5201DB,1,2,17,'HSP96','2016-02-27 17:22:01',0xD2BC02D4602446AA83A4E5BE112C8E5C,'Facture a Rosemary Stokes (PA.HSP.7) pour 4 items dans le service Medecine Interne. Invoicing patient PA.HSP.7',176,2.8870,0.0000,2.8870,0.0000,2,0x1E6A5B4F0ECD4B318093086B41E602E1,NULL,NULL,11,1,NULL,NULL),(0x3E6C0D57DD6E11E581A69E0D7F5201DB,1,2,17,'HSP96','2016-02-27 17:22:01',0xD2BC02D4602446AA83A4E5BE112C8E5C,'Facture a Rosemary Stokes (PA.HSP.7) pour 4 items dans le service Medecine Interne. Invoicing patient PA.HSP.7',242,0.0000,1.2350,0.0000,1.2350,2,NULL,NULL,NULL,11,1,NULL,NULL),(0x3E6C110FDD6E11E581A69E0D7F5201DB,1,2,17,'HSP96','2016-02-27 17:22:01',0xD2BC02D4602446AA83A4E5BE112C8E5C,'Facture a Rosemary Stokes (PA.HSP.7) pour 4 items dans le service Medecine Interne. Invoicing patient PA.HSP.7',242,0.0000,0.5200,0.0000,0.5200,2,NULL,NULL,NULL,11,1,NULL,NULL),(0x3E6C13DADD6E11E581A69E0D7F5201DB,1,2,17,'HSP96','2016-02-27 17:22:01',0xD2BC02D4602446AA83A4E5BE112C8E5C,'Facture a Rosemary Stokes (PA.HSP.7) pour 4 items dans le service Medecine Interne. Invoicing patient PA.HSP.7',242,0.0000,0.9920,0.0000,0.9920,2,NULL,NULL,NULL,11,1,NULL,NULL),(0x3E6C1662DD6E11E581A69E0D7F5201DB,1,2,17,'HSP96','2016-02-27 17:22:01',0xD2BC02D4602446AA83A4E5BE112C8E5C,'Facture a Rosemary Stokes (PA.HSP.7) pour 4 items dans le service Medecine Interne. Invoicing patient PA.HSP.7',242,0.0000,0.1400,0.0000,0.1400,2,NULL,NULL,NULL,11,1,NULL,NULL),(0x3FA947EDEB4D11E581A69E0D7F5201DB,1,2,18,'HSP102','2016-03-16 09:01:08',0x9E3DD221D9D64E17924DDC03ADC68187,'Paiement par Salvador Barker (PA.HSP.1) contre les facture(s) IV.HSP.25. -- ',191,0.0900,0.0000,0.0900,0.0000,2,NULL,NULL,NULL,2,1,NULL,NULL),(0x3FA96D7BEB4D11E581A69E0D7F5201DB,1,2,18,'HSP102','2016-03-16 09:01:08',0x9E3DD221D9D64E17924DDC03ADC68187,'Paiement par Salvador Barker (PA.HSP.1) contre les facture(s) IV.HSP.25. -- ',172,0.0000,0.0900,0.0000,0.0900,2,0x37B71201166349BF91455B94FD684A86,0x25C5DED97DD64D87B2CB62FF65E37903,NULL,2,1,NULL,NULL),(0x40153643F1A411E581A69E0D7F5201DB,1,2,18,'HSP103','2016-03-24 10:39:01',0xACDF9908F6AA4DCC93088B3B727DBD63,'Facture a Naomi Mcguire (PA.HSP.13) pour 2 items dans le service Pediatrie. Invoicing patient PA.HSP.13',175,0.1497,0.0000,0.1497,0.0000,2,0xB7230DE515274F26B51325909CDF41C8,NULL,NULL,11,1,NULL,NULL),(0x40154995F1A411E581A69E0D7F5201DB,1,2,18,'HSP103','2016-03-24 10:39:01',0xACDF9908F6AA4DCC93088B3B727DBD63,'Facture a Naomi Mcguire (PA.HSP.13) pour 2 items dans le service Pediatrie. Invoicing patient PA.HSP.13',242,0.0000,0.0100,0.0000,0.0100,2,NULL,NULL,NULL,11,1,NULL,NULL),(0x401551D5F1A411E581A69E0D7F5201DB,1,2,18,'HSP103','2016-03-24 10:39:01',0xACDF9908F6AA4DCC93088B3B727DBD63,'Facture a Naomi Mcguire (PA.HSP.13) pour 2 items dans le service Pediatrie. Invoicing patient PA.HSP.13',242,0.0000,0.1397,0.0000,0.1397,2,NULL,NULL,NULL,11,1,NULL,NULL),(0x40886D6F7FA611E581A69E0D7F5201DB,1,1,11,'HSP70','2015-10-31 09:06:03',0xCE42AFA66DAB4A2DAD55770A0C1A6DBE,'Monthly transfer to primary cash box',190,0.3000,0.0000,0.3000,0.0000,2,NULL,0x59C8177F77134D5288E5A2CED1E7199F,NULL,5,1,NULL,NULL),(0x408872747FA611E581A69E0D7F5201DB,1,1,11,'HSP70','2015-10-31 09:06:03',0xCE42AFA66DAB4A2DAD55770A0C1A6DBE,'Monthly transfer to primary cash box',194,0.0000,0.3000,0.0000,0.3000,2,NULL,0x59C8177F77134D5288E5A2CED1E7199F,NULL,5,1,NULL,NULL),(0x41CD8DBF572011E681A69E0D7F5201DB,1,2,22,'HSP133','2016-07-31 14:11:03',0x305AF2693BC94141ADB0B61E23EA970E,'Monthly transfer to primary cash box',190,0.8400,0.0000,0.8400,0.0000,2,NULL,0xDABBB71DC33B4934BD5A22F7F95C6A42,NULL,5,1,NULL,NULL),(0x41CD97E8572011E681A69E0D7F5201DB,1,2,22,'HSP133','2016-07-31 14:11:03',0x305AF2693BC94141ADB0B61E23EA970E,'Monthly transfer to primary cash box',194,0.0000,0.8400,0.0000,0.8400,2,NULL,0xDABBB71DC33B4934BD5A22F7F95C6A42,NULL,5,1,NULL,NULL),(0x4235E7E3CF7011E681A69E0D7F5201DB,1,2,27,'HSP168','2016-12-31 16:46:03',0xA6B9959B4E9D4B6DA18089CA0B822DC6,'Monthly transfer to primary cash box',194,0.0000,0.3000,0.0000,0.3000,2,NULL,0x822C755978D44C749565CA5E5A16223B,NULL,5,1,NULL,NULL),(0x4235EBA0CF7011E681A69E0D7F5201DB,1,2,27,'HSP168','2016-12-31 16:46:03',0xA6B9959B4E9D4B6DA18089CA0B822DC6,'Monthly transfer to primary cash box',190,0.3000,0.0000,0.3000,0.0000,2,NULL,0x822C755978D44C749565CA5E5A16223B,NULL,5,1,NULL,NULL),(0x4289D1A7078711E581A69E0D7F5201DB,1,1,6,'HSP34','2015-05-31 12:22:01',0x44BDE515D76E4FD4A22BF5DFA5D27F5D,'Transfer de 22.94 viens de Caisse Auxiliaire USD à Virement des fonds Caisse Auxiliaire - Caisse Principale USD par Administrator.',191,0.0000,22.9400,0.0000,22.9400,2,NULL,NULL,NULL,5,1,NULL,NULL),(0x4289D5DC078711E581A69E0D7F5201DB,1,1,6,'HSP34','2015-05-31 12:22:01',0x44BDE515D76E4FD4A22BF5DFA5D27F5D,'Transfer de 22.94 viens de Caisse Auxiliaire USD à Virement des fonds Caisse Auxiliaire - Caisse Principale USD par Administrator.',194,22.9400,0.0000,22.9400,0.0000,2,NULL,NULL,NULL,5,1,NULL,NULL),(0x431DEDCD677611E581A69E0D7F5201DB,1,1,10,'HSP63','2015-09-30 14:22:03',0x1374DEEED6D247BBBF8654D00B939531,'Monthly transfer to primary cash box',194,0.0000,1.5100,0.0000,1.5100,2,NULL,0xC83EF222E1F843BEBD87149987EF7921,NULL,5,1,NULL,NULL),(0x4323F5A8677611E581A69E0D7F5201DB,1,1,10,'HSP63','2015-09-30 14:22:03',0x1374DEEED6D247BBBF8654D00B939531,'Monthly transfer to primary cash box',190,1.5100,0.0000,1.5100,0.0000,2,NULL,0xC83EF222E1F843BEBD87149987EF7921,NULL,5,1,NULL,NULL),(0x46EB0061166211E581A69E0D7F5201DB,1,1,7,'HSP38','2015-06-19 10:05:01',0x83C32EABFB734DBAA89FF9BD3057A108,'Facture a Justin Berry (PA.HSP.3) pour 2 items dans le service Administration. Invoicing patient PA.HSP.3',176,0.4696,0.0000,0.4696,0.0000,2,0xF306A04AC9C942098D2D770C7CD460C9,NULL,NULL,11,1,NULL,NULL),(0x46EB12F3166211E581A69E0D7F5201DB,1,1,7,'HSP38','2015-06-19 10:05:01',0x83C32EABFB734DBAA89FF9BD3057A108,'Facture a Justin Berry (PA.HSP.3) pour 2 items dans le service Administration. Invoicing patient PA.HSP.3',242,0.0000,0.4096,0.0000,0.4096,2,NULL,NULL,NULL,11,1,NULL,NULL),(0x46EB17F5166211E581A69E0D7F5201DB,1,1,7,'HSP38','2015-06-19 10:05:01',0x83C32EABFB734DBAA89FF9BD3057A108,'Facture a Justin Berry (PA.HSP.3) pour 2 items dans le service Administration. Invoicing patient PA.HSP.3',242,0.0000,0.0600,0.0000,0.0600,2,NULL,NULL,NULL,11,1,NULL,NULL),(0x49198DDD078711E581A69E0D7F5201DB,1,1,6,'HSP35','2015-05-31 12:22:03',0xA6AE83C767EA4062898D09EF0A673C85,'Monthly transfer to primary cash box',190,22.9400,0.0000,22.9400,0.0000,2,NULL,0x44BDE515D76E4FD4A22BF5DFA5D27F5D,NULL,5,1,NULL,NULL),(0x491FD165078711E581A69E0D7F5201DB,1,1,6,'HSP35','2015-05-31 12:22:03',0xA6AE83C767EA4062898D09EF0A673C85,'Monthly transfer to primary cash box',194,0.0000,22.9400,0.0000,22.9400,2,NULL,0x44BDE515D76E4FD4A22BF5DFA5D27F5D,NULL,5,1,NULL,NULL),(0x49A397EB166211E581A69E0D7F5201DB,1,1,7,'HSP39','2015-06-19 10:05:07',0x2E05D097C6E5425880D7D98A35FF5629,'Paiement par Justin Berry (PA.HSP.3) contre les facture(s) IV.HSP.7. -- ',191,1.6400,0.0000,1.6400,0.0000,2,NULL,NULL,NULL,2,1,NULL,NULL),(0x49A4273F166211E581A69E0D7F5201DB,1,1,7,'HSP39','2015-06-19 10:05:07',0x2E05D097C6E5425880D7D98A35FF5629,'Paiement par Justin Berry (PA.HSP.3) contre les facture(s) IV.HSP.7. -- ',176,0.0000,1.6380,0.0000,1.6380,2,0xF306A04AC9C942098D2D770C7CD460C9,0x303B106D65EC42A2BEC661A3DA646F8A,NULL,2,1,NULL,NULL),(0x49A449D2166211E581A69E0D7F5201DB,1,1,7,'HSP39','2015-06-19 10:05:07',0x2E05D097C6E5425880D7D98A35FF5629,'Paiement par Justin Berry (PA.HSP.3) contre les facture(s) IV.HSP.7. -- ',262,0.0000,0.0020,0.0000,0.0020,2,NULL,NULL,NULL,2,1,NULL,NULL),(0x4FA548FE1AA611E681A69E0D7F5201DB,1,2,20,'HSP113','2016-05-15 15:07:02',0xC8BF9D50D73E457C9665B7098DE322C6,'Monthly water bill',190,0.0000,20.0000,0.0000,20.0000,2,NULL,NULL,NULL,6,1,NULL,NULL),(0x4FA54EC91AA611E681A69E0D7F5201DB,1,2,20,'HSP113','2016-05-15 15:07:02',0xC8BF9D50D73E457C9665B7098DE322C6,'Monthly water bill',217,20.0000,0.0000,20.0000,0.0000,2,NULL,NULL,NULL,6,1,NULL,NULL),(0x5144E90BB52A11E481A69E0D7F5201DB,1,1,3,'HSP8','2015-02-15 16:50:02',0x5C5F5D9388AE472C9B0F6B796995A64E,'Monthly water bill',190,0.0000,20.0000,0.0000,20.0000,2,NULL,NULL,NULL,6,1,NULL,NULL),(0x5144ED00B52A11E481A69E0D7F5201DB,1,1,3,'HSP8','2015-02-15 16:50:02',0x5C5F5D9388AE472C9B0F6B796995A64E,'Monthly water bill',217,20.0000,0.0000,20.0000,0.0000,2,NULL,NULL,NULL,6,1,NULL,NULL),(0x521B6374CBF111E481A69E0D7F5201DB,1,1,4,'HSP17','2015-03-16 16:30:02',0xC477F95659AB4F1B8B355DF18B212BA1,'Facture a Salvador Barker (PA.HSP.1) pour 1 items dans le service Administration. Invoicing patient PA.HSP.1',172,3.3200,0.0000,3.3200,0.0000,2,0x37B71201166349BF91455B94FD684A86,NULL,NULL,11,1,NULL,NULL),(0x521B7050CBF111E481A69E0D7F5201DB,1,1,4,'HSP17','2015-03-16 16:30:02',0xC477F95659AB4F1B8B355DF18B212BA1,'Facture a Salvador Barker (PA.HSP.1) pour 1 items dans le service Administration. Invoicing patient PA.HSP.1',243,0.0000,3.3200,0.0000,3.3200,2,NULL,NULL,NULL,11,1,NULL,NULL),(0x53EA3CEED3D711E581A69E0D7F5201DB,1,2,17,'HSP92','2016-02-15 12:29:02',0xFC3847C17CCF4657AE0A76C6DBCD265E,'Monthly water bill',217,20.0000,0.0000,20.0000,0.0000,2,NULL,NULL,NULL,6,1,NULL,NULL),(0x53F0764ED3D711E581A69E0D7F5201DB,1,2,17,'HSP92','2016-02-15 12:29:02',0xFC3847C17CCF4657AE0A76C6DBCD265E,'Monthly water bill',190,0.0000,20.0000,0.0000,20.0000,2,NULL,NULL,NULL,6,1,NULL,NULL),(0x54833D631AA611E681A69E0D7F5201DB,1,2,20,'HSP114','2016-05-15 15:07:10',0xC9307ABBB0B54B9B984B4389303BB71B,'Monthly payment for electricity',218,50.0000,0.0000,50.0000,0.0000,2,NULL,NULL,NULL,6,1,NULL,NULL),(0x548341651AA611E681A69E0D7F5201DB,1,2,20,'HSP114','2016-05-15 15:07:10',0xC9307ABBB0B54B9B984B4389303BB71B,'Monthly payment for electricity',190,0.0000,50.0000,0.0000,50.0000,2,NULL,NULL,NULL,6,1,NULL,NULL),(0x54A995DB307C11E581A69E0D7F5201DB,1,1,8,'HSP45','2015-07-22 15:17:02',0xA7D49B889E5E4C5C9B2F0C419F4F85F4,'Facture a Salvador Barker (PA.HSP.1) pour 2 items dans le service Pediatrie. Invoicing patient PA.HSP.1',172,0.3029,0.0000,0.3029,0.0000,2,0x37B71201166349BF91455B94FD684A86,NULL,NULL,11,1,NULL,NULL),(0x54A9A520307C11E581A69E0D7F5201DB,1,1,8,'HSP45','2015-07-22 15:17:02',0xA7D49B889E5E4C5C9B2F0C419F4F85F4,'Facture a Salvador Barker (PA.HSP.1) pour 2 items dans le service Pediatrie. Invoicing patient PA.HSP.1',242,0.0000,0.0400,0.0000,0.0400,2,NULL,NULL,NULL,11,1,NULL,NULL),(0x54A9A89D307C11E581A69E0D7F5201DB,1,1,8,'HSP45','2015-07-22 15:17:02',0xA7D49B889E5E4C5C9B2F0C419F4F85F4,'Facture a Salvador Barker (PA.HSP.1) pour 2 items dans le service Pediatrie. Invoicing patient PA.HSP.1',242,0.0000,0.2629,0.0000,0.2629,2,NULL,NULL,NULL,11,1,NULL,NULL),(0x54E1E508CBF111E481A69E0D7F5201DB,1,1,4,'HSP18','2015-03-16 16:30:07',0xAF9EF7FC66754957985DC5C73C811837,'Paiement par Salvador Barker (PA.HSP.1) contre les facture(s) IV.HSP.4. -- ',191,0.8000,0.0000,0.8000,0.0000,2,NULL,NULL,NULL,2,1,NULL,NULL),(0x54E20C18CBF111E481A69E0D7F5201DB,1,1,4,'HSP18','2015-03-16 16:30:07',0xAF9EF7FC66754957985DC5C73C811837,'Paiement par Salvador Barker (PA.HSP.1) contre les facture(s) IV.HSP.4. -- ',172,0.0000,0.8000,0.0000,0.8000,2,0x37B71201166349BF91455B94FD684A86,0x4231D280EB6348BEBAD2FBFEA22A9E22,NULL,2,1,NULL,NULL),(0x5638DC3CB52A11E481A69E0D7F5201DB,1,1,3,'HSP9','2015-02-15 16:50:10',0x8813AA35D18E433581B4F1DFB3C25D2B,'Monthly payment for electricity',218,50.0000,0.0000,50.0000,0.0000,2,NULL,NULL,NULL,6,1,NULL,NULL),(0x5639B5C2B52A11E481A69E0D7F5201DB,1,1,3,'HSP9','2015-02-15 16:50:10',0x8813AA35D18E433581B4F1DFB3C25D2B,'Monthly payment for electricity',190,0.0000,50.0000,0.0000,50.0000,2,NULL,NULL,NULL,6,1,NULL,NULL),(0x577816CF307C11E581A69E0D7F5201DB,1,1,8,'HSP46','2015-07-22 15:17:07',0x9169E164AD3944BFB37B9E472586A421,'Paiement par Salvador Barker (PA.HSP.1) contre les facture(s) IV.HSP.13. -- ',191,0.3000,0.0000,0.3000,0.0000,2,NULL,NULL,NULL,2,1,NULL,NULL),(0x57782BE5307C11E581A69E0D7F5201DB,1,1,8,'HSP46','2015-07-22 15:17:07',0x9169E164AD3944BFB37B9E472586A421,'Paiement par Salvador Barker (PA.HSP.1) contre les facture(s) IV.HSP.13. -- ',172,0.0000,0.3000,0.0000,0.3000,2,0x37B71201166349BF91455B94FD684A86,0xA7D49B889E5E4C5C9B2F0C419F4F85F4,NULL,2,1,NULL,NULL),(0x577844CB307C11E581A69E0D7F5201DB,1,1,8,'HSP46','2015-07-22 15:17:07',0x9169E164AD3944BFB37B9E472586A421,'Paiement par Salvador Barker (PA.HSP.1) contre les facture(s) IV.HSP.13. -- ',172,0.0000,0.0029,0.0000,0.0029,2,0x37B71201166349BF91455B94FD684A86,0xA7D49B889E5E4C5C9B2F0C419F4F85F4,NULL,2,1,NULL,NULL),(0x57785211307C11E581A69E0D7F5201DB,1,1,8,'HSP46','2015-07-22 15:17:07',0x9169E164AD3944BFB37B9E472586A421,'Paiement par Salvador Barker (PA.HSP.1) contre les facture(s) IV.HSP.13. -- ',222,0.0029,0.0000,0.0029,0.0000,2,NULL,NULL,NULL,2,1,NULL,NULL),(0x58E1ED8BD3D711E581A69E0D7F5201DB,1,2,17,'HSP93','2016-02-15 12:29:10',0xD596F560D74C48ECAC4C9A65E3D49DAA,'Monthly payment for electricity',218,50.0000,0.0000,50.0000,0.0000,2,NULL,NULL,NULL,6,1,NULL,NULL),(0x58E1F1BED3D711E581A69E0D7F5201DB,1,2,17,'HSP93','2016-02-15 12:29:10',0xD596F560D74C48ECAC4C9A65E3D49DAA,'Monthly payment for electricity',190,0.0000,50.0000,0.0000,50.0000,2,NULL,NULL,NULL,6,1,NULL,NULL),(0x5A56E77CEA9711E581A69E0D7F5201DB,1,2,18,'HSP99','2016-03-15 11:19:02',0xBE200E4840F146D5BC4B274A451CAB9B,'Monthly water bill',190,0.0000,20.0000,0.0000,20.0000,2,NULL,NULL,NULL,6,1,NULL,NULL),(0x5A56EAEDEA9711E581A69E0D7F5201DB,1,2,18,'HSP99','2016-03-15 11:19:02',0xBE200E4840F146D5BC4B274A451CAB9B,'Monthly water bill',217,20.0000,0.0000,20.0000,0.0000,2,NULL,NULL,NULL,6,1,NULL,NULL),(0x5B608B82E9B311E481A69E0D7F5201DB,1,1,5,'HSP26','2015-04-23 13:22:01',0x763305E9349A45E6B33E1A345B33F2CD,'Facture a Justin Berry (PA.HSP.3) pour 4 items dans le service Medecine Interne. Invoicing patient PA.HSP.3',176,2.2500,0.0000,2.2500,0.0000,2,0xF306A04AC9C942098D2D770C7CD460C9,NULL,NULL,11,1,NULL,NULL),(0x5B609BCBE9B311E481A69E0D7F5201DB,1,1,5,'HSP26','2015-04-23 13:22:01',0x763305E9349A45E6B33E1A345B33F2CD,'Facture a Justin Berry (PA.HSP.3) pour 4 items dans le service Medecine Interne. Invoicing patient PA.HSP.3',242,0.0000,0.2700,0.0000,0.2700,2,NULL,NULL,NULL,11,1,NULL,NULL),(0x5B60A052E9B311E481A69E0D7F5201DB,1,1,5,'HSP26','2015-04-23 13:22:01',0x763305E9349A45E6B33E1A345B33F2CD,'Facture a Justin Berry (PA.HSP.3) pour 4 items dans le service Medecine Interne. Invoicing patient PA.HSP.3',242,0.0000,1.4800,0.0000,1.4800,2,NULL,NULL,NULL,11,1,NULL,NULL),(0x5B60A399E9B311E481A69E0D7F5201DB,1,1,5,'HSP26','2015-04-23 13:22:01',0x763305E9349A45E6B33E1A345B33F2CD,'Facture a Justin Berry (PA.HSP.3) pour 4 items dans le service Medecine Interne. Invoicing patient PA.HSP.3',242,0.0000,0.0200,0.0000,0.0200,2,NULL,NULL,NULL,11,1,NULL,NULL),(0x5B60A6D1E9B311E481A69E0D7F5201DB,1,1,5,'HSP26','2015-04-23 13:22:01',0x763305E9349A45E6B33E1A345B33F2CD,'Facture a Justin Berry (PA.HSP.3) pour 4 items dans le service Medecine Interne. Invoicing patient PA.HSP.3',242,0.0000,0.4800,0.0000,0.4800,2,NULL,NULL,NULL,11,1,NULL,NULL),(0x5D4123304BE611E581A69E0D7F5201DB,1,1,9,'HSP54','2015-08-26 12:34:01',0xAFFC169643E0407090195EBC3EFD611F,'Facture a Clayton Ruiz (PA.HSP.6) pour 5 items dans le service Administration. Invoicing patient PA.HSP.6',172,1.5100,0.0000,1.5100,0.0000,2,0x48E2AE2740D943EDB794245EB47FFE89,NULL,NULL,11,1,NULL,NULL),(0x5D4136634BE611E581A69E0D7F5201DB,1,1,9,'HSP54','2015-08-26 12:34:01',0xAFFC169643E0407090195EBC3EFD611F,'Facture a Clayton Ruiz (PA.HSP.6) pour 5 items dans le service Administration. Invoicing patient PA.HSP.6',242,0.0000,0.2000,0.0000,0.2000,2,NULL,NULL,NULL,11,1,NULL,NULL),(0x5D413AFF4BE611E581A69E0D7F5201DB,1,1,9,'HSP54','2015-08-26 12:34:01',0xAFFC169643E0407090195EBC3EFD611F,'Facture a Clayton Ruiz (PA.HSP.6) pour 5 items dans le service Administration. Invoicing patient PA.HSP.6',242,0.0000,0.1300,0.0000,0.1300,2,NULL,NULL,NULL,11,1,NULL,NULL),(0x5D413E104BE611E581A69E0D7F5201DB,1,1,9,'HSP54','2015-08-26 12:34:01',0xAFFC169643E0407090195EBC3EFD611F,'Facture a Clayton Ruiz (PA.HSP.6) pour 5 items dans le service Administration. Invoicing patient PA.HSP.6',242,0.0000,0.0300,0.0000,0.0300,2,NULL,NULL,NULL,11,1,NULL,NULL),(0x5D4140D44BE611E581A69E0D7F5201DB,1,1,9,'HSP54','2015-08-26 12:34:01',0xAFFC169643E0407090195EBC3EFD611F,'Facture a Clayton Ruiz (PA.HSP.6) pour 5 items dans le service Administration. Invoicing patient PA.HSP.6',242,0.0000,0.2500,0.0000,0.2500,2,NULL,NULL,NULL,11,1,NULL,NULL),(0x5D41437A4BE611E581A69E0D7F5201DB,1,1,9,'HSP54','2015-08-26 12:34:01',0xAFFC169643E0407090195EBC3EFD611F,'Facture a Clayton Ruiz (PA.HSP.6) pour 5 items dans le service Administration. Invoicing patient PA.HSP.6',242,0.0000,0.9000,0.0000,0.9000,2,NULL,NULL,NULL,11,1,NULL,NULL),(0x5F34CE7DEA9711E581A69E0D7F5201DB,1,2,18,'HSP100','2016-03-15 11:19:10',0x23257A3A04DA4AB6BC40C9304551DC02,'Monthly payment for electricity',218,50.0000,0.0000,50.0000,0.0000,2,NULL,NULL,NULL,6,1,NULL,NULL),(0x5F34D1BCEA9711E581A69E0D7F5201DB,1,2,18,'HSP100','2016-03-15 11:19:10',0x23257A3A04DA4AB6BC40C9304551DC02,'Monthly payment for electricity',190,0.0000,50.0000,0.0000,50.0000,2,NULL,NULL,NULL,6,1,NULL,NULL),(0x623A3306691111E681A69E0D7F5201DB,1,2,23,'HSP138','2016-08-23 10:10:01',0x3834A9D8B22145FE8C7308EE7E3E86D0,'Facture a Justin Berry (PA.HSP.3) pour 3 items dans le service Medecine Interne. Invoicing patient PA.HSP.3',176,4.4600,0.0000,4.4600,0.0000,2,0xF306A04AC9C942098D2D770C7CD460C9,NULL,NULL,11,1,NULL,NULL),(0x623A3FFD691111E681A69E0D7F5201DB,1,2,23,'HSP138','2016-08-23 10:10:01',0x3834A9D8B22145FE8C7308EE7E3E86D0,'Facture a Justin Berry (PA.HSP.3) pour 3 items dans le service Medecine Interne. Invoicing patient PA.HSP.3',242,0.0000,0.2500,0.0000,0.2500,2,NULL,NULL,NULL,11,1,NULL,NULL),(0x623A462C691111E681A69E0D7F5201DB,1,2,23,'HSP138','2016-08-23 10:10:01',0x3834A9D8B22145FE8C7308EE7E3E86D0,'Facture a Justin Berry (PA.HSP.3) pour 3 items dans le service Medecine Interne. Invoicing patient PA.HSP.3',242,0.0000,0.0100,0.0000,0.0100,2,NULL,NULL,NULL,11,1,NULL,NULL),(0x623A491E691111E681A69E0D7F5201DB,1,2,23,'HSP138','2016-08-23 10:10:01',0x3834A9D8B22145FE8C7308EE7E3E86D0,'Facture a Justin Berry (PA.HSP.3) pour 3 items dans le service Medecine Interne. Invoicing patient PA.HSP.3',243,0.0000,4.2000,0.0000,4.2000,2,NULL,NULL,NULL,11,1,NULL,NULL),(0x69B9CAE21F2B11E581A69E0D7F5201DB,1,1,7,'HSP41','2015-06-30 14:25:01',0x874EF7C2A3FB4AABAAC9A0C0F5828789,'Transfer de 1.64 viens de Caisse Auxiliaire USD à Virement des fonds Caisse Auxiliaire - Caisse Principale USD par Administrator.',194,1.6400,0.0000,1.6400,0.0000,2,NULL,NULL,NULL,5,1,NULL,NULL),(0x69BFAE211F2B11E581A69E0D7F5201DB,1,1,7,'HSP41','2015-06-30 14:25:01',0x874EF7C2A3FB4AABAAC9A0C0F5828789,'Transfer de 1.64 viens de Caisse Auxiliaire USD à Virement des fonds Caisse Auxiliaire - Caisse Principale USD par Administrator.',191,0.0000,1.6400,0.0000,1.6400,2,NULL,NULL,NULL,5,1,NULL,NULL),(0x6B0F8E8EC11111E581A69E0D7F5201DB,1,2,16,'HSP87','2016-01-22 15:07:02',0x25C5DED97DD64D87B2CB62FF65E37903,'Facture a Salvador Barker (PA.HSP.1) pour 2 items dans le service Pediatrie. Invoicing patient PA.HSP.1',172,0.0900,0.0000,0.0900,0.0000,2,0x37B71201166349BF91455B94FD684A86,NULL,NULL,11,1,NULL,NULL),(0x6B0FA9C7C11111E581A69E0D7F5201DB,1,2,16,'HSP87','2016-01-22 15:07:02',0x25C5DED97DD64D87B2CB62FF65E37903,'Facture a Salvador Barker (PA.HSP.1) pour 2 items dans le service Pediatrie. Invoicing patient PA.HSP.1',242,0.0000,0.0800,0.0000,0.0800,2,NULL,NULL,NULL,11,1,NULL,NULL),(0x6B0FB032C11111E581A69E0D7F5201DB,1,2,16,'HSP87','2016-01-22 15:07:02',0x25C5DED97DD64D87B2CB62FF65E37903,'Facture a Salvador Barker (PA.HSP.1) pour 2 items dans le service Pediatrie. Invoicing patient PA.HSP.1',242,0.0000,0.0100,0.0000,0.0100,2,NULL,NULL,NULL,11,1,NULL,NULL),(0x6B43ED3774AF11E581A69E0D7F5201DB,1,1,11,'HSP66','2015-10-17 10:14:01',0xE9C23B22DC35458F9859E9DD2381B9B6,'Facture a Jonathon Meyer (PA.HSP.2) pour 4 items dans le service Medecine Interne. Invoicing patient PA.HSP.2',176,3.2055,0.0000,3.2055,0.0000,2,0x6FCFA05DD76E4DB38CEC53AC899D4388,NULL,NULL,11,1,NULL,NULL),(0x6B43FBB274AF11E581A69E0D7F5201DB,1,1,11,'HSP66','2015-10-17 10:14:01',0xE9C23B22DC35458F9859E9DD2381B9B6,'Facture a Jonathon Meyer (PA.HSP.2) pour 4 items dans le service Medecine Interne. Invoicing patient PA.HSP.2',242,0.0000,1.4955,0.0000,1.4955,2,NULL,NULL,NULL,11,1,NULL,NULL),(0x6B43FF8974AF11E581A69E0D7F5201DB,1,1,11,'HSP66','2015-10-17 10:14:01',0xE9C23B22DC35458F9859E9DD2381B9B6,'Facture a Jonathon Meyer (PA.HSP.2) pour 4 items dans le service Medecine Interne. Invoicing patient PA.HSP.2',242,0.0000,0.0100,0.0000,0.0100,2,NULL,NULL,NULL,11,1,NULL,NULL),(0x6B44021F74AF11E581A69E0D7F5201DB,1,1,11,'HSP66','2015-10-17 10:14:01',0xE9C23B22DC35458F9859E9DD2381B9B6,'Facture a Jonathon Meyer (PA.HSP.2) pour 4 items dans le service Medecine Interne. Invoicing patient PA.HSP.2',242,0.0000,1.3500,0.0000,1.3500,2,NULL,NULL,NULL,11,1,NULL,NULL),(0x6B44250174AF11E581A69E0D7F5201DB,1,1,11,'HSP66','2015-10-17 10:14:01',0xE9C23B22DC35458F9859E9DD2381B9B6,'Facture a Jonathon Meyer (PA.HSP.2) pour 4 items dans le service Medecine Interne. Invoicing patient PA.HSP.2',242,0.0000,0.3500,0.0000,0.3500,2,NULL,NULL,NULL,11,1,NULL,NULL),(0x6DD3310CC11111E581A69E0D7F5201DB,1,2,16,'HSP88','2016-01-22 15:07:07',0xB39A0C0ABC7646BA95B266760B601D19,'Paiement par Salvador Barker (PA.HSP.1) contre les facture(s) IV.HSP.23. -- ',191,1.7000,0.0000,1.7000,0.0000,2,NULL,NULL,NULL,2,1,NULL,NULL),(0x6DD342AEC11111E581A69E0D7F5201DB,1,2,16,'HSP88','2016-01-22 15:07:07',0xB39A0C0ABC7646BA95B266760B601D19,'Paiement par Salvador Barker (PA.HSP.1) contre les facture(s) IV.HSP.23. -- ',172,0.0000,1.6955,0.0000,1.6955,2,0x37B71201166349BF91455B94FD684A86,0xC3B9747BCBBF472FAEE790E1DF001DAF,NULL,2,1,NULL,NULL),(0x6DD359CEC11111E581A69E0D7F5201DB,1,2,16,'HSP88','2016-01-22 15:07:07',0xB39A0C0ABC7646BA95B266760B601D19,'Paiement par Salvador Barker (PA.HSP.1) contre les facture(s) IV.HSP.23. -- ',262,0.0000,0.0045,0.0000,0.0045,2,NULL,NULL,NULL,2,1,NULL,NULL),(0x6E033AAB74AF11E581A69E0D7F5201DB,1,1,11,'HSP67','2015-10-17 10:14:09',0xBE16A5B6D42E44FC91F4836274A57F78,'Paiement par Marcus Medina (PA.HSP.5) contre les facture(s) IV.HSP.15. -- ',191,0.3000,0.0000,0.3000,0.0000,2,NULL,NULL,NULL,2,1,NULL,NULL),(0x6E03479674AF11E581A69E0D7F5201DB,1,1,11,'HSP67','2015-10-17 10:14:09',0xBE16A5B6D42E44FC91F4836274A57F78,'Paiement par Marcus Medina (PA.HSP.5) contre les facture(s) IV.HSP.15. -- ',176,0.0000,0.3000,0.0000,0.3000,2,0x3C9BFB37D4D8428FBBBDC2C96AE64E4D,0x81B9336FCA094DA680A4414F33957D23,NULL,2,1,NULL,NULL),(0x6F7BC4561F7011E681A69E0D7F5201DB,1,2,20,'HSP115','2016-05-21 17:24:02',0xAB05664272DE46698F348A41AD9FA36D,'Facture a Marcus Medina (PA.HSP.5) pour 1 items dans le service Pediatrie. Invoicing patient PA.HSP.5',176,0.6451,0.0000,0.6451,0.0000,2,0x3C9BFB37D4D8428FBBBDC2C96AE64E4D,NULL,NULL,11,1,NULL,NULL),(0x6F7BD29F1F7011E681A69E0D7F5201DB,1,2,20,'HSP115','2016-05-21 17:24:02',0xAB05664272DE46698F348A41AD9FA36D,'Facture a Marcus Medina (PA.HSP.5) pour 1 items dans le service Pediatrie. Invoicing patient PA.HSP.5',242,0.0000,0.6451,0.0000,0.6451,2,NULL,NULL,NULL,11,1,NULL,NULL),(0x7000F15E1F2B11E581A69E0D7F5201DB,1,1,7,'HSP42','2015-06-30 14:25:03',0x394F8852D3C34845AA8775A972CE076D,'Monthly transfer to primary cash box',194,0.0000,1.6400,0.0000,1.6400,2,NULL,0x874EF7C2A3FB4AABAAC9A0C0F5828789,NULL,5,1,NULL,NULL),(0x7000F5D31F2B11E581A69E0D7F5201DB,1,1,7,'HSP42','2015-06-30 14:25:03',0x394F8852D3C34845AA8775A972CE076D,'Monthly transfer to primary cash box',190,1.6400,0.0000,1.6400,0.0000,2,NULL,0x874EF7C2A3FB4AABAAC9A0C0F5828789,NULL,5,1,NULL,NULL),(0x7230FC0C1F7011E681A69E0D7F5201DB,1,2,20,'HSP116','2016-05-21 17:24:06',0x7E14C23428AD4579892F0D724FF5649C,'Paiement par Salvador Barker (PA.HSP.1) contre les facture(s) IV.HSP.31. -- ',191,1.5300,0.0000,1.5300,0.0000,2,NULL,NULL,NULL,2,1,NULL,NULL),(0x723202851F7011E681A69E0D7F5201DB,1,2,20,'HSP116','2016-05-21 17:24:06',0x7E14C23428AD4579892F0D724FF5649C,'Paiement par Salvador Barker (PA.HSP.1) contre les facture(s) IV.HSP.31. -- ',172,0.0000,1.5285,0.0000,1.5285,2,0x37B71201166349BF91455B94FD684A86,0xD75B402FDE1D4B5C83185E7021EFFC74,NULL,2,1,NULL,NULL),(0x72322FDC1F7011E681A69E0D7F5201DB,1,2,20,'HSP116','2016-05-21 17:24:06',0x7E14C23428AD4579892F0D724FF5649C,'Paiement par Salvador Barker (PA.HSP.1) contre les facture(s) IV.HSP.31. -- ',262,0.0000,0.0015,0.0000,0.0015,2,NULL,NULL,NULL,2,1,NULL,NULL),(0x76512481735811E581A69E0D7F5201DB,1,1,11,'HSP64','2015-10-15 17:19:02',0x400E96D70A314FE98360FC45558A3E4E,'Monthly water bill',190,0.0000,20.0000,0.0000,20.0000,2,NULL,NULL,NULL,6,1,NULL,NULL),(0x7651292A735811E581A69E0D7F5201DB,1,1,11,'HSP64','2015-10-15 17:19:02',0x400E96D70A314FE98360FC45558A3E4E,'Monthly water bill',217,20.0000,0.0000,20.0000,0.0000,2,NULL,NULL,NULL,6,1,NULL,NULL),(0x77BD30B58B8111E581A69E0D7F5201DB,1,1,12,'HSP71','2015-11-15 11:13:02',0x2E55E435C81A451E8C8B8C5B8F24F100,'Monthly water bill',217,20.0000,0.0000,20.0000,0.0000,2,NULL,NULL,NULL,6,1,NULL,NULL),(0x77C3276D8B8111E581A69E0D7F5201DB,1,1,12,'HSP71','2015-11-15 11:13:02',0x2E55E435C81A451E8C8B8C5B8F24F100,'Monthly water bill',190,0.0000,20.0000,0.0000,20.0000,2,NULL,NULL,NULL,6,1,NULL,NULL),(0x7807C2E3639F11E581A69E0D7F5201DB,1,1,10,'HSP61','2015-09-25 17:07:02',0x0B6FC3FF485A45B5ABEC9AFE02DFC8FC,'Facture a Herman Butler (PA.HSP.4) pour 4 items dans le service Pediatrie. Invoicing patient PA.HSP.4',176,0.8400,0.0000,0.8400,0.0000,2,0x8BB566B220514B1788EAF9C8B527F819,NULL,NULL,11,1,NULL,NULL),(0x7807D0F6639F11E581A69E0D7F5201DB,1,1,10,'HSP61','2015-09-25 17:07:02',0x0B6FC3FF485A45B5ABEC9AFE02DFC8FC,'Facture a Herman Butler (PA.HSP.4) pour 4 items dans le service Pediatrie. Invoicing patient PA.HSP.4',242,0.0000,0.1800,0.0000,0.1800,2,NULL,NULL,NULL,11,1,NULL,NULL),(0x7807D5A6639F11E581A69E0D7F5201DB,1,1,10,'HSP61','2015-09-25 17:07:02',0x0B6FC3FF485A45B5ABEC9AFE02DFC8FC,'Facture a Herman Butler (PA.HSP.4) pour 4 items dans le service Pediatrie. Invoicing patient PA.HSP.4',242,0.0000,0.4500,0.0000,0.4500,2,NULL,NULL,NULL,11,1,NULL,NULL),(0x7807D89C639F11E581A69E0D7F5201DB,1,1,10,'HSP61','2015-09-25 17:07:02',0x0B6FC3FF485A45B5ABEC9AFE02DFC8FC,'Facture a Herman Butler (PA.HSP.4) pour 4 items dans le service Pediatrie. Invoicing patient PA.HSP.4',242,0.0000,0.2000,0.0000,0.2000,2,NULL,NULL,NULL,11,1,NULL,NULL),(0x7807DB31639F11E581A69E0D7F5201DB,1,1,10,'HSP61','2015-09-25 17:07:02',0x0B6FC3FF485A45B5ABEC9AFE02DFC8FC,'Facture a Herman Butler (PA.HSP.4) pour 4 items dans le service Pediatrie. Invoicing patient PA.HSP.4',242,0.0000,0.0100,0.0000,0.0100,2,NULL,NULL,NULL,11,1,NULL,NULL),(0x78417859870911E681A69E0D7F5201DB,1,2,24,'HSP146','2016-09-30 13:29:01',0xB98D20B4D827452598E56C683F557C73,'Transfer de 56.99 viens de Caisse Auxiliaire USD à Virement des fonds Caisse Auxiliaire - Caisse Principale USD par Administrator.',194,56.9900,0.0000,56.9900,0.0000,2,NULL,NULL,NULL,5,1,NULL,NULL),(0x78417DD4870911E681A69E0D7F5201DB,1,2,24,'HSP146','2016-09-30 13:29:01',0xB98D20B4D827452598E56C683F557C73,'Transfer de 56.99 viens de Caisse Auxiliaire USD à Virement des fonds Caisse Auxiliaire - Caisse Principale USD par Administrator.',191,0.0000,56.9900,0.0000,56.9900,2,NULL,NULL,NULL,5,1,NULL,NULL),(0x7B4EDE1D735811E581A69E0D7F5201DB,1,1,11,'HSP65','2015-10-15 17:19:10',0xEBB9FE1DF06C4F1EB0C31BB7554346D6,'Monthly payment for electricity',190,0.0000,50.0000,0.0000,50.0000,2,NULL,NULL,NULL,6,1,NULL,NULL),(0x7B4EE5B3735811E581A69E0D7F5201DB,1,1,11,'HSP65','2015-10-15 17:19:10',0xEBB9FE1DF06C4F1EB0C31BB7554346D6,'Monthly payment for electricity',218,50.0000,0.0000,50.0000,0.0000,2,NULL,NULL,NULL,6,1,NULL,NULL),(0x7CA873DB8B8111E581A69E0D7F5201DB,1,1,12,'HSP72','2015-11-15 11:13:10',0x7F4C87DB68664F7B93DD71468ABE37F7,'Monthly payment for electricity',218,50.0000,0.0000,50.0000,0.0000,2,NULL,NULL,NULL,6,1,NULL,NULL),(0x7CA879338B8111E581A69E0D7F5201DB,1,1,12,'HSP72','2015-11-15 11:13:10',0x7F4C87DB68664F7B93DD71468ABE37F7,'Monthly payment for electricity',190,0.0000,50.0000,0.0000,50.0000,2,NULL,NULL,NULL,6,1,NULL,NULL),(0x7E9A6CC5534E11E681A69E0D7F5201DB,1,2,22,'HSP131','2016-07-26 17:32:02',0x1EA8B32C30F243919E99AD5E4FC2450B,'Facture a Glen Higgins (PA.HSP.8) pour 5 items dans le service Medecine Interne. Invoicing patient PA.HSP.8',172,0.6100,0.0000,0.6100,0.0000,2,0x5F7724607F3B45D3B508F9E1B4E75D9A,NULL,NULL,11,1,NULL,NULL),(0x7E9A7914534E11E681A69E0D7F5201DB,1,2,22,'HSP131','2016-07-26 17:32:02',0x1EA8B32C30F243919E99AD5E4FC2450B,'Facture a Glen Higgins (PA.HSP.8) pour 5 items dans le service Medecine Interne. Invoicing patient PA.HSP.8',242,0.0000,0.2000,0.0000,0.2000,2,NULL,NULL,NULL,11,1,NULL,NULL),(0x7E9A7C92534E11E681A69E0D7F5201DB,1,2,22,'HSP131','2016-07-26 17:32:02',0x1EA8B32C30F243919E99AD5E4FC2450B,'Facture a Glen Higgins (PA.HSP.8) pour 5 items dans le service Medecine Interne. Invoicing patient PA.HSP.8',242,0.0000,0.0200,0.0000,0.0200,2,NULL,NULL,NULL,11,1,NULL,NULL),(0x7E9A7F22534E11E681A69E0D7F5201DB,1,2,22,'HSP131','2016-07-26 17:32:02',0x1EA8B32C30F243919E99AD5E4FC2450B,'Facture a Glen Higgins (PA.HSP.8) pour 5 items dans le service Medecine Interne. Invoicing patient PA.HSP.8',242,0.0000,0.0100,0.0000,0.0100,2,NULL,NULL,NULL,11,1,NULL,NULL),(0x7E9A8182534E11E681A69E0D7F5201DB,1,2,22,'HSP131','2016-07-26 17:32:02',0x1EA8B32C30F243919E99AD5E4FC2450B,'Facture a Glen Higgins (PA.HSP.8) pour 5 items dans le service Medecine Interne. Invoicing patient PA.HSP.8',242,0.0000,0.3500,0.0000,0.3500,2,NULL,NULL,NULL,11,1,NULL,NULL),(0x7E9A83D9534E11E681A69E0D7F5201DB,1,2,22,'HSP131','2016-07-26 17:32:02',0x1EA8B32C30F243919E99AD5E4FC2450B,'Facture a Glen Higgins (PA.HSP.8) pour 5 items dans le service Medecine Interne. Invoicing patient PA.HSP.8',242,0.0000,0.0300,0.0000,0.0300,2,NULL,NULL,NULL,11,1,NULL,NULL),(0x7EAB353D386111E681A69E0D7F5201DB,1,2,21,'HSP122','2016-06-22 11:10:02',0x6A48E572BBBF4841BAA7A14606387E74,'Facture a Justin Berry (PA.HSP.3) pour 3 items dans le service Pediatrie. Invoicing patient PA.HSP.3',176,5.6400,0.0000,5.6400,0.0000,2,0xF306A04AC9C942098D2D770C7CD460C9,NULL,NULL,11,1,NULL,NULL),(0x7EABB96B386111E681A69E0D7F5201DB,1,2,21,'HSP122','2016-06-22 11:10:02',0x6A48E572BBBF4841BAA7A14606387E74,'Facture a Justin Berry (PA.HSP.3) pour 3 items dans le service Pediatrie. Invoicing patient PA.HSP.3',242,0.0000,3.6000,0.0000,3.6000,2,NULL,NULL,NULL,11,1,NULL,NULL),(0x7EABBD0D386111E681A69E0D7F5201DB,1,2,21,'HSP122','2016-06-22 11:10:02',0x6A48E572BBBF4841BAA7A14606387E74,'Facture a Justin Berry (PA.HSP.3) pour 3 items dans le service Pediatrie. Invoicing patient PA.HSP.3',242,0.0000,1.0400,0.0000,1.0400,2,NULL,NULL,NULL,11,1,NULL,NULL),(0x7EABBF53386111E681A69E0D7F5201DB,1,2,21,'HSP122','2016-06-22 11:10:02',0x6A48E572BBBF4841BAA7A14606387E74,'Facture a Justin Berry (PA.HSP.3) pour 3 items dans le service Pediatrie. Invoicing patient PA.HSP.3',242,0.0000,1.0000,0.0000,1.0000,2,NULL,NULL,NULL,11,1,NULL,NULL),(0x7EB07E8A870911E681A69E0D7F5201DB,1,2,24,'HSP147','2016-09-30 13:29:03',0x5B71E24D015B43CA8C86DCF62327F619,'Monthly transfer to primary cash box',194,0.0000,56.9900,0.0000,56.9900,2,NULL,0xB98D20B4D827452598E56C683F557C73,NULL,5,1,NULL,NULL),(0x7EB0835F870911E681A69E0D7F5201DB,1,2,24,'HSP147','2016-09-30 13:29:03',0x5B71E24D015B43CA8C86DCF62327F619,'Monthly transfer to primary cash box',190,56.9900,0.0000,56.9900,0.0000,2,NULL,0xB98D20B4D827452598E56C683F557C73,NULL,5,1,NULL,NULL),(0x8181485F32F911E681A69E0D7F5201DB,1,2,21,'HSP120','2016-06-15 14:03:02',0x825EBCAE27AA491E82F5A1FB42384F39,'Monthly water bill',190,0.0000,20.0000,0.0000,20.0000,2,NULL,NULL,NULL,6,1,NULL,NULL),(0x81814E4E32F911E681A69E0D7F5201DB,1,2,21,'HSP120','2016-06-15 14:03:02',0x825EBCAE27AA491E82F5A1FB42384F39,'Monthly water bill',217,20.0000,0.0000,20.0000,0.0000,2,NULL,NULL,NULL,6,1,NULL,NULL),(0x8192DB25386111E681A69E0D7F5201DB,1,2,21,'HSP123','2016-06-22 11:10:08',0x3A62458DE3CA4DC091A192A7A7FCD339,'Paiement par Justin Berry (PA.HSP.3) contre les facture(s) IV.HSP.11. -- ',191,0.4700,0.0000,0.4700,0.0000,2,NULL,NULL,NULL,2,1,NULL,NULL),(0x8192E995386111E681A69E0D7F5201DB,1,2,21,'HSP123','2016-06-22 11:10:08',0x3A62458DE3CA4DC091A192A7A7FCD339,'Paiement par Justin Berry (PA.HSP.3) contre les facture(s) IV.HSP.11. -- ',176,0.0000,0.4696,0.0000,0.4696,2,0xF306A04AC9C942098D2D770C7CD460C9,0x83C32EABFB734DBAA89FF9BD3057A108,NULL,2,1,NULL,NULL),(0x8192FCE8386111E681A69E0D7F5201DB,1,2,21,'HSP123','2016-06-22 11:10:08',0x3A62458DE3CA4DC091A192A7A7FCD339,'Paiement par Justin Berry (PA.HSP.3) contre les facture(s) IV.HSP.11. -- ',262,0.0000,0.0004,0.0000,0.0004,2,NULL,NULL,NULL,2,1,NULL,NULL),(0x8286EC03B6FB11E681A69E0D7F5201DB,1,2,26,'HSP160','2016-11-30 13:50:01',0x071DD33EC33D4CE19728EF792C1F254E,'Transfer de 0.35 viens de Caisse Auxiliaire USD à Virement des fonds Caisse Auxiliaire - Caisse Principale USD par Administrator.',194,0.3500,0.0000,0.3500,0.0000,2,NULL,NULL,NULL,5,1,NULL,NULL),(0x8286EFEDB6FB11E681A69E0D7F5201DB,1,2,26,'HSP160','2016-11-30 13:50:01',0x071DD33EC33D4CE19728EF792C1F254E,'Transfer de 0.35 viens de Caisse Auxiliaire USD à Virement des fonds Caisse Auxiliaire - Caisse Principale USD par Administrator.',191,0.0000,0.3500,0.0000,0.3500,2,NULL,NULL,NULL,5,1,NULL,NULL),(0x8299186CBF3F11E481A69E0D7F5201DB,1,1,3,'HSP13','2015-02-28 12:47:01',0xB4AEFAC129DD4E5A8EC2FC60D9AC7A26,'Transfer de 1.07 viens de Caisse Auxiliaire USD à Virement des fonds Caisse Auxiliaire - Caisse Principale USD par Administrator.',194,1.0700,0.0000,1.0700,0.0000,2,NULL,NULL,NULL,5,1,NULL,NULL),(0x82991EE8BF3F11E481A69E0D7F5201DB,1,1,3,'HSP13','2015-02-28 12:47:01',0xB4AEFAC129DD4E5A8EC2FC60D9AC7A26,'Transfer de 1.07 viens de Caisse Auxiliaire USD à Virement des fonds Caisse Auxiliaire - Caisse Principale USD par Administrator.',191,0.0000,1.0700,0.0000,1.0700,2,NULL,NULL,NULL,5,1,NULL,NULL),(0x866EB5A332F911E681A69E0D7F5201DB,1,2,21,'HSP121','2016-06-15 14:03:10',0x487FCCBC2E504032884BD1972B30E48F,'Monthly payment for electricity',190,0.0000,50.0000,0.0000,50.0000,2,NULL,NULL,NULL,6,1,NULL,NULL),(0x866EBAF232F911E681A69E0D7F5201DB,1,2,21,'HSP121','2016-06-15 14:03:10',0x487FCCBC2E504032884BD1972B30E48F,'Monthly payment for electricity',218,50.0000,0.0000,50.0000,0.0000,2,NULL,NULL,NULL,6,1,NULL,NULL),(0x8679A3BFA8BD11E581A69E0D7F5201DB,1,1,13,'HSP80','2015-12-22 16:06:01',0xC3B9747BCBBF472FAEE790E1DF001DAF,'Facture a Salvador Barker (PA.HSP.1) pour 3 items dans le service Medecine Interne. Invoicing patient PA.HSP.1',172,1.6955,0.0000,1.6955,0.0000,2,0x37B71201166349BF91455B94FD684A86,NULL,NULL,11,1,NULL,NULL),(0x8679ADBFA8BD11E581A69E0D7F5201DB,1,1,13,'HSP80','2015-12-22 16:06:01',0xC3B9747BCBBF472FAEE790E1DF001DAF,'Facture a Salvador Barker (PA.HSP.1) pour 3 items dans le service Medecine Interne. Invoicing patient PA.HSP.1',242,0.0000,1.4955,0.0000,1.4955,2,NULL,NULL,NULL,11,1,NULL,NULL),(0x8679B00EA8BD11E581A69E0D7F5201DB,1,1,13,'HSP80','2015-12-22 16:06:01',0xC3B9747BCBBF472FAEE790E1DF001DAF,'Facture a Salvador Barker (PA.HSP.1) pour 3 items dans le service Medecine Interne. Invoicing patient PA.HSP.1',242,0.0000,0.0200,0.0000,0.0200,2,NULL,NULL,NULL,11,1,NULL,NULL),(0x8679B1B0A8BD11E581A69E0D7F5201DB,1,1,13,'HSP80','2015-12-22 16:06:01',0xC3B9747BCBBF472FAEE790E1DF001DAF,'Facture a Salvador Barker (PA.HSP.1) pour 3 items dans le service Medecine Interne. Invoicing patient PA.HSP.1',242,0.0000,0.1800,0.0000,0.1800,2,NULL,NULL,NULL,11,1,NULL,NULL),(0x88E6568DB6FB11E681A69E0D7F5201DB,1,2,26,'HSP161','2016-11-30 13:50:03',0xB33F392FF08C47F096006852D4577C3B,'Monthly transfer to primary cash box',194,0.0000,0.3500,0.0000,0.3500,2,NULL,0x071DD33EC33D4CE19728EF792C1F254E,NULL,5,1,NULL,NULL),(0x88E65DA2B6FB11E681A69E0D7F5201DB,1,2,26,'HSP161','2016-11-30 13:50:03',0xB33F392FF08C47F096006852D4577C3B,'Monthly transfer to primary cash box',190,0.3500,0.0000,0.3500,0.0000,2,NULL,0x071DD33EC33D4CE19728EF792C1F254E,NULL,5,1,NULL,NULL),(0x88E6BF92BF3F11E481A69E0D7F5201DB,1,1,3,'HSP14','2015-02-28 12:47:03',0x6C329C16B1254D5C8A23816E2446C79E,'Monthly transfer to primary cash box',190,1.0700,0.0000,1.0700,0.0000,2,NULL,0xB4AEFAC129DD4E5A8EC2FC60D9AC7A26,NULL,5,1,NULL,NULL),(0x88E733F1BF3F11E481A69E0D7F5201DB,1,1,3,'HSP14','2015-02-28 12:47:03',0x6C329C16B1254D5C8A23816E2446C79E,'Monthly transfer to primary cash box',194,0.0000,1.0700,0.0000,1.0700,2,NULL,0xB4AEFAC129DD4E5A8EC2FC60D9AC7A26,NULL,5,1,NULL,NULL),(0x8956CFB0FAE511E481A69E0D7F5201DB,1,1,6,'HSP29','2015-05-15 10:34:02',0x0E556749FC034760B19AA207554BA38B,'Monthly water bill',190,0.0000,20.0000,0.0000,20.0000,2,NULL,NULL,NULL,6,1,NULL,NULL),(0x8956D18FA8BD11E581A69E0D7F5201DB,1,1,13,'HSP81','2015-12-22 16:06:08',0x87668890C8764ACA8F63CBD2A482BC25,'Paiement par Justin Berry (PA.HSP.3) contre les facture(s) IV.HSP.8. -- ',191,2.2500,0.0000,2.2500,0.0000,2,NULL,NULL,NULL,2,1,NULL,NULL),(0x8956F21BA8BD11E581A69E0D7F5201DB,1,1,13,'HSP81','2015-12-22 16:06:08',0x87668890C8764ACA8F63CBD2A482BC25,'Paiement par Justin Berry (PA.HSP.3) contre les facture(s) IV.HSP.8. -- ',176,0.0000,2.2500,0.0000,2.2500,2,0xF306A04AC9C942098D2D770C7CD460C9,0x763305E9349A45E6B33E1A345B33F2CD,NULL,2,1,NULL,NULL),(0x89583FACFAE511E481A69E0D7F5201DB,1,1,6,'HSP29','2015-05-15 10:34:02',0x0E556749FC034760B19AA207554BA38B,'Monthly water bill',217,20.0000,0.0000,20.0000,0.0000,2,NULL,NULL,NULL,6,1,NULL,NULL),(0x8B97D2534FE311E581A69E0D7F5201DB,1,1,9,'HSP55','2015-08-31 14:24:01',0x0E3BDBEB215541FC81BA0B833EB5F0A1,'Transfer de 0.16 viens de Caisse Auxiliaire USD à Virement des fonds Caisse Auxiliaire - Caisse Principale USD par Administrator.',194,0.1600,0.0000,0.1600,0.0000,2,NULL,NULL,NULL,5,1,NULL,NULL),(0x8B9E07CB4FE311E581A69E0D7F5201DB,1,1,9,'HSP55','2015-08-31 14:24:01',0x0E3BDBEB215541FC81BA0B833EB5F0A1,'Transfer de 0.16 viens de Caisse Auxiliaire USD à Virement des fonds Caisse Auxiliaire - Caisse Principale USD par Administrator.',191,0.0000,0.1600,0.0000,0.1600,2,NULL,NULL,NULL,5,1,NULL,NULL),(0x8E839321FAE511E481A69E0D7F5201DB,1,1,6,'HSP30','2015-05-15 10:34:10',0x1444ABCA54804E7BB18CCA6106DA4C8C,'Monthly payment for electricity',218,50.0000,0.0000,50.0000,0.0000,2,NULL,NULL,NULL,6,1,NULL,NULL),(0x8E839707FAE511E481A69E0D7F5201DB,1,1,6,'HSP30','2015-05-15 10:34:10',0x1444ABCA54804E7BB18CCA6106DA4C8C,'Monthly payment for electricity',190,0.0000,50.0000,0.0000,50.0000,2,NULL,NULL,NULL,6,1,NULL,NULL),(0x8F689C1A80A111E681A69E0D7F5201DB,1,2,24,'HSP143','2016-09-22 09:50:01',0x3D696CB30D1247298DB3ED540224985D,'Facture a Darin Francis (PA.HSP.21) pour 3 items dans le service Medecine Interne. Invoicing patient PA.HSP.21',176,0.7435,0.0000,0.7435,0.0000,2,0x4761C167D8DB484CA827EBBA6D33B46F,NULL,NULL,11,1,NULL,NULL),(0x8F68AF1B80A111E681A69E0D7F5201DB,1,2,24,'HSP143','2016-09-22 09:50:01',0x3D696CB30D1247298DB3ED540224985D,'Facture a Darin Francis (PA.HSP.21) pour 3 items dans le service Medecine Interne. Invoicing patient PA.HSP.21',242,0.0000,0.4035,0.0000,0.4035,2,NULL,NULL,NULL,11,1,NULL,NULL),(0x8F68B3A480A111E681A69E0D7F5201DB,1,2,24,'HSP143','2016-09-22 09:50:01',0x3D696CB30D1247298DB3ED540224985D,'Facture a Darin Francis (PA.HSP.21) pour 3 items dans le service Medecine Interne. Invoicing patient PA.HSP.21',242,0.0000,0.0400,0.0000,0.0400,2,NULL,NULL,NULL,11,1,NULL,NULL),(0x8F68B7E880A111E681A69E0D7F5201DB,1,2,24,'HSP143','2016-09-22 09:50:01',0x3D696CB30D1247298DB3ED540224985D,'Facture a Darin Francis (PA.HSP.21) pour 3 items dans le service Medecine Interne. Invoicing patient PA.HSP.21',242,0.0000,0.3000,0.0000,0.3000,2,NULL,NULL,NULL,11,1,NULL,NULL),(0x916AAB2A8D0411E581A69E0D7F5201DB,1,1,12,'HSP73','2015-11-17 09:24:01',0x2B35AE8982AD4B94882CC22548D0E6DE,'Facture a Eva Lewis (PA.HSP.11) pour 3 items dans le service Administration. Invoicing patient PA.HSP.11',176,3.6100,0.0000,3.6100,0.0000,2,0x53FDB91D3B4E480A92274AE2C09F3423,NULL,NULL,11,1,NULL,NULL),(0x916AB71B8D0411E581A69E0D7F5201DB,1,1,12,'HSP73','2015-11-17 09:24:01',0x2B35AE8982AD4B94882CC22548D0E6DE,'Facture a Eva Lewis (PA.HSP.11) pour 3 items dans le service Administration. Invoicing patient PA.HSP.11',243,0.0000,2.6400,0.0000,2.6400,2,NULL,NULL,NULL,11,1,NULL,NULL),(0x916ABB138D0411E581A69E0D7F5201DB,1,1,12,'HSP73','2015-11-17 09:24:01',0x2B35AE8982AD4B94882CC22548D0E6DE,'Facture a Eva Lewis (PA.HSP.11) pour 3 items dans le service Administration. Invoicing patient PA.HSP.11',242,0.0000,0.9600,0.0000,0.9600,2,NULL,NULL,NULL,11,1,NULL,NULL),(0x916ABEA98D0411E581A69E0D7F5201DB,1,1,12,'HSP73','2015-11-17 09:24:01',0x2B35AE8982AD4B94882CC22548D0E6DE,'Facture a Eva Lewis (PA.HSP.11) pour 3 items dans le service Administration. Invoicing patient PA.HSP.11',242,0.0000,0.0100,0.0000,0.0100,2,NULL,NULL,NULL,11,1,NULL,NULL),(0x91E74FD14FE311E581A69E0D7F5201DB,1,1,9,'HSP56','2015-08-31 14:24:03',0x98D2A6BD473F4C9EBE34DCC5EDB20670,'Monthly transfer to primary cash box',190,0.1600,0.0000,0.1600,0.0000,2,NULL,0x0E3BDBEB215541FC81BA0B833EB5F0A1,NULL,5,1,NULL,NULL),(0x91E7559D4FE311E581A69E0D7F5201DB,1,1,9,'HSP56','2015-08-31 14:24:03',0x98D2A6BD473F4C9EBE34DCC5EDB20670,'Monthly transfer to primary cash box',194,0.0000,0.1600,0.0000,0.1600,2,NULL,0x0E3BDBEB215541FC81BA0B833EB5F0A1,NULL,5,1,NULL,NULL),(0x920B13BF80A111E681A69E0D7F5201DB,1,2,24,'HSP144','2016-09-22 09:50:08',0x9FC5815278894598B60B9CB1B4E7803B,'Paiement par Jonathon Meyer (PA.HSP.2) contre les facture(s) IV.HSP.10. -- ',191,56.9900,0.0000,56.9900,0.0000,2,NULL,NULL,NULL,2,1,NULL,NULL),(0x920B423880A111E681A69E0D7F5201DB,1,2,24,'HSP144','2016-09-22 09:50:08',0x9FC5815278894598B60B9CB1B4E7803B,'Paiement par Jonathon Meyer (PA.HSP.2) contre les facture(s) IV.HSP.10. -- ',176,0.0000,56.9900,0.0000,56.9900,2,0x6FCFA05DD76E4DB38CEC53AC899D4388,0x8FB5DC6E6C6140BDBB7D1C17A9039C28,NULL,2,1,NULL,NULL),(0x920BB35980A111E681A69E0D7F5201DB,1,2,24,'HSP144','2016-09-22 09:50:08',0x9FC5815278894598B60B9CB1B4E7803B,'Paiement par Jonathon Meyer (PA.HSP.2) contre les facture(s) IV.HSP.10. -- ',176,0.0000,0.0004,0.0000,0.0004,2,0x6FCFA05DD76E4DB38CEC53AC899D4388,0x8FB5DC6E6C6140BDBB7D1C17A9039C28,NULL,2,1,NULL,NULL),(0x920D745380A111E681A69E0D7F5201DB,1,2,24,'HSP144','2016-09-22 09:50:08',0x9FC5815278894598B60B9CB1B4E7803B,'Paiement par Jonathon Meyer (PA.HSP.2) contre les facture(s) IV.HSP.10. -- ',222,0.0004,0.0000,0.0004,0.0000,2,NULL,NULL,NULL,2,1,NULL,NULL),(0x92B7A57DEF1D11E481A69E0D7F5201DB,1,1,5,'HSP27','2015-04-30 10:45:01',0x2C70F920CF6E460497C8F163804845CB,'Transfer de 3.32 viens de Caisse Auxiliaire USD à Virement des fonds Caisse Auxiliaire - Caisse Principale USD par Administrator.',194,3.3200,0.0000,3.3200,0.0000,2,NULL,NULL,NULL,5,1,NULL,NULL),(0x92B7AADFEF1D11E481A69E0D7F5201DB,1,1,5,'HSP27','2015-04-30 10:45:01',0x2C70F920CF6E460497C8F163804845CB,'Transfer de 3.32 viens de Caisse Auxiliaire USD à Virement des fonds Caisse Auxiliaire - Caisse Principale USD par Administrator.',191,0.0000,3.3200,0.0000,3.3200,2,NULL,NULL,NULL,5,1,NULL,NULL),(0x9436BA3A8D0411E581A69E0D7F5201DB,1,1,12,'HSP74','2015-11-17 09:24:08',0x053894D4A0E0432EB91EAC2AA6B8971E,'Paiement par Jonathon Meyer (PA.HSP.2) contre les facture(s) IV.HSP.3. -- ',191,1.9400,0.0000,1.9400,0.0000,2,NULL,NULL,NULL,2,1,NULL,NULL),(0x9436E1728D0411E581A69E0D7F5201DB,1,1,12,'HSP74','2015-11-17 09:24:08',0x053894D4A0E0432EB91EAC2AA6B8971E,'Paiement par Jonathon Meyer (PA.HSP.2) contre les facture(s) IV.HSP.3. -- ',176,0.0000,1.9371,0.0000,1.9371,2,0x6FCFA05DD76E4DB38CEC53AC899D4388,0x8ED7CA03A06C498A9DDA617B755AAEB6,NULL,2,1,NULL,NULL),(0x9436EFD58D0411E581A69E0D7F5201DB,1,1,12,'HSP74','2015-11-17 09:24:08',0x053894D4A0E0432EB91EAC2AA6B8971E,'Paiement par Jonathon Meyer (PA.HSP.2) contre les facture(s) IV.HSP.3. -- ',262,0.0000,0.0029,0.0000,0.0029,2,NULL,NULL,NULL,2,1,NULL,NULL),(0x995BD9ACEF1D11E481A69E0D7F5201DB,1,1,5,'HSP28','2015-04-30 10:45:03',0x673ADB63BA824274B119AA2A88CD481C,'Monthly transfer to primary cash box',190,3.3200,0.0000,3.3200,0.0000,2,NULL,0x2C70F920CF6E460497C8F163804845CB,NULL,5,1,NULL,NULL),(0x995BDEF4EF1D11E481A69E0D7F5201DB,1,1,5,'HSP28','2015-04-30 10:45:03',0x673ADB63BA824274B119AA2A88CD481C,'Monthly transfer to primary cash box',194,0.0000,3.3200,0.0000,3.3200,2,NULL,0x2C70F920CF6E460497C8F163804845CB,NULL,5,1,NULL,NULL),(0x9BCA3C224DBB11E681A69E0D7F5201DB,1,2,22,'HSP129','2016-07-19 15:18:02',0xC89BC93C54254B7CB30A945725271260,'Facture a Glenn Grant (PA.HSP.9) pour 1 items dans le service Medecine Interne. Invoicing patient PA.HSP.9',176,0.3000,0.0000,0.3000,0.0000,2,0xEFAC864E6C194BFABEFD9D685FC781C2,NULL,NULL,11,1,NULL,NULL),(0x9BCA49A84DBB11E681A69E0D7F5201DB,1,2,22,'HSP129','2016-07-19 15:18:02',0xC89BC93C54254B7CB30A945725271260,'Facture a Glenn Grant (PA.HSP.9) pour 1 items dans le service Medecine Interne. Invoicing patient PA.HSP.9',242,0.0000,0.3000,0.0000,0.3000,2,NULL,NULL,NULL,11,1,NULL,NULL),(0x9C72E06FBB8E11E581A69E0D7F5201DB,1,2,16,'HSP85','2016-01-15 14:48:02',0x75B80635AE5D45218194D8B36CDA2382,'Monthly water bill',190,0.0000,20.0000,0.0000,20.0000,2,NULL,NULL,NULL,6,1,NULL,NULL),(0x9C72E663BB8E11E581A69E0D7F5201DB,1,2,16,'HSP85','2016-01-15 14:48:02',0x75B80635AE5D45218194D8B36CDA2382,'Monthly water bill',217,20.0000,0.0000,20.0000,0.0000,2,NULL,NULL,NULL,6,1,NULL,NULL),(0x9D2EBC41C29D11E681A69E0D7F5201DB,1,2,27,'HSP162','2016-12-15 09:08:02',0x96DD2C493025422780F695E0AFA81CEB,'Monthly water bill',217,20.0000,0.0000,20.0000,0.0000,2,NULL,NULL,NULL,6,1,NULL,NULL),(0x9D2EC0AAC29D11E681A69E0D7F5201DB,1,2,27,'HSP162','2016-12-15 09:08:02',0x96DD2C493025422780F695E0AFA81CEB,'Monthly water bill',190,0.0000,20.0000,0.0000,20.0000,2,NULL,NULL,NULL,6,1,NULL,NULL),(0x9E631E564DBB11E681A69E0D7F5201DB,1,2,22,'HSP130','2016-07-19 15:18:06',0x633F0D5FC7574F31A297D4D79B23EF9D,'Paiement par Herman Butler (PA.HSP.4) contre les facture(s) IV.HSP.18. -- ',191,0.8400,0.0000,0.8400,0.0000,2,NULL,NULL,NULL,2,1,NULL,NULL),(0x9E632C3E4DBB11E681A69E0D7F5201DB,1,2,22,'HSP130','2016-07-19 15:18:06',0x633F0D5FC7574F31A297D4D79B23EF9D,'Paiement par Herman Butler (PA.HSP.4) contre les facture(s) IV.HSP.18. -- ',176,0.0000,0.8400,0.0000,0.8400,2,0x8BB566B220514B1788EAF9C8B527F819,0x0B6FC3FF485A45B5ABEC9AFE02DFC8FC,NULL,2,1,NULL,NULL),(0xA061E5CF9B5211E681A69E0D7F5201DB,1,2,25,'HSP152','2016-10-26 09:03:01',0x6C1FD5BE006840879FFEFEE65EE533D9,'Facture a Shari Yates (PA.HSP.14) pour 3 items dans le service Administration. Invoicing patient PA.HSP.14',177,4.5200,0.0000,4.5200,0.0000,2,0x75B758E5494947C783046D46F798F4F1,NULL,NULL,11,1,NULL,NULL),(0xA061FF6D9B5211E681A69E0D7F5201DB,1,2,25,'HSP152','2016-10-26 09:03:01',0x6C1FD5BE006840879FFEFEE65EE533D9,'Facture a Shari Yates (PA.HSP.14) pour 3 items dans le service Administration. Invoicing patient PA.HSP.14',242,0.0000,0.3900,0.0000,0.3900,2,NULL,NULL,NULL,11,1,NULL,NULL),(0xA06205C89B5211E681A69E0D7F5201DB,1,2,25,'HSP152','2016-10-26 09:03:01',0x6C1FD5BE006840879FFEFEE65EE533D9,'Facture a Shari Yates (PA.HSP.14) pour 3 items dans le service Administration. Invoicing patient PA.HSP.14',242,0.0000,4.0500,0.0000,4.0500,2,NULL,NULL,NULL,11,1,NULL,NULL),(0xA0620A329B5211E681A69E0D7F5201DB,1,2,25,'HSP152','2016-10-26 09:03:01',0x6C1FD5BE006840879FFEFEE65EE533D9,'Facture a Shari Yates (PA.HSP.14) pour 3 items dans le service Administration. Invoicing patient PA.HSP.14',242,0.0000,0.0800,0.0000,0.0800,2,NULL,NULL,NULL,11,1,NULL,NULL),(0xA18ACC0EBB8E11E581A69E0D7F5201DB,1,2,16,'HSP86','2016-01-15 14:48:11',0x258EA690C18541109606ED2DCDF446DB,'Monthly payment for electricity',190,0.0000,50.0000,0.0000,50.0000,2,NULL,NULL,NULL,6,1,NULL,NULL),(0xA18ACF60BB8E11E581A69E0D7F5201DB,1,2,16,'HSP86','2016-01-15 14:48:11',0x258EA690C18541109606ED2DCDF446DB,'Monthly payment for electricity',218,50.0000,0.0000,50.0000,0.0000,2,NULL,NULL,NULL,6,1,NULL,NULL),(0xA20D0B84C29D11E681A69E0D7F5201DB,1,2,27,'HSP163','2016-12-15 09:08:10',0x621D067977F84E1DBA9EEFD95C47404E,'Monthly payment for electricity',218,50.0000,0.0000,50.0000,0.0000,2,NULL,NULL,NULL,6,1,NULL,NULL),(0xA20D0F0CC29D11E681A69E0D7F5201DB,1,2,27,'HSP163','2016-12-15 09:08:10',0x621D067977F84E1DBA9EEFD95C47404E,'Monthly payment for electricity',190,0.0000,50.0000,0.0000,50.0000,2,NULL,NULL,NULL,6,1,NULL,NULL),(0xA23726A062FA11E681A69E0D7F5201DB,1,2,23,'HSP134','2016-08-15 16:12:02',0xC7AD2A2F8C744DB194382002C57BCE39,'Monthly water bill',217,20.0000,0.0000,20.0000,0.0000,2,NULL,NULL,NULL,6,1,NULL,NULL),(0xA23D773562FA11E681A69E0D7F5201DB,1,2,23,'HSP134','2016-08-15 16:12:02',0xC7AD2A2F8C744DB194382002C57BCE39,'Monthly water bill',190,0.0000,20.0000,0.0000,20.0000,2,NULL,NULL,NULL,6,1,NULL,NULL),(0xA727C3AB62FA11E681A69E0D7F5201DB,1,2,23,'HSP135','2016-08-15 16:12:10',0x401A4829A0914D7A99DA6AD1BC40AA70,'Monthly payment for electricity',190,0.0000,50.0000,0.0000,50.0000,2,NULL,NULL,NULL,6,1,NULL,NULL),(0xA727C94562FA11E681A69E0D7F5201DB,1,2,23,'HSP135','2016-08-15 16:12:10',0x401A4829A0914D7A99DA6AD1BC40AA70,'Monthly payment for electricity',218,50.0000,0.0000,50.0000,0.0000,2,NULL,NULL,NULL,6,1,NULL,NULL),(0xA9E065A220E111E681A69E0D7F5201DB,1,2,20,'HSP117','2016-05-23 13:27:01',0x87E12151ED9F4718A80CA400D08AAE9E,'Facture a Glen Higgins (PA.HSP.8) pour 4 items dans le service Pediatrie. Invoicing patient PA.HSP.8',172,0.3700,0.0000,0.3700,0.0000,2,0x5F7724607F3B45D3B508F9E1B4E75D9A,NULL,NULL,11,1,NULL,NULL),(0xA9E07E1020E111E681A69E0D7F5201DB,1,2,20,'HSP117','2016-05-23 13:27:01',0x87E12151ED9F4718A80CA400D08AAE9E,'Facture a Glen Higgins (PA.HSP.8) pour 4 items dans le service Pediatrie. Invoicing patient PA.HSP.8',242,0.0000,0.0300,0.0000,0.0300,2,NULL,NULL,NULL,11,1,NULL,NULL),(0xA9E0841A20E111E681A69E0D7F5201DB,1,2,20,'HSP117','2016-05-23 13:27:01',0x87E12151ED9F4718A80CA400D08AAE9E,'Facture a Glen Higgins (PA.HSP.8) pour 4 items dans le service Pediatrie. Invoicing patient PA.HSP.8',242,0.0000,0.0100,0.0000,0.0100,2,NULL,NULL,NULL,11,1,NULL,NULL),(0xA9E088B020E111E681A69E0D7F5201DB,1,2,20,'HSP117','2016-05-23 13:27:01',0x87E12151ED9F4718A80CA400D08AAE9E,'Facture a Glen Higgins (PA.HSP.8) pour 4 items dans le service Pediatrie. Invoicing patient PA.HSP.8',242,0.0000,0.0300,0.0000,0.0300,2,NULL,NULL,NULL,11,1,NULL,NULL),(0xA9E08DFE20E111E681A69E0D7F5201DB,1,2,20,'HSP117','2016-05-23 13:27:01',0x87E12151ED9F4718A80CA400D08AAE9E,'Facture a Glen Higgins (PA.HSP.8) pour 4 items dans le service Pediatrie. Invoicing patient PA.HSP.8',242,0.0000,0.3000,0.0000,0.3000,2,NULL,NULL,NULL,11,1,NULL,NULL),(0xADFAFC09F74A11E581A69E0D7F5201DB,1,2,18,'HSP104','2016-03-31 15:13:01',0x2EBF6A83423B44F5A2FC4DA985ADA5DC,'Transfer de 0.09 viens de Caisse Auxiliaire USD à Virement des fonds Caisse Auxiliaire - Caisse Principale USD par Administrator.',191,0.0000,0.0900,0.0000,0.0900,2,NULL,NULL,NULL,5,1,NULL,NULL),(0xADFB001CF74A11E581A69E0D7F5201DB,1,2,18,'HSP104','2016-03-31 15:13:01',0x2EBF6A83423B44F5A2FC4DA985ADA5DC,'Transfer de 0.09 viens de Caisse Auxiliaire USD à Virement des fonds Caisse Auxiliaire - Caisse Principale USD par Administrator.',194,0.0900,0.0000,0.0900,0.0000,2,NULL,NULL,NULL,5,1,NULL,NULL),(0xAE08D4E4B0C211E681A69E0D7F5201DB,1,2,26,'HSP157','2016-11-22 15:48:02',0x909384D905D54AEC9EC9F5F3624DCB4E,'Facture a Hugo Ingram (PA.HSP.19) pour 4 items dans le service Medecine Interne. Invoicing patient PA.HSP.19',176,0.3548,0.0000,0.3548,0.0000,2,0x5AD91E12A3D84717AA4BC787723F47DC,NULL,NULL,11,1,NULL,NULL),(0xAE08E6BDB0C211E681A69E0D7F5201DB,1,2,26,'HSP157','2016-11-22 15:48:02',0x909384D905D54AEC9EC9F5F3624DCB4E,'Facture a Hugo Ingram (PA.HSP.19) pour 4 items dans le service Medecine Interne. Invoicing patient PA.HSP.19',242,0.0000,0.1000,0.0000,0.1000,2,NULL,NULL,NULL,11,1,NULL,NULL),(0xAE08EBF6B0C211E681A69E0D7F5201DB,1,2,26,'HSP157','2016-11-22 15:48:02',0x909384D905D54AEC9EC9F5F3624DCB4E,'Facture a Hugo Ingram (PA.HSP.19) pour 4 items dans le service Medecine Interne. Invoicing patient PA.HSP.19',242,0.0000,0.1000,0.0000,0.1000,2,NULL,NULL,NULL,11,1,NULL,NULL),(0xAE08EF33B0C211E681A69E0D7F5201DB,1,2,26,'HSP157','2016-11-22 15:48:02',0x909384D905D54AEC9EC9F5F3624DCB4E,'Facture a Hugo Ingram (PA.HSP.19) pour 4 items dans le service Medecine Interne. Invoicing patient PA.HSP.19',242,0.0000,0.1048,0.0000,0.1048,2,NULL,NULL,NULL,11,1,NULL,NULL),(0xAE08F24EB0C211E681A69E0D7F5201DB,1,2,26,'HSP157','2016-11-22 15:48:02',0x909384D905D54AEC9EC9F5F3624DCB4E,'Facture a Hugo Ingram (PA.HSP.19) pour 4 items dans le service Medecine Interne. Invoicing patient PA.HSP.19',242,0.0000,0.0500,0.0000,0.0500,2,NULL,NULL,NULL,11,1,NULL,NULL),(0xB053D2FA798C11E581A69E0D7F5201DB,1,1,11,'HSP68','2015-10-23 14:48:01',0x1A4A3F7809FF4495960DC223FB10E5BE,'Facture a Justin Berry (PA.HSP.3) pour 3 items dans le service Medecine Interne. Invoicing patient PA.HSP.3',176,0.4491,0.0000,0.4491,0.0000,2,0xF306A04AC9C942098D2D770C7CD460C9,NULL,NULL,11,1,NULL,NULL),(0xB053E09A798C11E581A69E0D7F5201DB,1,1,11,'HSP68','2015-10-23 14:48:01',0x1A4A3F7809FF4495960DC223FB10E5BE,'Facture a Justin Berry (PA.HSP.3) pour 3 items dans le service Medecine Interne. Invoicing patient PA.HSP.3',242,0.0000,0.0200,0.0000,0.0200,2,NULL,NULL,NULL,11,1,NULL,NULL),(0xB053E4E8798C11E581A69E0D7F5201DB,1,1,11,'HSP68','2015-10-23 14:48:01',0x1A4A3F7809FF4495960DC223FB10E5BE,'Facture a Justin Berry (PA.HSP.3) pour 3 items dans le service Medecine Interne. Invoicing patient PA.HSP.3',242,0.0000,0.4191,0.0000,0.4191,2,NULL,NULL,NULL,11,1,NULL,NULL),(0xB053E802798C11E581A69E0D7F5201DB,1,1,11,'HSP68','2015-10-23 14:48:01',0x1A4A3F7809FF4495960DC223FB10E5BE,'Facture a Justin Berry (PA.HSP.3) pour 3 items dans le service Medecine Interne. Invoicing patient PA.HSP.3',242,0.0000,0.0100,0.0000,0.0100,2,NULL,NULL,NULL,11,1,NULL,NULL),(0xB078EC73D7AC11E481A69E0D7F5201DB,1,1,4,'HSP20','2015-03-31 14:49:01',0xB25DD2ED87C94829B32EE92136CC51D6,'Transfer de 0.8 viens de Caisse Auxiliaire USD à Virement des fonds Caisse Auxiliaire - Caisse Principale USD par Administrator.',191,0.0000,0.8000,0.0000,0.8000,2,NULL,NULL,NULL,5,1,NULL,NULL),(0xB078F399D7AC11E481A69E0D7F5201DB,1,1,4,'HSP20','2015-03-31 14:49:01',0xB25DD2ED87C94829B32EE92136CC51D6,'Transfer de 0.8 viens de Caisse Auxiliaire USD à Virement des fonds Caisse Auxiliaire - Caisse Principale USD par Administrator.',194,0.8000,0.0000,0.8000,0.0000,2,NULL,NULL,NULL,5,1,NULL,NULL),(0xB0B0F3FDB0C211E681A69E0D7F5201DB,1,2,26,'HSP158','2016-11-22 15:48:08',0x1866847738534D3AA7182C92C47BD199,'Paiement par Hugo Ingram (PA.HSP.19) contre les facture(s) IV.HSP.45. -- ',191,0.3500,0.0000,0.3500,0.0000,2,NULL,NULL,NULL,2,1,NULL,NULL),(0xB0B0FCD8B0C211E681A69E0D7F5201DB,1,2,26,'HSP158','2016-11-22 15:48:08',0x1866847738534D3AA7182C92C47BD199,'Paiement par Hugo Ingram (PA.HSP.19) contre les facture(s) IV.HSP.45. -- ',176,0.0000,0.3500,0.0000,0.3500,2,0x5AD91E12A3D84717AA4BC787723F47DC,0x909384D905D54AEC9EC9F5F3624DCB4E,NULL,2,1,NULL,NULL),(0xB0B10663B0C211E681A69E0D7F5201DB,1,2,26,'HSP158','2016-11-22 15:48:08',0x1866847738534D3AA7182C92C47BD199,'Paiement par Hugo Ingram (PA.HSP.19) contre les facture(s) IV.HSP.45. -- ',176,0.0000,0.0048,0.0000,0.0048,2,0x5AD91E12A3D84717AA4BC787723F47DC,0x909384D905D54AEC9EC9F5F3624DCB4E,NULL,2,1,NULL,NULL),(0xB0B10B89B0C211E681A69E0D7F5201DB,1,2,26,'HSP158','2016-11-22 15:48:08',0x1866847738534D3AA7182C92C47BD199,'Paiement par Hugo Ingram (PA.HSP.19) contre les facture(s) IV.HSP.45. -- ',222,0.0048,0.0000,0.0048,0.0000,2,NULL,NULL,NULL,2,1,NULL,NULL),(0xB10911FCB32011E681A69E0D7F5201DB,1,2,26,'HSP159','2016-11-25 16:06:02',0xEEF4A48EDB8C4BE4869CA461AD4D9AC4,'Facture a Audrey Burke (PA.HSP.17) pour 4 items dans le service Medecine Interne. Invoicing patient PA.HSP.17',176,0.8600,0.0000,0.8600,0.0000,2,0x19ADF743226C4B629BF845D82569E558,NULL,NULL,11,1,NULL,NULL),(0xB1092375B32011E681A69E0D7F5201DB,1,2,26,'HSP159','2016-11-25 16:06:02',0xEEF4A48EDB8C4BE4869CA461AD4D9AC4,'Facture a Audrey Burke (PA.HSP.17) pour 4 items dans le service Medecine Interne. Invoicing patient PA.HSP.17',242,0.0000,0.1600,0.0000,0.1600,2,NULL,NULL,NULL,11,1,NULL,NULL),(0xB1092907B32011E681A69E0D7F5201DB,1,2,26,'HSP159','2016-11-25 16:06:02',0xEEF4A48EDB8C4BE4869CA461AD4D9AC4,'Facture a Audrey Burke (PA.HSP.17) pour 4 items dans le service Medecine Interne. Invoicing patient PA.HSP.17',242,0.0000,0.2100,0.0000,0.2100,2,NULL,NULL,NULL,11,1,NULL,NULL),(0xB1092D8BB32011E681A69E0D7F5201DB,1,2,26,'HSP159','2016-11-25 16:06:02',0xEEF4A48EDB8C4BE4869CA461AD4D9AC4,'Facture a Audrey Burke (PA.HSP.17) pour 4 items dans le service Medecine Interne. Invoicing patient PA.HSP.17',242,0.0000,0.0400,0.0000,0.0400,2,NULL,NULL,NULL,11,1,NULL,NULL),(0xB10931E5B32011E681A69E0D7F5201DB,1,2,26,'HSP159','2016-11-25 16:06:02',0xEEF4A48EDB8C4BE4869CA461AD4D9AC4,'Facture a Audrey Burke (PA.HSP.17) pour 4 items dans le service Medecine Interne. Invoicing patient PA.HSP.17',242,0.0000,0.4500,0.0000,0.4500,2,NULL,NULL,NULL,11,1,NULL,NULL),(0xB453645CF74A11E581A69E0D7F5201DB,1,2,18,'HSP105','2016-03-31 15:13:03',0xDC30F20E648C41AA97F1A68E5F55E8C8,'Monthly transfer to primary cash box',194,0.0000,0.0900,0.0000,0.0900,2,NULL,0x2EBF6A83423B44F5A2FC4DA985ADA5DC,NULL,5,1,NULL,NULL),(0xB4594E7CF74A11E581A69E0D7F5201DB,1,2,18,'HSP105','2016-03-31 15:13:03',0xDC30F20E648C41AA97F1A68E5F55E8C8,'Monthly transfer to primary cash box',190,0.0900,0.0000,0.0900,0.0000,2,NULL,0x2EBF6A83423B44F5A2FC4DA985ADA5DC,NULL,5,1,NULL,NULL),(0xB6F447AAD7AC11E481A69E0D7F5201DB,1,1,4,'HSP21','2015-03-31 14:49:03',0x336F46425569469DBE38EE5A0AFE7E15,'Monthly transfer to primary cash box',194,0.0000,0.8000,0.0000,0.8000,2,NULL,0xB25DD2ED87C94829B32EE92136CC51D6,NULL,5,1,NULL,NULL),(0xB6FA8C89D7AC11E481A69E0D7F5201DB,1,1,4,'HSP21','2015-03-31 14:49:03',0x336F46425569469DBE38EE5A0AFE7E15,'Monthly transfer to primary cash box',190,0.8000,0.0000,0.8000,0.0000,2,NULL,0xB25DD2ED87C94829B32EE92136CC51D6,NULL,5,1,NULL,NULL),(0xBAE4597CAB2C11E681A69E0D7F5201DB,1,2,26,'HSP155','2016-11-15 13:12:02',0xEB86206E883E4150BD4DA2ED21F97B5E,'Monthly water bill',217,20.0000,0.0000,20.0000,0.0000,2,NULL,NULL,NULL,6,1,NULL,NULL),(0xBAE482F2AB2C11E681A69E0D7F5201DB,1,2,26,'HSP155','2016-11-15 13:12:02',0xEB86206E883E4150BD4DA2ED21F97B5E,'Monthly water bill',190,0.0000,20.0000,0.0000,20.0000,2,NULL,NULL,NULL,6,1,NULL,NULL),(0xBBE32730D55F11E581A69E0D7F5201DB,1,2,17,'HSP94','2016-02-17 11:18:01',0xB3BEBBC593DA4212B8FFA5025CAB4D44,'Facture a Benny Griffith (PA.HSP.12) pour 2 items dans le service Administration. Invoicing patient PA.HSP.12',176,0.4194,0.0000,0.4194,0.0000,2,0x19559547F92149DE9EBF373A32355D97,NULL,NULL,11,1,NULL,NULL),(0xBBE33CC2D55F11E581A69E0D7F5201DB,1,2,17,'HSP94','2016-02-17 11:18:01',0xB3BEBBC593DA4212B8FFA5025CAB4D44,'Facture a Benny Griffith (PA.HSP.12) pour 2 items dans le service Administration. Invoicing patient PA.HSP.12',242,0.0000,0.1400,0.0000,0.1400,2,NULL,NULL,NULL,11,1,NULL,NULL),(0xBBE343C3D55F11E581A69E0D7F5201DB,1,2,17,'HSP94','2016-02-17 11:18:01',0xB3BEBBC593DA4212B8FFA5025CAB4D44,'Facture a Benny Griffith (PA.HSP.12) pour 2 items dans le service Administration. Invoicing patient PA.HSP.12',242,0.0000,0.2794,0.0000,0.2794,2,NULL,NULL,NULL,11,1,NULL,NULL),(0xBC173FFC273511E681A69E0D7F5201DB,1,2,20,'HSP118','2016-05-31 14:44:01',0x8B018C3D955342448E7D8C0F38A4E1DB,'Transfer de 1.53 viens de Caisse Auxiliaire USD à Virement des fonds Caisse Auxiliaire - Caisse Principale USD par Administrator.',191,0.0000,1.5300,0.0000,1.5300,2,NULL,NULL,NULL,5,1,NULL,NULL),(0xBC174369273511E681A69E0D7F5201DB,1,2,20,'HSP118','2016-05-31 14:44:01',0x8B018C3D955342448E7D8C0F38A4E1DB,'Transfer de 1.53 viens de Caisse Auxiliaire USD à Virement des fonds Caisse Auxiliaire - Caisse Principale USD par Administrator.',194,1.5300,0.0000,1.5300,0.0000,2,NULL,NULL,NULL,5,1,NULL,NULL),(0xBE9882C0D55F11E581A69E0D7F5201DB,1,2,17,'HSP95','2016-02-17 11:18:07',0xF1A4D58557CD46839D32B6E46F633553,'Paiement par Jonathon Meyer (PA.HSP.2) contre les facture(s) IV.HSP.6. -- ',191,0.0300,0.0000,0.0300,0.0000,2,NULL,NULL,NULL,2,1,NULL,NULL),(0xBE98A535D55F11E581A69E0D7F5201DB,1,2,17,'HSP95','2016-02-17 11:18:07',0xF1A4D58557CD46839D32B6E46F633553,'Paiement par Jonathon Meyer (PA.HSP.2) contre les facture(s) IV.HSP.6. -- ',176,0.0000,0.0300,0.0000,0.0300,2,0x6FCFA05DD76E4DB38CEC53AC899D4388,0x8497C5C37DAD44828A9CB0F22824C735,NULL,2,1,NULL,NULL),(0xBFA58382AB2C11E681A69E0D7F5201DB,1,2,26,'HSP156','2016-11-15 13:12:10',0xDE0D44CD05A44BD08A30B6ED99EE079A,'Monthly payment for electricity',218,50.0000,0.0000,50.0000,0.0000,2,NULL,NULL,NULL,6,1,NULL,NULL),(0xBFA58710AB2C11E681A69E0D7F5201DB,1,2,26,'HSP156','2016-11-15 13:12:10',0xDE0D44CD05A44BD08A30B6ED99EE079A,'Monthly payment for electricity',190,0.0000,50.0000,0.0000,50.0000,2,NULL,NULL,NULL,6,1,NULL,NULL),(0xC2B5109A273511E681A69E0D7F5201DB,1,2,20,'HSP119','2016-05-31 14:44:03',0x0FC1D92C0FAD442C8CF29C693AA7F292,'Monthly transfer to primary cash box',190,1.5300,0.0000,1.5300,0.0000,2,NULL,0x8B018C3D955342448E7D8C0F38A4E1DB,NULL,5,1,NULL,NULL),(0xC2BB3240273511E681A69E0D7F5201DB,1,2,20,'HSP119','2016-05-31 14:44:03',0x0FC1D92C0FAD442C8CF29C693AA7F292,'Monthly transfer to primary cash box',194,0.0000,1.5300,0.0000,1.5300,2,NULL,0x8B018C3D955342448E7D8C0F38A4E1DB,NULL,5,1,NULL,NULL),(0xC2E4AF73CAFA11E481A69E0D7F5201DB,1,1,4,'HSP15','2015-03-15 11:05:02',0xF6F655791AFE45CBAE6563350FCD9E03,'Monthly water bill',190,0.0000,20.0000,0.0000,20.0000,2,NULL,NULL,NULL,6,1,NULL,NULL),(0xC2E4B5F7CAFA11E481A69E0D7F5201DB,1,1,4,'HSP15','2015-03-15 11:05:02',0xF6F655791AFE45CBAE6563350FCD9E03,'Monthly water bill',217,20.0000,0.0000,20.0000,0.0000,2,NULL,NULL,NULL,6,1,NULL,NULL),(0xC3B9086D92C211E681A69E0D7F5201DB,1,2,25,'HSP148','2016-10-15 11:33:02',0xEDE61A92A62747488CEEE3867934ED95,'Monthly water bill',190,0.0000,20.0000,0.0000,20.0000,2,NULL,NULL,NULL,6,1,NULL,NULL),(0xC3B90CD192C211E681A69E0D7F5201DB,1,2,25,'HSP148','2016-10-15 11:33:02',0xEDE61A92A62747488CEEE3867934ED95,'Monthly water bill',217,20.0000,0.0000,20.0000,0.0000,2,NULL,NULL,NULL,6,1,NULL,NULL),(0xC3DD9C9B0A2E11E681A69E0D7F5201DB,1,2,19,'HSP110','2016-04-24 16:11:02',0x9453B1B0D7004F8DBCA6349998FAE9B5,'Facture a Herman Butler (PA.HSP.4) pour 1 items dans le service Pediatrie. Invoicing patient PA.HSP.4',176,0.0850,0.0000,0.0850,0.0000,2,0x8BB566B220514B1788EAF9C8B527F819,NULL,NULL,11,1,NULL,NULL),(0xC3DDAA230A2E11E681A69E0D7F5201DB,1,2,19,'HSP110','2016-04-24 16:11:02',0x9453B1B0D7004F8DBCA6349998FAE9B5,'Facture a Herman Butler (PA.HSP.4) pour 1 items dans le service Pediatrie. Invoicing patient PA.HSP.4',242,0.0000,0.0850,0.0000,0.0850,2,NULL,NULL,NULL,11,1,NULL,NULL),(0xC8115155CAFA11E481A69E0D7F5201DB,1,1,4,'HSP16','2015-03-15 11:05:11',0x3C6CF7A4C3444250ABA9D50837071B26,'Monthly payment for electricity',218,50.0000,0.0000,50.0000,0.0000,2,NULL,NULL,NULL,6,1,NULL,NULL),(0xC811554BCAFA11E481A69E0D7F5201DB,1,1,4,'HSP16','2015-03-15 11:05:11',0x3C6CF7A4C3444250ABA9D50837071B26,'Monthly payment for electricity',190,0.0000,50.0000,0.0000,50.0000,2,NULL,NULL,NULL,6,1,NULL,NULL),(0xC874E26B92C211E681A69E0D7F5201DB,1,2,25,'HSP149','2016-10-15 11:33:10',0x85A424F9310840078319236B0BF892D0,'Monthly payment for electricity',218,50.0000,0.0000,50.0000,0.0000,2,NULL,NULL,NULL,6,1,NULL,NULL),(0xC874E72992C211E681A69E0D7F5201DB,1,2,25,'HSP149','2016-10-15 11:33:10',0x85A424F9310840078319236B0BF892D0,'Monthly payment for electricity',190,0.0000,50.0000,0.0000,50.0000,2,NULL,NULL,NULL,6,1,NULL,NULL),(0xCF5260612AEC11E581A69E0D7F5201DB,1,1,8,'HSP43','2015-07-15 13:27:02',0xAA819F300BE749ED9B29FC0B4FF38FBF,'Monthly water bill',190,0.0000,20.0000,0.0000,20.0000,2,NULL,NULL,NULL,6,1,NULL,NULL),(0xCF5265D92AEC11E581A69E0D7F5201DB,1,1,8,'HSP43','2015-07-15 13:27:02',0xAA819F300BE749ED9B29FC0B4FF38FBF,'Monthly water bill',217,20.0000,0.0000,20.0000,0.0000,2,NULL,NULL,NULL,6,1,NULL,NULL),(0xD24185587B4711E681A69E0D7F5201DB,1,2,24,'HSP141','2016-09-15 14:25:02',0xCBB5698EAE524B2197EDA6F8B40D6D56,'Monthly water bill',217,20.0000,0.0000,20.0000,0.0000,2,NULL,NULL,NULL,6,1,NULL,NULL),(0xD2418AD57B4711E681A69E0D7F5201DB,1,2,24,'HSP141','2016-09-15 14:25:02',0xCBB5698EAE524B2197EDA6F8B40D6D56,'Monthly water bill',190,0.0000,20.0000,0.0000,20.0000,2,NULL,NULL,NULL,6,1,NULL,NULL),(0xD2D252013EB611E681A69E0D7F5201DB,1,2,21,'HSP125','2016-06-30 12:36:01',0x77B3A3B2810444089E5CDAC7C47DECF8,'Transfer de 0.47 viens de Caisse Auxiliaire USD à Virement des fonds Caisse Auxiliaire - Caisse Principale USD par Administrator.',191,0.0000,0.4700,0.0000,0.4700,2,NULL,NULL,NULL,5,1,NULL,NULL),(0xD2D259533EB611E681A69E0D7F5201DB,1,2,21,'HSP125','2016-06-30 12:36:01',0x77B3A3B2810444089E5CDAC7C47DECF8,'Transfer de 0.47 viens de Caisse Auxiliaire USD à Virement des fonds Caisse Auxiliaire - Caisse Principale USD par Administrator.',194,0.4700,0.0000,0.4700,0.0000,2,NULL,NULL,NULL,5,1,NULL,NULL),(0xD36513590EE811E681A69E0D7F5201DB,1,2,19,'HSP111','2016-04-30 16:33:01',0xAE09A8A9D65A437DAE00260E59C4A047,'Transfer de 2.89 viens de Caisse Auxiliaire USD à Virement des fonds Caisse Auxiliaire - Caisse Principale USD par Administrator.',194,2.8900,0.0000,2.8900,0.0000,2,NULL,NULL,NULL,5,1,NULL,NULL),(0xD36517CC0EE811E681A69E0D7F5201DB,1,2,19,'HSP111','2016-04-30 16:33:01',0xAE09A8A9D65A437DAE00260E59C4A047,'Transfer de 2.89 viens de Caisse Auxiliaire USD à Virement des fonds Caisse Auxiliaire - Caisse Principale USD par Administrator.',191,0.0000,2.8900,0.0000,2.8900,2,NULL,NULL,NULL,5,1,NULL,NULL),(0xD3D8D779C34411E581A69E0D7F5201DB,1,2,16,'HSP89','2016-01-25 10:20:02',0x79A58AE56F05482FB0596574E9517A80,'Facture a Justin Berry (PA.HSP.3) pour 5 items dans le service Pediatrie. Invoicing patient PA.HSP.3',176,3.3034,0.0000,3.3034,0.0000,2,0xF306A04AC9C942098D2D770C7CD460C9,NULL,NULL,11,1,NULL,NULL),(0xD3D8DFF3C34411E581A69E0D7F5201DB,1,2,16,'HSP89','2016-01-25 10:20:02',0x79A58AE56F05482FB0596574E9517A80,'Facture a Justin Berry (PA.HSP.3) pour 5 items dans le service Pediatrie. Invoicing patient PA.HSP.3',242,0.0000,2.2000,0.0000,2.2000,2,NULL,NULL,NULL,11,1,NULL,NULL),(0xD3D8E21EC34411E581A69E0D7F5201DB,1,2,16,'HSP89','2016-01-25 10:20:02',0x79A58AE56F05482FB0596574E9517A80,'Facture a Justin Berry (PA.HSP.3) pour 5 items dans le service Pediatrie. Invoicing patient PA.HSP.3',242,0.0000,0.8100,0.0000,0.8100,2,NULL,NULL,NULL,11,1,NULL,NULL),(0xD3D8E3ADC34411E581A69E0D7F5201DB,1,2,16,'HSP89','2016-01-25 10:20:02',0x79A58AE56F05482FB0596574E9517A80,'Facture a Justin Berry (PA.HSP.3) pour 5 items dans le service Pediatrie. Invoicing patient PA.HSP.3',242,0.0000,0.0786,0.0000,0.0786,2,NULL,NULL,NULL,11,1,NULL,NULL),(0xD3D8E525C34411E581A69E0D7F5201DB,1,2,16,'HSP89','2016-01-25 10:20:02',0x79A58AE56F05482FB0596574E9517A80,'Facture a Justin Berry (PA.HSP.3) pour 5 items dans le service Pediatrie. Invoicing patient PA.HSP.3',242,0.0000,0.2048,0.0000,0.2048,2,NULL,NULL,NULL,11,1,NULL,NULL),(0xD3D8E695C34411E581A69E0D7F5201DB,1,2,16,'HSP89','2016-01-25 10:20:02',0x79A58AE56F05482FB0596574E9517A80,'Facture a Justin Berry (PA.HSP.3) pour 5 items dans le service Pediatrie. Invoicing patient PA.HSP.3',242,0.0000,0.0100,0.0000,0.0100,2,NULL,NULL,NULL,11,1,NULL,NULL),(0xD4426B3D2AEC11E581A69E0D7F5201DB,1,1,8,'HSP44','2015-07-15 13:27:10',0x3069A01C10EF4502874811289EC24DFF,'Monthly payment for electricity',218,50.0000,0.0000,50.0000,0.0000,2,NULL,NULL,NULL,6,1,NULL,NULL),(0xD44270162AEC11E581A69E0D7F5201DB,1,1,8,'HSP44','2015-07-15 13:27:10',0x3069A01C10EF4502874811289EC24DFF,'Monthly payment for electricity',190,0.0000,50.0000,0.0000,50.0000,2,NULL,NULL,NULL,6,1,NULL,NULL),(0xD71BB08A7B4711E681A69E0D7F5201DB,1,2,24,'HSP142','2016-09-15 14:25:10',0xB145FD1C6E684AC3A30868CB216CDCDE,'Monthly payment for electricity',218,50.0000,0.0000,50.0000,0.0000,2,NULL,NULL,NULL,6,1,NULL,NULL),(0xD71BB44C7B4711E681A69E0D7F5201DB,1,2,24,'HSP142','2016-09-15 14:25:10',0xB145FD1C6E684AC3A30868CB216CDCDE,'Monthly payment for electricity',190,0.0000,50.0000,0.0000,50.0000,2,NULL,NULL,NULL,6,1,NULL,NULL),(0xD720A5BB9C9711E481A69E0D7F5201DB,1,1,2,'HSP1','2015-01-15 10:21:02',0x3733FCEF1B74479DA45B609D665DCD0D,'Monthly water bill',190,0.0000,20.0000,0.0000,20.0000,2,NULL,NULL,NULL,6,1,NULL,NULL),(0xD720AAF99C9711E481A69E0D7F5201DB,1,1,2,'HSP1','2015-01-15 10:21:02',0x3733FCEF1B74479DA45B609D665DCD0D,'Monthly water bill',217,20.0000,0.0000,20.0000,0.0000,2,NULL,NULL,NULL,6,1,NULL,NULL),(0xD7A52065038711E581A69E0D7F5201DB,1,1,6,'HSP33','2015-05-26 10:16:02',0x8FB5DC6E6C6140BDBB7D1C17A9039C28,'Facture a Jonathon Meyer (PA.HSP.2) pour 5 items dans le service Administration. Invoicing patient PA.HSP.2',176,56.9904,0.0000,56.9904,0.0000,2,0x6FCFA05DD76E4DB38CEC53AC899D4388,NULL,NULL,11,1,NULL,NULL),(0xD7A52C07038711E581A69E0D7F5201DB,1,1,6,'HSP33','2015-05-26 10:16:02',0x8FB5DC6E6C6140BDBB7D1C17A9039C28,'Facture a Jonathon Meyer (PA.HSP.2) pour 5 items dans le service Administration. Invoicing patient PA.HSP.2',242,0.0000,51.5700,0.0000,51.5700,2,NULL,NULL,NULL,11,1,NULL,NULL),(0xD7A52F00038711E581A69E0D7F5201DB,1,1,6,'HSP33','2015-05-26 10:16:02',0x8FB5DC6E6C6140BDBB7D1C17A9039C28,'Facture a Jonathon Meyer (PA.HSP.2) pour 5 items dans le service Administration. Invoicing patient PA.HSP.2',242,0.0000,0.1004,0.0000,0.1004,2,NULL,NULL,NULL,11,1,NULL,NULL),(0xD7A53127038711E581A69E0D7F5201DB,1,1,6,'HSP33','2015-05-26 10:16:02',0x8FB5DC6E6C6140BDBB7D1C17A9039C28,'Facture a Jonathon Meyer (PA.HSP.2) pour 5 items dans le service Administration. Invoicing patient PA.HSP.2',242,0.0000,0.0200,0.0000,0.0200,2,NULL,NULL,NULL,11,1,NULL,NULL),(0xD7A5332E038711E581A69E0D7F5201DB,1,1,6,'HSP33','2015-05-26 10:16:02',0x8FB5DC6E6C6140BDBB7D1C17A9039C28,'Facture a Jonathon Meyer (PA.HSP.2) pour 5 items dans le service Administration. Invoicing patient PA.HSP.2',243,0.0000,5.0000,0.0000,5.0000,2,NULL,NULL,NULL,11,1,NULL,NULL),(0xD7A537E9038711E581A69E0D7F5201DB,1,1,6,'HSP33','2015-05-26 10:16:02',0x8FB5DC6E6C6140BDBB7D1C17A9039C28,'Facture a Jonathon Meyer (PA.HSP.2) pour 5 items dans le service Administration. Invoicing patient PA.HSP.2',242,0.0000,0.3000,0.0000,0.3000,2,NULL,NULL,NULL,11,1,NULL,NULL),(0xD8BB04A683C311E681A69E0D7F5201DB,1,2,24,'HSP145','2016-09-26 09:33:02',0xEB9B81B29892426F9FDC71D80EDC8C51,'Facture a Glenn Grant (PA.HSP.9) pour 2 items dans le service Medecine Interne. Invoicing patient PA.HSP.9',176,0.7200,0.0000,0.7200,0.0000,2,0xEFAC864E6C194BFABEFD9D685FC781C2,NULL,NULL,11,1,NULL,NULL),(0xD8BB292083C311E681A69E0D7F5201DB,1,2,24,'HSP145','2016-09-26 09:33:02',0xEB9B81B29892426F9FDC71D80EDC8C51,'Facture a Glenn Grant (PA.HSP.9) pour 2 items dans le service Medecine Interne. Invoicing patient PA.HSP.9',242,0.0000,0.6800,0.0000,0.6800,2,NULL,NULL,NULL,11,1,NULL,NULL),(0xD8BB364783C311E681A69E0D7F5201DB,1,2,24,'HSP145','2016-09-26 09:33:02',0xEB9B81B29892426F9FDC71D80EDC8C51,'Facture a Glenn Grant (PA.HSP.9) pour 2 items dans le service Medecine Interne. Invoicing patient PA.HSP.9',242,0.0000,0.0400,0.0000,0.0400,2,NULL,NULL,NULL,11,1,NULL,NULL),(0xD8CD3539FD4211E481A69E0D7F5201DB,1,1,6,'HSP31','2015-05-18 10:47:02',0x46A63CC3484141038BEE4AE8A0C8AA7A,'Facture a Marcus Medina (PA.HSP.5) pour 4 items dans le service Administration. Invoicing patient PA.HSP.5',176,22.9414,0.0000,22.9414,0.0000,2,0x3C9BFB37D4D8428FBBBDC2C96AE64E4D,NULL,NULL,11,1,NULL,NULL),(0xD8CD41F7FD4211E481A69E0D7F5201DB,1,1,6,'HSP31','2015-05-18 10:47:02',0x46A63CC3484141038BEE4AE8A0C8AA7A,'Facture a Marcus Medina (PA.HSP.5) pour 4 items dans le service Administration. Invoicing patient PA.HSP.5',243,0.0000,21.8136,0.0000,21.8136,2,NULL,NULL,NULL,11,1,NULL,NULL),(0xD8CD4605FD4211E481A69E0D7F5201DB,1,1,6,'HSP31','2015-05-18 10:47:02',0x46A63CC3484141038BEE4AE8A0C8AA7A,'Facture a Marcus Medina (PA.HSP.5) pour 4 items dans le service Administration. Invoicing patient PA.HSP.5',242,0.0000,0.0262,0.0000,0.0262,2,NULL,NULL,NULL,11,1,NULL,NULL),(0xD8CD4879FD4211E481A69E0D7F5201DB,1,1,6,'HSP31','2015-05-18 10:47:02',0x46A63CC3484141038BEE4AE8A0C8AA7A,'Facture a Marcus Medina (PA.HSP.5) pour 4 items dans le service Administration. Invoicing patient PA.HSP.5',242,0.0000,1.0516,0.0000,1.0516,2,NULL,NULL,NULL,11,1,NULL,NULL),(0xD8CD4AF6FD4211E481A69E0D7F5201DB,1,1,6,'HSP31','2015-05-18 10:47:02',0x46A63CC3484141038BEE4AE8A0C8AA7A,'Facture a Marcus Medina (PA.HSP.5) pour 4 items dans le service Administration. Invoicing patient PA.HSP.5',242,0.0000,0.0500,0.0000,0.0500,2,NULL,NULL,NULL,11,1,NULL,NULL),(0xD980F9623EB611E681A69E0D7F5201DB,1,2,21,'HSP126','2016-06-30 12:36:03',0xB3864BE011EB47AE901D0F2B2E1F1053,'Monthly transfer to primary cash box',194,0.0000,0.4700,0.0000,0.4700,2,NULL,0x77B3A3B2810444089E5CDAC7C47DECF8,NULL,5,1,NULL,NULL),(0xD98100123EB611E681A69E0D7F5201DB,1,2,21,'HSP126','2016-06-30 12:36:03',0xB3864BE011EB47AE901D0F2B2E1F1053,'Monthly transfer to primary cash box',190,0.4700,0.0000,0.4700,0.0000,2,NULL,0x77B3A3B2810444089E5CDAC7C47DECF8,NULL,5,1,NULL,NULL),(0xD9F588640EE811E681A69E0D7F5201DB,1,2,19,'HSP112','2016-04-30 16:33:03',0xFD7231E6CA7845D79D3BE11CF39385C2,'Monthly transfer to primary cash box',194,0.0000,2.8900,0.0000,2.8900,2,NULL,0xAE09A8A9D65A437DAE00260E59C4A047,NULL,5,1,NULL,NULL),(0xD9F58E270EE811E681A69E0D7F5201DB,1,2,19,'HSP112','2016-04-30 16:33:03',0xFD7231E6CA7845D79D3BE11CF39385C2,'Monthly transfer to primary cash box',190,2.8900,0.0000,2.8900,0.0000,2,NULL,0xAE09A8A9D65A437DAE00260E59C4A047,NULL,5,1,NULL,NULL),(0xDBD51D1FFD4211E481A69E0D7F5201DB,1,1,6,'HSP32','2015-05-18 10:47:09',0x4EC24FFED7CB4C9F860D1E8CA71A4BBA,'Paiement par Marcus Medina (PA.HSP.5) contre les facture(s) IV.HSP.9. -- ',191,22.9400,0.0000,22.9400,0.0000,2,NULL,NULL,NULL,2,1,NULL,NULL),(0xDBD535FDFD4211E481A69E0D7F5201DB,1,1,6,'HSP32','2015-05-18 10:47:09',0x4EC24FFED7CB4C9F860D1E8CA71A4BBA,'Paiement par Marcus Medina (PA.HSP.5) contre les facture(s) IV.HSP.9. -- ',176,0.0000,22.9400,0.0000,22.9400,2,0x3C9BFB37D4D8428FBBBDC2C96AE64E4D,0x46A63CC3484141038BEE4AE8A0C8AA7A,NULL,2,1,NULL,NULL),(0xDBD55769FD4211E481A69E0D7F5201DB,1,1,6,'HSP32','2015-05-18 10:47:09',0x4EC24FFED7CB4C9F860D1E8CA71A4BBA,'Paiement par Marcus Medina (PA.HSP.5) contre les facture(s) IV.HSP.9. -- ',176,0.0000,0.0014,0.0000,0.0014,2,0x3C9BFB37D4D8428FBBBDC2C96AE64E4D,0x46A63CC3484141038BEE4AE8A0C8AA7A,NULL,2,1,NULL,NULL),(0xDBD55F2CFD4211E481A69E0D7F5201DB,1,1,6,'HSP32','2015-05-18 10:47:09',0x4EC24FFED7CB4C9F860D1E8CA71A4BBA,'Paiement par Marcus Medina (PA.HSP.5) contre les facture(s) IV.HSP.9. -- ',222,0.0014,0.0000,0.0014,0.0000,2,NULL,NULL,NULL,2,1,NULL,NULL),(0xDC3ECA2A9C9711E481A69E0D7F5201DB,1,1,2,'HSP2','2015-01-15 10:21:11',0xE6969577759F43D9B6163AA28921C0F9,'Monthly payment for electricity',190,0.0000,50.0000,0.0000,50.0000,2,NULL,NULL,NULL,6,1,NULL,NULL),(0xDC3ECEF59C9711E481A69E0D7F5201DB,1,1,2,'HSP2','2015-01-15 10:21:11',0xE6969577759F43D9B6163AA28921C0F9,'Monthly payment for electricity',218,50.0000,0.0000,50.0000,0.0000,2,NULL,NULL,NULL,6,1,NULL,NULL),(0xDD468188379211E581A69E0D7F5201DB,1,1,8,'HSP48','2015-07-31 15:46:01',0xD9A3216C3F8C452CA8C5D3D1977C32F8,'Transfer de 0.3 viens de Caisse Auxiliaire USD à Virement des fonds Caisse Auxiliaire - Caisse Principale USD par Administrator.',191,0.0000,0.3000,0.0000,0.3000,2,NULL,NULL,NULL,5,1,NULL,NULL),(0xDD478A9F379211E581A69E0D7F5201DB,1,1,8,'HSP48','2015-07-31 15:46:01',0xD9A3216C3F8C452CA8C5D3D1977C32F8,'Transfer de 0.3 viens de Caisse Auxiliaire USD à Virement des fonds Caisse Auxiliaire - Caisse Principale USD par Administrator.',194,0.3000,0.0000,0.3000,0.0000,2,NULL,NULL,NULL,5,1,NULL,NULL),(0xE17F201C31FE11E581A69E0D7F5201DB,1,1,8,'HSP47','2015-07-24 13:24:02',0x03F9FB27DACC4C11ABD185BF43425780,'Facture a Justin Berry (PA.HSP.3) pour 5 items dans le service Medecine Interne. Invoicing patient PA.HSP.3',176,0.3600,0.0000,0.3600,0.0000,2,0xF306A04AC9C942098D2D770C7CD460C9,NULL,NULL,11,1,NULL,NULL),(0xE17F33E631FE11E581A69E0D7F5201DB,1,1,8,'HSP47','2015-07-24 13:24:02',0x03F9FB27DACC4C11ABD185BF43425780,'Facture a Justin Berry (PA.HSP.3) pour 5 items dans le service Medecine Interne. Invoicing patient PA.HSP.3',242,0.0000,0.0400,0.0000,0.0400,2,NULL,NULL,NULL,11,1,NULL,NULL),(0xE17F3AA531FE11E581A69E0D7F5201DB,1,1,8,'HSP47','2015-07-24 13:24:02',0x03F9FB27DACC4C11ABD185BF43425780,'Facture a Justin Berry (PA.HSP.3) pour 5 items dans le service Medecine Interne. Invoicing patient PA.HSP.3',242,0.0000,0.0100,0.0000,0.0100,2,NULL,NULL,NULL,11,1,NULL,NULL),(0xE17F3F6631FE11E581A69E0D7F5201DB,1,1,8,'HSP47','2015-07-24 13:24:02',0x03F9FB27DACC4C11ABD185BF43425780,'Facture a Justin Berry (PA.HSP.3) pour 5 items dans le service Medecine Interne. Invoicing patient PA.HSP.3',242,0.0000,0.0200,0.0000,0.0200,2,NULL,NULL,NULL,11,1,NULL,NULL),(0xE17F43D331FE11E581A69E0D7F5201DB,1,1,8,'HSP47','2015-07-24 13:24:02',0x03F9FB27DACC4C11ABD185BF43425780,'Facture a Justin Berry (PA.HSP.3) pour 5 items dans le service Medecine Interne. Invoicing patient PA.HSP.3',242,0.0000,0.2700,0.0000,0.2700,2,NULL,NULL,NULL,11,1,NULL,NULL),(0xE17F46E631FE11E581A69E0D7F5201DB,1,1,8,'HSP47','2015-07-24 13:24:02',0x03F9FB27DACC4C11ABD185BF43425780,'Facture a Justin Berry (PA.HSP.3) pour 5 items dans le service Medecine Interne. Invoicing patient PA.HSP.3',242,0.0000,0.0200,0.0000,0.0200,2,NULL,NULL,NULL,11,1,NULL,NULL),(0xE202CF51E34A11E481A69E0D7F5201DB,1,1,5,'HSP22','2015-04-15 09:39:02',0xF97814DEC5EB4CBAB849841B0B42FDE9,'Monthly water bill',217,20.0000,0.0000,20.0000,0.0000,2,NULL,NULL,NULL,6,1,NULL,NULL),(0xE202D506E34A11E481A69E0D7F5201DB,1,1,5,'HSP22','2015-04-15 09:39:02',0xF97814DEC5EB4CBAB849841B0B42FDE9,'Monthly water bill',190,0.0000,20.0000,0.0000,20.0000,2,NULL,NULL,NULL,6,1,NULL,NULL),(0xE3A7C6CF379211E581A69E0D7F5201DB,1,1,8,'HSP49','2015-07-31 15:46:03',0xF61E5A92368F477C970E5B3B87D728C6,'Monthly transfer to primary cash box',194,0.0000,0.3000,0.0000,0.3000,2,NULL,0xD9A3216C3F8C452CA8C5D3D1977C32F8,NULL,5,1,NULL,NULL),(0xE3A7CC06379211E581A69E0D7F5201DB,1,1,8,'HSP49','2015-07-31 15:46:03',0xF61E5A92368F477C970E5B3B87D728C6,'Monthly transfer to primary cash box',190,0.3000,0.0000,0.3000,0.0000,2,NULL,0xD9A3216C3F8C452CA8C5D3D1977C32F8,NULL,5,1,NULL,NULL),(0xE6C6EC80BE8311E481A69E0D7F5201DB,1,1,3,'HSP12','2015-02-27 14:24:01',0x4231D280EB6348BEBAD2FBFEA22A9E22,'Facture a Salvador Barker (PA.HSP.1) pour 1 items dans le service Administration. Invoicing patient PA.HSP.1',172,0.8000,0.0000,0.8000,0.0000,2,0x37B71201166349BF91455B94FD684A86,NULL,NULL,11,1,NULL,NULL),(0xE6C7095ABE8311E481A69E0D7F5201DB,1,1,3,'HSP12','2015-02-27 14:24:01',0x4231D280EB6348BEBAD2FBFEA22A9E22,'Facture a Salvador Barker (PA.HSP.1) pour 1 items dans le service Administration. Invoicing patient PA.HSP.1',242,0.0000,0.8000,0.0000,0.8000,2,NULL,NULL,NULL,11,1,NULL,NULL),(0xE72E84B3E34A11E481A69E0D7F5201DB,1,1,5,'HSP23','2015-04-15 09:39:10',0x39848C7AC9C8422B9F5592415A1DD52F,'Monthly payment for electricity',190,0.0000,50.0000,0.0000,50.0000,2,NULL,NULL,NULL,6,1,NULL,NULL),(0xE72F2A01E34A11E481A69E0D7F5201DB,1,1,5,'HSP23','2015-04-15 09:39:10',0x39848C7AC9C8422B9F5592415A1DD52F,'Monthly payment for electricity',218,50.0000,0.0000,50.0000,0.0000,2,NULL,NULL,NULL,6,1,NULL,NULL),(0xEBEA41AECA8E11E681A69E0D7F5201DB,1,2,27,'HSP166','2016-12-25 11:43:02',0x06DFAC0A32744AA3817811A01E3B81F0,'Facture a Clayton Ruiz (PA.HSP.6) pour 4 items dans le service Medecine Interne. Invoicing patient PA.HSP.6',172,25.8038,0.0000,25.8038,0.0000,2,0x48E2AE2740D943EDB794245EB47FFE89,NULL,NULL,11,1,NULL,NULL),(0xEBEA570FCA8E11E681A69E0D7F5201DB,1,2,27,'HSP166','2016-12-25 11:43:02',0x06DFAC0A32744AA3817811A01E3B81F0,'Facture a Clayton Ruiz (PA.HSP.6) pour 4 items dans le service Medecine Interne. Invoicing patient PA.HSP.6',242,0.0000,0.1200,0.0000,0.1200,2,NULL,NULL,NULL,11,1,NULL,NULL),(0xEBEA6E3ECA8E11E681A69E0D7F5201DB,1,2,27,'HSP166','2016-12-25 11:43:02',0x06DFAC0A32744AA3817811A01E3B81F0,'Facture a Clayton Ruiz (PA.HSP.6) pour 4 items dans le service Medecine Interne. Invoicing patient PA.HSP.6',242,0.0000,0.4838,0.0000,0.4838,2,NULL,NULL,NULL,11,1,NULL,NULL),(0xEBEB48DECA8E11E681A69E0D7F5201DB,1,2,27,'HSP166','2016-12-25 11:43:02',0x06DFAC0A32744AA3817811A01E3B81F0,'Facture a Clayton Ruiz (PA.HSP.6) pour 4 items dans le service Medecine Interne. Invoicing patient PA.HSP.6',243,0.0000,25.0000,0.0000,25.0000,2,NULL,NULL,NULL,11,1,NULL,NULL),(0xEBECE3F1CA8E11E681A69E0D7F5201DB,1,2,27,'HSP166','2016-12-25 11:43:02',0x06DFAC0A32744AA3817811A01E3B81F0,'Facture a Clayton Ruiz (PA.HSP.6) pour 4 items dans le service Medecine Interne. Invoicing patient PA.HSP.6',242,0.0000,0.2000,0.0000,0.2000,2,NULL,NULL,NULL,11,1,NULL,NULL),(0xEC968631D2D811E481A69E0D7F5201DB,1,1,4,'HSP19','2015-03-25 11:23:01',0x8497C5C37DAD44828A9CB0F22824C735,'Facture a Jonathon Meyer (PA.HSP.2) pour 1 items dans le service Pediatrie. Invoicing patient PA.HSP.2',176,0.0300,0.0000,0.0300,0.0000,2,0x6FCFA05DD76E4DB38CEC53AC899D4388,NULL,NULL,11,1,NULL,NULL),(0xEC9692FFD2D811E481A69E0D7F5201DB,1,1,4,'HSP19','2015-03-25 11:23:01',0x8497C5C37DAD44828A9CB0F22824C735,'Facture a Jonathon Meyer (PA.HSP.2) pour 1 items dans le service Pediatrie. Invoicing patient PA.HSP.2',242,0.0000,0.0300,0.0000,0.0300,2,NULL,NULL,NULL,11,1,NULL,NULL),(0xEE3115ECA93511E481A69E0D7F5201DB,1,1,2,'HSP6','2015-01-31 11:43:01',0xD6BB83425D524C1286CF329D38A56C21,'Transfer de 3.49 viens de Caisse Auxiliaire USD à Virement des fonds Caisse Auxiliaire - Caisse Principale USD par Administrator.',194,3.4900,0.0000,3.4900,0.0000,2,NULL,NULL,NULL,5,1,NULL,NULL),(0xEE36DA28A93511E481A69E0D7F5201DB,1,1,2,'HSP6','2015-01-31 11:43:01',0xD6BB83425D524C1286CF329D38A56C21,'Transfer de 3.49 viens de Caisse Auxiliaire USD à Virement des fonds Caisse Auxiliaire - Caisse Principale USD par Administrator.',191,0.0000,3.4900,0.0000,3.4900,2,NULL,NULL,NULL,5,1,NULL,NULL),(0xF06315F5E45711E481A69E0D7F5201DB,1,1,5,'HSP24','2015-04-16 17:45:02',0x303B106D65EC42A2BEC661A3DA646F8A,'Facture a Justin Berry (PA.HSP.3) pour 4 items dans le service Medecine Interne. Invoicing patient PA.HSP.3',176,1.6380,0.0000,1.6380,0.0000,2,0xF306A04AC9C942098D2D770C7CD460C9,NULL,NULL,11,1,NULL,NULL),(0xF063228EE45711E481A69E0D7F5201DB,1,1,5,'HSP24','2015-04-16 17:45:02',0x303B106D65EC42A2BEC661A3DA646F8A,'Facture a Justin Berry (PA.HSP.3) pour 4 items dans le service Medecine Interne. Invoicing patient PA.HSP.3',242,0.0000,0.0300,0.0000,0.0300,2,NULL,NULL,NULL,11,1,NULL,NULL),(0xF06326E5E45711E481A69E0D7F5201DB,1,1,5,'HSP24','2015-04-16 17:45:02',0x303B106D65EC42A2BEC661A3DA646F8A,'Facture a Justin Berry (PA.HSP.3) pour 4 items dans le service Medecine Interne. Invoicing patient PA.HSP.3',242,0.0000,0.0800,0.0000,0.0800,2,NULL,NULL,NULL,11,1,NULL,NULL),(0xF0632A98E45711E481A69E0D7F5201DB,1,1,5,'HSP24','2015-04-16 17:45:02',0x303B106D65EC42A2BEC661A3DA646F8A,'Facture a Justin Berry (PA.HSP.3) pour 4 items dans le service Medecine Interne. Invoicing patient PA.HSP.3',242,0.0000,0.0400,0.0000,0.0400,2,NULL,NULL,NULL,11,1,NULL,NULL),(0xF0633036E45711E481A69E0D7F5201DB,1,1,5,'HSP24','2015-04-16 17:45:02',0x303B106D65EC42A2BEC661A3DA646F8A,'Facture a Justin Berry (PA.HSP.3) pour 4 items dans le service Medecine Interne. Invoicing patient PA.HSP.3',242,0.0000,1.4880,0.0000,1.4880,2,NULL,NULL,NULL,11,1,NULL,NULL),(0xF2B34373AFD811E581A69E0D7F5201DB,1,1,13,'HSP83','2015-12-31 17:10:01',0xC2B0ECAF19354DCA93E12181F9A6834F,'Transfer de 2.25 viens de Caisse Auxiliaire USD à Virement des fonds Caisse Auxiliaire - Caisse Principale USD par Administrator.',191,0.0000,2.2500,0.0000,2.2500,2,NULL,NULL,NULL,5,1,NULL,NULL),(0xF2B42F05AFD811E581A69E0D7F5201DB,1,1,13,'HSP83','2015-12-31 17:10:01',0xC2B0ECAF19354DCA93E12181F9A6834F,'Transfer de 2.25 viens de Caisse Auxiliaire USD à Virement des fonds Caisse Auxiliaire - Caisse Principale USD par Administrator.',194,2.2500,0.0000,2.2500,0.0000,2,NULL,NULL,NULL,5,1,NULL,NULL),(0xF31F8172E45711E481A69E0D7F5201DB,1,1,5,'HSP25','2015-04-16 17:45:09',0x2DCF5DA769A6499785B7A14BC5D44FC0,'Paiement par Salvador Barker (PA.HSP.1) contre les facture(s) IV.HSP.5. -- ',191,3.3200,0.0000,3.3200,0.0000,2,NULL,NULL,NULL,2,1,NULL,NULL),(0xF32011E5E45711E481A69E0D7F5201DB,1,1,5,'HSP25','2015-04-16 17:45:09',0x2DCF5DA769A6499785B7A14BC5D44FC0,'Paiement par Salvador Barker (PA.HSP.1) contre les facture(s) IV.HSP.5. -- ',172,0.0000,3.3200,0.0000,3.3200,2,0x37B71201166349BF91455B94FD684A86,0xC477F95659AB4F1B8B355DF18B212BA1,NULL,2,1,NULL,NULL),(0xF485AC75A93511E481A69E0D7F5201DB,1,1,2,'HSP7','2015-01-31 11:43:03',0x38B94BDC77C546FB88B26AD099626010,'Monthly transfer to primary cash box',190,3.4900,0.0000,3.4900,0.0000,2,NULL,0xD6BB83425D524C1286CF329D38A56C21,NULL,5,1,NULL,NULL),(0xF485B0F3A93511E481A69E0D7F5201DB,1,1,2,'HSP7','2015-01-31 11:43:03',0x38B94BDC77C546FB88B26AD099626010,'Monthly transfer to primary cash box',194,0.0000,3.4900,0.0000,3.4900,2,NULL,0xD6BB83425D524C1286CF329D38A56C21,NULL,5,1,NULL,NULL),(0xF61F35C9A2FC11E481A69E0D7F5201DB,1,1,2,'HSP5','2015-01-23 13:40:01',0xE75E7ED81CDC433C85B2A73C1212A6BF,'Facture a Salvador Barker (PA.HSP.1) pour 4 items dans le service Administration. Invoicing patient PA.HSP.1',172,1.0748,0.0000,1.0748,0.0000,2,0x37B71201166349BF91455B94FD684A86,NULL,NULL,11,1,NULL,NULL),(0xF61F5071A2FC11E481A69E0D7F5201DB,1,1,2,'HSP5','2015-01-23 13:40:01',0xE75E7ED81CDC433C85B2A73C1212A6BF,'Facture a Salvador Barker (PA.HSP.1) pour 4 items dans le service Administration. Invoicing patient PA.HSP.1',242,0.0000,0.0400,0.0000,0.0400,2,NULL,NULL,NULL,11,1,NULL,NULL),(0xF61F5840A2FC11E481A69E0D7F5201DB,1,1,2,'HSP5','2015-01-23 13:40:01',0xE75E7ED81CDC433C85B2A73C1212A6BF,'Facture a Salvador Barker (PA.HSP.1) pour 4 items dans le service Administration. Invoicing patient PA.HSP.1',242,0.0000,0.0600,0.0000,0.0600,2,NULL,NULL,NULL,11,1,NULL,NULL),(0xF61F5F13A2FC11E481A69E0D7F5201DB,1,1,2,'HSP5','2015-01-23 13:40:01',0xE75E7ED81CDC433C85B2A73C1212A6BF,'Facture a Salvador Barker (PA.HSP.1) pour 4 items dans le service Administration. Invoicing patient PA.HSP.1',242,0.0000,0.0600,0.0000,0.0600,2,NULL,NULL,NULL,11,1,NULL,NULL),(0xF6211096A2FC11E481A69E0D7F5201DB,1,1,2,'HSP5','2015-01-23 13:40:01',0xE75E7ED81CDC433C85B2A73C1212A6BF,'Facture a Salvador Barker (PA.HSP.1) pour 4 items dans le service Administration. Invoicing patient PA.HSP.1',243,0.0000,0.9148,0.0000,0.9148,2,NULL,NULL,NULL,11,1,NULL,NULL),(0xF894C0C039E611E681A69E0D7F5201DB,1,2,21,'HSP124','2016-06-24 09:38:01',0xEE49C5934F964983BB9074104632FC77,'Facture a Marcus Medina (PA.HSP.5) pour 2 items dans le service Pediatrie. Invoicing patient PA.HSP.5',176,0.6528,0.0000,0.6528,0.0000,2,0x3C9BFB37D4D8428FBBBDC2C96AE64E4D,NULL,NULL,11,1,NULL,NULL),(0xF894CB7439E611E681A69E0D7F5201DB,1,2,21,'HSP124','2016-06-24 09:38:01',0xEE49C5934F964983BB9074104632FC77,'Facture a Marcus Medina (PA.HSP.5) pour 2 items dans le service Pediatrie. Invoicing patient PA.HSP.5',242,0.0000,0.1690,0.0000,0.1690,2,NULL,NULL,NULL,11,1,NULL,NULL),(0xF894CE5939E611E681A69E0D7F5201DB,1,2,21,'HSP124','2016-06-24 09:38:01',0xEE49C5934F964983BB9074104632FC77,'Facture a Marcus Medina (PA.HSP.5) pour 2 items dans le service Pediatrie. Invoicing patient PA.HSP.5',242,0.0000,0.4838,0.0000,0.4838,2,NULL,NULL,NULL,11,1,NULL,NULL),(0xF92E2298AFD811E581A69E0D7F5201DB,1,1,13,'HSP84','2015-12-31 17:10:03',0xEC3F6433559E4D35A4AEC071D62F1BA1,'Monthly transfer to primary cash box',190,2.2500,0.0000,2.2500,0.0000,2,NULL,0xC2B0ECAF19354DCA93E12181F9A6834F,NULL,5,1,NULL,NULL),(0xF92E27DDAFD811E581A69E0D7F5201DB,1,1,13,'HSP84','2015-12-31 17:10:03',0xEC3F6433559E4D35A4AEC071D62F1BA1,'Monthly transfer to primary cash box',194,0.0000,2.2500,0.0000,2.2500,2,NULL,0xC2B0ECAF19354DCA93E12181F9A6834F,NULL,5,1,NULL,NULL),(0xFACBD89B1CC011E581A69E0D7F5201DB,1,1,7,'HSP40','2015-06-27 12:38:01',0xEA61B86583754A8B985E9B64E00E7784,'Facture a Herman Butler (PA.HSP.4) pour 4 items dans le service Administration. Invoicing patient PA.HSP.4',176,0.1600,0.0000,0.1600,0.0000,2,0x8BB566B220514B1788EAF9C8B527F819,NULL,NULL,11,1,NULL,NULL),(0xFACBF2FB1CC011E581A69E0D7F5201DB,1,1,7,'HSP40','2015-06-27 12:38:01',0xEA61B86583754A8B985E9B64E00E7784,'Facture a Herman Butler (PA.HSP.4) pour 4 items dans le service Administration. Invoicing patient PA.HSP.4',242,0.0000,0.0200,0.0000,0.0200,2,NULL,NULL,NULL,11,1,NULL,NULL),(0xFACBFB801CC011E581A69E0D7F5201DB,1,1,7,'HSP40','2015-06-27 12:38:01',0xEA61B86583754A8B985E9B64E00E7784,'Facture a Herman Butler (PA.HSP.4) pour 4 items dans le service Administration. Invoicing patient PA.HSP.4',242,0.0000,0.0400,0.0000,0.0400,2,NULL,NULL,NULL,11,1,NULL,NULL),(0xFACC02921CC011E581A69E0D7F5201DB,1,1,7,'HSP40','2015-06-27 12:38:01',0xEA61B86583754A8B985E9B64E00E7784,'Facture a Herman Butler (PA.HSP.4) pour 4 items dans le service Administration. Invoicing patient PA.HSP.4',242,0.0000,0.0500,0.0000,0.0500,2,NULL,NULL,NULL,11,1,NULL,NULL),(0xFACC0B6F1CC011E581A69E0D7F5201DB,1,1,7,'HSP40','2015-06-27 12:38:01',0xEA61B86583754A8B985E9B64E00E7784,'Facture a Herman Butler (PA.HSP.4) pour 4 items dans le service Administration. Invoicing patient PA.HSP.4',242,0.0000,0.0500,0.0000,0.0500,2,NULL,NULL,NULL,11,1,NULL,NULL),(0xFE5C9A6C9E1E11E481A69E0D7F5201DB,1,1,2,'HSP3','2015-01-17 09:01:02',0x9B3CED7674B0463AB580603C34C009D5,'Facture a Salvador Barker (PA.HSP.1) pour 4 items dans le service Pediatrie. Invoicing patient PA.HSP.1',172,3.4900,0.0000,3.4900,0.0000,2,0x37B71201166349BF91455B94FD684A86,NULL,NULL,11,1,NULL,NULL),(0xFE5CA75F9E1E11E481A69E0D7F5201DB,1,1,2,'HSP3','2015-01-17 09:01:02',0x9B3CED7674B0463AB580603C34C009D5,'Facture a Salvador Barker (PA.HSP.1) pour 4 items dans le service Pediatrie. Invoicing patient PA.HSP.1',242,0.0000,0.5400,0.0000,0.5400,2,NULL,NULL,NULL,11,1,NULL,NULL),(0xFE5CAA8E9E1E11E481A69E0D7F5201DB,1,1,2,'HSP3','2015-01-17 09:01:02',0x9B3CED7674B0463AB580603C34C009D5,'Facture a Salvador Barker (PA.HSP.1) pour 4 items dans le service Pediatrie. Invoicing patient PA.HSP.1',242,0.0000,1.0800,0.0000,1.0800,2,NULL,NULL,NULL,11,1,NULL,NULL),(0xFE5CACD69E1E11E481A69E0D7F5201DB,1,1,2,'HSP3','2015-01-17 09:01:02',0x9B3CED7674B0463AB580603C34C009D5,'Facture a Salvador Barker (PA.HSP.1) pour 4 items dans le service Pediatrie. Invoicing patient PA.HSP.1',242,0.0000,0.0400,0.0000,0.0400,2,NULL,NULL,NULL,11,1,NULL,NULL),(0xFE5CAF029E1E11E481A69E0D7F5201DB,1,1,2,'HSP3','2015-01-17 09:01:02',0x9B3CED7674B0463AB580603C34C009D5,'Facture a Salvador Barker (PA.HSP.1) pour 4 items dans le service Pediatrie. Invoicing patient PA.HSP.1',242,0.0000,1.8300,0.0000,1.8300,2,NULL,NULL,NULL,11,1,NULL,NULL),(0xFFB5D680974111E581A69E0D7F5201DB,1,1,12,'HSP76','2015-11-30 10:09:01',0xA1D7D31F3CE24A6D922F7624CF588219,'Transfer de 1.94 viens de Caisse Auxiliaire USD à Virement des fonds Caisse Auxiliaire - Caisse Principale USD par Administrator.',194,1.9400,0.0000,1.9400,0.0000,2,NULL,NULL,NULL,5,1,NULL,NULL),(0xFFB5DAA2974111E581A69E0D7F5201DB,1,1,12,'HSP76','2015-11-30 10:09:01',0xA1D7D31F3CE24A6D922F7624CF588219,'Transfer de 1.94 viens de Caisse Auxiliaire USD à Virement des fonds Caisse Auxiliaire - Caisse Principale USD par Administrator.',191,0.0000,1.9400,0.0000,1.9400,2,NULL,NULL,NULL,5,1,NULL,NULL);
/*!40000 ALTER TABLE `general_ledger` ENABLE KEYS */;

--
-- Dumping data for table `grade`
--

/*!40000 ALTER TABLE `grade` DISABLE KEYS */;
/*!40000 ALTER TABLE `grade` ENABLE KEYS */;

--
-- Dumping data for table `holiday`
--

/*!40000 ALTER TABLE `holiday` DISABLE KEYS */;
/*!40000 ALTER TABLE `holiday` ENABLE KEYS */;

--
-- Dumping data for table `holiday_paiement`
--

/*!40000 ALTER TABLE `holiday_paiement` DISABLE KEYS */;
/*!40000 ALTER TABLE `holiday_paiement` ENABLE KEYS */;

--
-- Dumping data for table `integration`
--

/*!40000 ALTER TABLE `integration` DISABLE KEYS */;
/*!40000 ALTER TABLE `integration` ENABLE KEYS */;

--
-- Dumping data for table `inventory`
--

/*!40000 ALTER TABLE `inventory` DISABLE KEYS */;
INSERT INTO `inventory` (`enterprise_id`, `uuid`, `code`, `text`, `price`, `default_quantity`, `group_uuid`, `unit_id`, `unit_weight`, `unit_volume`, `stock`, `stock_max`, `stock_min`, `type_id`, `consumable`, `delay`, `avg_consumption`, `purchase_interval`, `created_at`, `updated_at`) VALUES (1,0x00EFB27B0D504561BF1394337C069C2A,'110001','ampicilline susp \'100 ml125mg/5ml',0.6600,1,0xD66A051867CE475CB1240BB78A65533F,2,0,0,1,100000000,0,1,1,1,1.0000,1.0000,'2016-10-23 08:35:08',NULL),(1,0x00F2E9564A754DC882DD1E8ECA56FCE7,'100029','cimetidine , tagamet,pintapro 200 mg',0.0500,1,0xD66A051867CE475CB1240BB78A65533F,2,0,0,1,100000000,0,1,1,1,1.0000,1.0000,'2016-10-23 08:35:08',NULL),(1,0x0105EA85DFDE4D48A434355B43A363FB,'100007','amoxycilline 250 mg',0.0400,1,0xD66A051867CE475CB1240BB78A65533F,2,0,0,1,100000000,0,1,1,1,1.0000,1.0000,'2016-10-23 08:35:08',NULL),(1,0x032C9694D4D14AE795AFBCC78BF91E00,'100125','Arinate',0.4400,1,0xD66A051867CE475CB1240BB78A65533F,5,0,0,0,0,0,1,1,1,1.0000,1.0000,'2016-10-23 08:35:08',NULL),(1,0x03E3A21A9985498E84DE6D4AD3069668,'100030','ciprofloxacine (cifin ) 500 mg tab',0.0900,1,0xD66A051867CE475CB1240BB78A65533F,2,0,0,1,100000000,0,1,1,1,1.0000,1.0000,'2016-10-23 08:35:08',NULL),(1,0x04333D8F14454A85B1300D3279E2264B,'100019','captopril 25 mg25mg',0.3700,1,0xD66A051867CE475CB1240BB78A65533F,2,0,0,1,100000000,0,1,1,1,1.0000,1.0000,'2016-10-23 08:35:08',NULL),(1,0x04BE44E3B04D4BCAAF6216850656F169,'1100210','Zidovudine (ZDV) 300mg+Lamivudine (3TC) 150mg, tab, 60',0.2991,1,0xD66A051867CE475CB1240BB78A65533F,15,0,0,0,0,0,1,1,1,1.0000,1.0000,'2016-10-23 08:35:08',NULL),(1,0x068F01CAA6E14EAD8EB9A8142946EAE6,'100065','isosorbide dinitrate 5 mg blister',0.0800,1,0xD66A051867CE475CB1240BB78A65533F,2,0,0,1,100000000,0,1,1,1,1.0000,1.0000,'2016-10-23 08:35:08',NULL),(1,0x06D193F6D6094E39B23D34E3551A9B2B,'100108','spironolactone 25 mg',0.0800,1,0xD66A051867CE475CB1240BB78A65533F,2,0,0,1,100000000,0,1,1,1,1.0000,1.0000,'2016-10-23 08:35:08',NULL),(1,0x06E8D1F6EA3443109EA9BF8255F3AD8F,'100002','acide folique5 mg',0.0200,1,0xD66A051867CE475CB1240BB78A65533F,2,0,0,1,100000000,0,1,1,1,1.0000,1.0000,'2016-10-23 08:35:08',NULL),(1,0x0753C89FDFF4416F8E6D9D8B13C677A0,'1100208','Azithromycine,250mg,tab, 6',0.1810,1,0xD66A051867CE475CB1240BB78A65533F,15,0,0,0,0,0,1,1,1,1.0000,1.0000,'2016-10-23 08:35:08',NULL),(1,0x09BDB6ED56394779952B10950CD15C7E,'100064','isoniazide/thiacetazone100/50mg',0.0100,1,0xD66A051867CE475CB1240BB78A65533F,2,0,0,1,100000000,0,1,1,1,1.0000,1.0000,'2016-10-23 08:35:08',NULL),(1,0x0A9001006B1B469EB3A0A7C59E732B63,'005001','Cotrimoxazol 960 mg tab',0.7930,1,0xD66A051867CE475CB1240BB78A65533F,9,0,0,0,0,0,1,1,1,1.0000,1.0000,'2016-10-23 08:35:08',NULL),(1,0x0CA82C82081244DDBFB9BE7D05D00018,'170449','Nevirapine (NVP) Sirop,10mg/ml,240ml, fl',5.4534,1,0x8337B0ED64A84B84B72196BB33E8D05A,10,0,0,0,0,0,1,1,1,1.0000,1.0000,'2016-10-23 08:35:08',NULL),(1,0x1242E12C88FF405CA4B9EA7EDA0E9F77,'100076','niclosamide500 mg',0.0600,1,0xD66A051867CE475CB1240BB78A65533F,2,0,0,1,100000000,0,1,1,1,1.0000,1.0000,'2016-10-23 08:35:08',NULL),(1,0x130768152132405FAA0ED12A39C9698C,'100004','allopurinol 100 mg100 mg',0.0300,1,0xD66A051867CE475CB1240BB78A65533F,2,0,0,1,100000000,0,1,1,1,1.0000,1.0000,'2016-10-23 08:35:08',NULL),(1,0x156B70BB5E564365AEAF4DDC5694F872,'110014','salbutamol oral 0,5',3.7000,1,0xD66A051867CE475CB1240BB78A65533F,2,0,0,1,100000000,0,1,1,1,1.0000,1.0000,'2016-10-23 08:35:08',NULL),(1,0x15E6DDE907E949929A73748CFF5C4FBD,'100130','Glyciphage 850mg, tab',0.2470,1,0xD66A051867CE475CB1240BB78A65533F,15,0,0,0,0,0,1,1,1,1.0000,1.0000,'2016-10-23 08:35:08',NULL),(1,0x1613E30BD7734BC4A7DF08DA335AFC3E,'100096','prednisone 5 mg',0.0100,1,0xD66A051867CE475CB1240BB78A65533F,2,0,0,1,100000000,0,1,1,1,1.0000,1.0000,'2016-10-23 08:35:08',NULL),(1,0x17E269B941AD4F07B2B99FC9EAE9DFEB,'100079','norethisterone 5 mg tab',0.1400,1,0xD66A051867CE475CB1240BB78A65533F,2,0,0,1,100000000,0,1,1,1,1.0000,1.0000,'2016-10-23 08:35:08',NULL),(1,0x17EA51AE53C446D892B4A10B9228B78D,'100022','cefaclor ( cifidine) , cefixine250 mg',0.2700,1,0xD66A051867CE475CB1240BB78A65533F,2,0,0,1,100000000,0,1,1,1,1.0000,1.0000,'2016-10-23 08:35:08',NULL),(1,0x1A5615D3F6494307B3F85A16B9676B14,'100078','nitrofurantoine(furadatin)100 mg',0.0100,1,0xD66A051867CE475CB1240BB78A65533F,2,0,0,1,100000000,0,1,1,1,1.0000,1.0000,'2016-10-23 08:35:08',NULL),(1,0x1A670E2868FC4B80BFA274983A96C364,'100126','Aciclovir 200mg, tab 100 vrac',0.0379,1,0xD66A051867CE475CB1240BB78A65533F,15,0,0,0,0,0,1,1,1,1.0000,1.0000,'2016-10-23 08:35:08',NULL),(1,0x1A6A1C3E9B3B42F2A8B3EA5F7C3BCA94,'100119','vitamine C (acide ascorbic) 250 mg tab',0.0200,1,0xD66A051867CE475CB1240BB78A65533F,2,0,0,1,100000000,0,1,1,1,1.0000,1.0000,'2016-10-23 08:35:08',NULL),(1,0x1B2A880DA9A945DF8DCA328F0C9ACC53,'100040','diazepam5 mg',0.0100,1,0xD66A051867CE475CB1240BB78A65533F,2,0,0,1,100000000,0,1,1,1,1.0000,1.0000,'2016-10-23 08:35:08',NULL),(1,0x1BBBA4371166484FBD8BE344A4C6B734,'100085','papaverine40mg',0.0200,1,0xD66A051867CE475CB1240BB78A65533F,2,0,0,1,100000000,0,1,1,1,1.0000,1.0000,'2016-10-23 08:35:08',NULL),(1,0x1C018D0423874901B487A135A278F1FB,'100074','metronidazole , flagyl 250 mg tab',0.0500,1,0xD66A051867CE475CB1240BB78A65533F,2,0,0,1,100000000,0,1,1,1,1.0000,1.0000,'2016-10-23 08:35:08',NULL),(1,0x1FB9C1C3531F4235A7FFEF92CA7BF29E,'100801','Ibuprofen 200mg tab',0.0153,1,0xD66A051867CE475CB1240BB78A65533F,15,0,0,0,0,0,1,1,1,1.0000,1.0000,'2016-10-23 08:35:08',NULL),(1,0x21EF4A8FB26F4FCBA63EC5C3223A0CA7,'100026','chloroquine phosph150 mg base tab',0.0200,1,0xD66A051867CE475CB1240BB78A65533F,2,0,0,1,100000000,0,1,1,1,1.0000,1.0000,'2016-10-23 08:35:08',NULL),(1,0x225453D54E0B48D4B7EBCF916D7E1C15,'1100207','Misoprostol, 0.2mg, tab, 100',0.1690,1,0xD66A051867CE475CB1240BB78A65533F,15,0,0,0,0,0,1,1,1,1.0000,1.0000,'2016-10-23 08:35:08',NULL),(1,0x2412F3CB748B4ABBBCFDF11282FC8B88,'1100202','Phenobarbital, 100mg, 1000, vrac',0.0227,1,0xD66A051867CE475CB1240BB78A65533F,15,0,0,0,0,0,1,1,1,1.0000,1.0000,'2016-10-23 08:35:08',NULL),(1,0x248C675A70134B98930127C8277A3CE2,'100013','aspirine adulte 500 mg tab (EML)',0.0100,1,0xD66A051867CE475CB1240BB78A65533F,2,0,0,1,100000000,0,1,1,1,1.0000,1.0000,'2016-10-23 08:35:08',NULL),(1,0x24B7B3AB1B6843E0A541D17BC048F4BE,'110010','multivitamine sirop500 ml',1.9000,1,0x8337B0ED64A84B84B72196BB33E8D05A,2,0,0,1,100000000,0,1,1,1,1.0000,1.0000,'2016-10-23 08:35:08',NULL),(1,0x26C3C3C0FE91452A8D0007E5CDD2E566,'100098','promethazine 25 mg tab',0.0100,1,0xD66A051867CE475CB1240BB78A65533F,2,0,0,1,100000000,0,1,1,1,1.0000,1.0000,'2016-10-23 08:35:08',NULL),(1,0x2765833ECDAD4F3E9741BB85593D30FF,'110016','Tylenol sirop (cold multivit)',5.1200,1,0x8337B0ED64A84B84B72196BB33E8D05A,8,0,0,0,0,0,1,1,1,1.0000,1.0000,'2016-10-23 08:35:08',NULL),(1,0x28A501CD4261484598900C761AA8E8C2,'100084','ovidon (lo-femenal)',0.3900,1,0xD66A051867CE475CB1240BB78A65533F,2,0,0,1,100000000,0,1,1,1,1.0000,1.0000,'2016-10-23 08:35:08',NULL),(1,0x293027E5F3BA4817883F9ECF91FCDF74,'100032','clarythromycine( biaxin)250 mg',0.3200,1,0xD66A051867CE475CB1240BB78A65533F,2,0,0,1,100000000,0,1,1,1,1.0000,1.0000,'2016-10-23 08:35:08',NULL),(1,0x2A5C5A6E6192475F8FCC2C67B9F50AA1,'110018','Tinidazol 500mg, tab',0.0520,1,0xD66A051867CE475CB1240BB78A65533F,15,0,0,0,0,0,1,1,1,1.0000,1.0000,'2016-10-23 08:35:08',NULL),(1,0x2B39CB6E40E24FC5BAAE3154D423CFF4,'100036','co trimoxazole100/20 mg tab',0.0100,1,0xD66A051867CE475CB1240BB78A65533F,2,0,0,1,100000000,0,1,1,1,1.0000,1.0000,'2016-10-23 08:35:08',NULL),(1,0x2E5182CF4C414142ABA415D854034EDD,'100045','ephedrine HCL 30 mg',0.2700,1,0xD66A051867CE475CB1240BB78A65533F,2,0,0,1,100000000,0,1,1,1,1.0000,1.0000,'2016-10-23 08:35:08',NULL),(1,0x2E98555F21744F1CA0C9275A91C5C3E4,'100140','Chlorpromazine HCL 100mg, tab',0.0262,1,0xD66A051867CE475CB1240BB78A65533F,15,0,0,0,0,0,1,1,1,1.0000,1.0000,'2016-10-23 08:35:08',NULL),(1,0x300634FA36AA486AA4AFE434FBD59ACD,'100131','Sulphate de Zinc',0.7000,1,0xD66A051867CE475CB1240BB78A65533F,5,0,0,0,0,0,1,1,1,1.0000,1.0000,'2016-10-23 08:35:08',NULL),(1,0x305EB49AE2A14C5192E6DFA2AC8EF5E7,'100009','ampicilline 250 mg caps',0.0300,1,0xD66A051867CE475CB1240BB78A65533F,2,0,0,1,100000000,0,1,1,1,1.0000,1.0000,'2016-10-23 08:35:08',NULL),(1,0x335D6B10505940C386D7B76F7FFA44A5,'100073','metoclopramide 10 mg tab',0.0100,1,0xD66A051867CE475CB1240BB78A65533F,2,0,0,1,100000000,0,1,1,1,1.0000,1.0000,'2016-10-23 08:35:08',NULL),(1,0x342DA0CA99C14D68A6782B536BA48F52,'100141','Na DCC 167mg tab, 200 Vrac',0.1008,1,0xD66A051867CE475CB1240BB78A65533F,15,0,0,0,0,0,1,1,1,1.0000,1.0000,'2016-10-23 08:35:08',NULL),(1,0x35D9BB5277F845B882D760F9E82792E6,'100049','ethambutol 400 mg',0.0600,1,0xD66A051867CE475CB1240BB78A65533F,2,0,0,1,100000000,0,1,1,1,1.0000,1.0000,'2016-10-23 08:35:08',NULL),(1,0x36E1033521334AF488C6B29F3A116C38,'1100205','Artesinate+Amodiaquine,100mg+270mg base,tab, 6 adulte',0.2048,1,0xD66A051867CE475CB1240BB78A65533F,15,0,0,0,0,0,1,1,1,1.0000,1.0000,'2016-10-23 08:35:08',NULL),(1,0x375718AB966D4E9F88B4FE15071A16D5,'1100200','Amoxycilline 125mg/5ml, susp',0.6600,1,0x8337B0ED64A84B84B72196BB33E8D05A,8,0,0,0,0,0,1,1,1,1.0000,1.0000,'2016-10-23 08:35:08',NULL),(1,0x37DD78DED4CB49319C3B5A5E06B683C1,'100046','ergotamine 1 mg + caffeine 100 tab, blister',0.6900,1,0xD66A051867CE475CB1240BB78A65533F,2,0,0,1,100000000,0,1,1,1,1.0000,1.0000,'2016-10-23 08:35:08',NULL),(1,0x3A95FF60BA1D4A9F8774826397F6737B,'100094','piracetam 400mg(nootropil)400 mg',0.3400,1,0xD66A051867CE475CB1240BB78A65533F,2,0,0,1,100000000,0,1,1,1,1.0000,1.0000,'2016-10-23 08:35:08',NULL),(1,0x3B988564EDEF42BCA788595589FE04D0,'100031','ciprofloxacin100mg',0.0100,1,0xD66A051867CE475CB1240BB78A65533F,2,0,0,1,100000000,0,1,1,1,1.0000,1.0000,'2016-10-23 08:35:08',NULL),(1,0x3C86CCFE051447BB95A779A4780F18C1,'100003','albendazole',0.1300,1,0xD66A051867CE475CB1240BB78A65533F,2,0,0,1,100000000,0,1,1,1,1.0000,1.0000,'2016-10-23 08:35:08',NULL),(1,0x3CDABCEAEB1343F9B6CE10D737D29250,'100054','glibenclamide 5 mg, tab',0.0100,1,0xD66A051867CE475CB1240BB78A65533F,2,0,0,1,100000000,0,1,1,1,1.0000,1.0000,'2016-10-23 08:35:08',NULL),(1,0x3E96743A57F24C8FAE355746C5D29938,'100018','calcium lactate 300 mg',0.0300,1,0xD66A051867CE475CB1240BB78A65533F,2,0,0,1,100000000,0,1,1,1,1.0000,1.0000,'2016-10-23 08:35:08',NULL),(1,0x3EBE8581C4E34FB78ECF330E0E529459,'100102','quinine sulphate 500 mg',0.1500,1,0xD66A051867CE475CB1240BB78A65533F,2,0,0,1,100000000,0,1,1,1,1.0000,1.0000,'2016-10-23 08:35:08',NULL),(1,0x407935DF78B246E3B9DC1F3BC92BB539,'120016','cyclophosphamide200 mg',17.1900,1,0xD66A051867CE475CB1240BB78A65533F,2,0,0,1,100000000,0,1,1,1,1.0000,1.0000,'2016-10-23 08:35:08',NULL),(1,0x40B1E0046221428E856402AEE03928AA,'100115','tribexfort(bte de 30 ces)',0.0700,1,0xD66A051867CE475CB1240BB78A65533F,2,0,0,1,100000000,0,1,1,1,1.0000,1.0000,'2016-10-23 08:35:08',NULL),(1,0x45B76A9FBCD74F209EDEB3F79D75E652,'110004','barium sulphate susp. pde1 gr',1.9200,1,0xD66A051867CE475CB1240BB78A65533F,2,0,0,1,100000000,0,1,1,1,1.0000,1.0000,'2016-10-23 08:35:08',NULL),(1,0x49DE2C1174AE43908256C3CC74509085,'100124','Acide nalidixique 500mg tab',0.0807,1,0xD66A051867CE475CB1240BB78A65533F,15,0,0,0,0,0,1,1,1,1.0000,1.0000,'2016-10-23 08:35:08',NULL),(1,0x4BBC2837394E4FCF8D439A3B9BD086BD,'100048','erythromycine 500 mg tab',0.1500,1,0xD66A051867CE475CB1240BB78A65533F,2,0,0,1,100000000,0,1,1,1,1.0000,1.0000,'2016-10-23 08:35:08',NULL),(1,0x4C7B53ACC76E44248618B9C94B911D00,'100059','hyoscine tab 10 mg BP',0.0500,1,0xD66A051867CE475CB1240BB78A65533F,2,0,0,1,100000000,0,1,1,1,1.0000,1.0000,'2016-10-23 08:35:08',NULL),(1,0x4D19C83A73FA4B2391406D790A59D0E1,'1100201','Griseofuvine 250mg, 1000, vrac',0.0422,1,0xD66A051867CE475CB1240BB78A65533F,15,0,0,0,0,0,1,1,1,1.0000,1.0000,'2016-10-23 08:35:08',NULL),(1,0x4E40CE17868E48E693EEE870F0C40AD3,'100057','hydralazine25 mg',0.0500,1,0xD66A051867CE475CB1240BB78A65533F,2,0,0,1,100000000,0,1,1,1,1.0000,1.0000,'2016-10-23 08:35:08',NULL),(1,0x4FCD69525E694385A867F7A1359D0617,'160002','Atropine 1%Flc 5cc',0.9400,1,0xD66A051867CE475CB1240BB78A65533F,2,0,0,1,100000000,0,1,1,1,1.0000,1.0000,'2016-10-23 08:35:08',NULL),(1,0x50E1FDC4E24349B9ABC1A0A98A318DDA,'100028','chlorpromazine 25 mg',0.0100,1,0xD66A051867CE475CB1240BB78A65533F,2,0,0,1,100000000,0,1,1,1,1.0000,1.0000,'2016-10-23 08:35:08',NULL),(1,0x511D9E4823EB4B82881BEA63033FA9C5,'100060','ibuprofen 400 mg',0.0200,1,0xD66A051867CE475CB1240BB78A65533F,2,0,0,1,100000000,0,1,1,1,1.0000,1.0000,'2016-10-23 08:35:08',NULL),(1,0x538C3EDC853D48BF8D12367A8CB1ED84,'100023','chloroquine phosph100mgbase',0.0100,1,0xD66A051867CE475CB1240BB78A65533F,2,0,0,1,100000000,0,1,1,1,1.0000,1.0000,'2016-10-23 08:35:08',NULL),(1,0x54DE8B92E58B4B2F9AF1DA4C1CCDBF8E,'100008','amoxycilline 500 mg500 mg',0.0800,1,0xD66A051867CE475CB1240BB78A65533F,2,0,0,1,100000000,0,1,1,1,1.0000,1.0000,'2016-10-23 08:35:08',NULL),(1,0x5FA843BB88A34BBFB8CA2806DCEF598C,'100087','paracetamol 500mg tab',0.0100,1,0xD66A051867CE475CB1240BB78A65533F,2,0,0,1,100000000,0,1,1,1,1.0000,1.0000,'2016-10-23 08:35:08',NULL),(1,0x6157F163AC5C425AA97388588BFA2593,'1100204','Artesinate+Amodiaquine, 100mg+270mg, base tab 3, 6-13ans',0.2629,1,0xD66A051867CE475CB1240BB78A65533F,15,0,0,0,0,0,1,1,1,1.0000,1.0000,'2016-10-23 08:35:08',NULL),(1,0x61ECF05460A849149FF93FD55734CB4E,'110020','Amoxycilline 250mg/5ml, 100ml, fl',0.9148,1,0x8337B0ED64A84B84B72196BB33E8D05A,10,0,0,0,0,0,1,1,1,1.0000,1.0000,'2016-10-23 08:35:08',NULL),(1,0x63FA317DA0304F97B831E0399AD9B5EA,'100070','mefloquine250mg',0.9600,1,0xD66A051867CE475CB1240BB78A65533F,2,0,0,1,100000000,0,1,1,1,1.0000,1.0000,'2016-10-23 08:35:08',NULL),(1,0x64D05F5280B643E683E39B75E40F6430,'100106','rifampicine150 mg',0.0700,1,0xD66A051867CE475CB1240BB78A65533F,2,0,0,1,100000000,0,1,1,1,1.0000,1.0000,'2016-10-23 08:35:08',NULL),(1,0x6798D6A5B7B64F64BA8191C2016EE666,'100033','clofazimine(lamprene)100 mg',0.0100,1,0xD66A051867CE475CB1240BB78A65533F,2,0,0,1,100000000,0,1,1,1,1.0000,1.0000,'2016-10-23 08:35:08',NULL),(1,0x6850743ABF2F47FFB98C447CB76E5039,'100129','Glycophage 500mg, tab',0.1924,1,0xD66A051867CE475CB1240BB78A65533F,15,0,0,0,0,0,1,1,1,1.0000,1.0000,'2016-10-23 08:35:08',NULL),(1,0x6993E74B0E744901BABBF89C90C86844,'100090','penicilline-phenoxymethyl) Pen VK250 mg',0.0700,1,0xD66A051867CE475CB1240BB78A65533F,2,0,0,1,100000000,0,1,1,1,1.0000,1.0000,'2016-10-23 08:35:08',NULL),(1,0x6E1367B19E2241D69366BFC49A623FD7,'100120','vitamineB1 (thiamine)100 mg',0.0100,1,0xD66A051867CE475CB1240BB78A65533F,2,0,0,1,100000000,0,1,1,1,1.0000,1.0000,'2016-10-23 08:35:08',NULL),(1,0x6E1E750546EC4B189DC70EDC39D63A09,'100058','hydrochorthiazide 50 mg',0.0100,1,0xD66A051867CE475CB1240BB78A65533F,2,0,0,1,100000000,0,1,1,1,1.0000,1.0000,'2016-10-23 08:35:08',NULL),(1,0x6F4AE92F57654526B66A1EC4D11BB3A7,'100041','Diclofenac sodium 25 mg tab',0.0100,1,0xD66A051867CE475CB1240BB78A65533F,2,0,0,1,100000000,0,1,1,1,1.0000,1.0000,'2016-10-23 08:35:08',NULL),(1,0x70F7EA881370434C8655C68E43DC98EA,'110011','penicilline VK susp \'100 ml125mg/5ml',1.3900,1,0x8337B0ED64A84B84B72196BB33E8D05A,2,0,0,1,100000000,0,1,1,1,1.0000,1.0000,'2016-10-23 08:35:08',NULL),(1,0x71DD0DF539E444BDAE295B2096AD8E41,'100100','propranolol40 mg',0.0100,1,0xD66A051867CE475CB1240BB78A65533F,2,0,0,1,100000000,0,1,1,1,1.0000,1.0000,'2016-10-23 08:35:08',NULL),(1,0x758B352DC1F040B194B158E47AED270C,'100010','ampicilline 500 mg caps',0.0900,1,0xD66A051867CE475CB1240BB78A65533F,2,0,0,1,100000000,0,1,1,1,1.0000,1.0000,'2016-10-23 08:35:08',NULL),(1,0x78569037828C427A9F88952D10CA8EE6,'100044','doxycyline100 mg',0.0200,1,0xD66A051867CE475CB1240BB78A65533F,2,0,0,1,100000000,0,1,1,1,1.0000,1.0000,'2016-10-23 08:35:08',NULL),(1,0x7A0BF698CD0940589994755C0B043551,'160001','Amethocaine 0.5%Flc 5cc',0.8100,1,0xD66A051867CE475CB1240BB78A65533F,2,0,0,1,100000000,0,1,1,1,1.0000,1.0000,'2016-10-23 08:35:08',NULL),(1,0x7B232C0EB2C041FAB9C89AAE3A6BAF55,'100062','isoniazide (inh) 100 mg',0.0100,1,0xD66A051867CE475CB1240BB78A65533F,2,0,0,1,100000000,0,1,1,1,1.0000,1.0000,'2016-10-23 08:35:08',NULL),(1,0x7B45391752E04D7BBAD090FA501D784C,'100069','mebendazole100 mg',0.0100,1,0xD66A051867CE475CB1240BB78A65533F,2,0,0,1,100000000,0,1,1,1,1.0000,1.0000,'2016-10-23 08:35:08',NULL),(1,0x7CE024FDC2AD4BAEA8D3B33FEA76B914,'100095','praziquantel (biltricide) 600 mg',0.2500,1,0xD66A051867CE475CB1240BB78A65533F,2,0,0,1,100000000,0,1,1,1,1.0000,1.0000,'2016-10-23 08:35:08',NULL),(1,0x7FEE39D6422845E9ABE6A7FA94F00AC6,'100118','vitamine B6(pyridoxine)50 mg',0.0100,1,0xD66A051867CE475CB1240BB78A65533F,2,0,0,1,100000000,0,1,1,1,1.0000,1.0000,'2016-10-23 08:35:08',NULL),(1,0x8810FF545E3B4EE38350891BE97F0B0E,'003001','ACT 50mg/135 mg 1 a 5 ans',0.4838,1,0xD66A051867CE475CB1240BB78A65533F,9,0,0,0,0,0,1,1,1,1.0000,1.0000,'2016-10-23 08:35:08',NULL),(1,0x8A8AB9E6140748F8878E66E6917C7E1E,'100075','multivitamine tab',0.0100,1,0xD66A051867CE475CB1240BB78A65533F,2,0,0,1,100000000,0,1,1,1,1.0000,1.0000,'2016-10-23 08:35:08',NULL),(1,0x8BC29FBCFE6B422D956B584FBFA58FB8,'110003','amoxicillin 125 mg/5ml, dry powder40/100ml',0.6600,1,0x8337B0ED64A84B84B72196BB33E8D05A,2,0,0,1,100000000,0,1,1,1,1.0000,1.0000,'2016-10-23 08:35:08',NULL),(1,0x8C39EB76990645EC97656442FDEADC68,'100082','nystatin orale500,000iu tab',0.0100,1,0xD66A051867CE475CB1240BB78A65533F,2,0,0,1,100000000,0,1,1,1,1.0000,1.0000,'2016-10-23 08:35:08',NULL),(1,0x8C8162A9EC324F99985665B01A099726,'100037','colchicine',0.1000,1,0xD66A051867CE475CB1240BB78A65533F,2,0,0,1,100000000,0,1,1,1,1.0000,1.0000,'2016-10-23 08:35:08',NULL),(1,0x8E164AA75C704FE497475BEED1A9FFDB,'100114','tolbutamide500 mg',0.0400,1,0xD66A051867CE475CB1240BB78A65533F,2,0,0,1,100000000,0,1,1,1,1.0000,1.0000,'2016-10-23 08:35:08',NULL),(1,0x949102CB37DC41B686B4BAF0156B52A5,'1100206','Clotrimazole,500mg,tab gynecologique,6,',0.2935,1,0xD66A051867CE475CB1240BB78A65533F,15,0,0,0,0,0,1,1,1,1.0000,1.0000,'2016-10-23 08:35:08',NULL),(1,0x9C125B5AE7084BC08606B58673A62F2E,'00010001','ACT 100mg/270mg adulte',0.6451,1,0xD66A051867CE475CB1240BB78A65533F,9,0,0,0,0,0,1,1,1,1.0000,1.0000,'2016-10-23 08:35:08',NULL),(1,0x9C496D6365A0485FBEA927351BB99B7E,'100047','erythromycine 250 mg tab',0.0700,1,0xD66A051867CE475CB1240BB78A65533F,2,0,0,1,100000000,0,1,1,1,1.0000,1.0000,'2016-10-23 08:35:08',NULL),(1,0x9C6C2052A0A846B1827A0C32537FF485,'100086','paracetamol500 mg',0.0100,1,0xD66A051867CE475CB1240BB78A65533F,2,0,0,1,100000000,0,1,1,1,1.0000,1.0000,'2016-10-23 08:35:08',NULL),(1,0x9DF335F2C1FE44BC81E01A46FB55BBCE,'170448','Nystatin,100.000UI/ml,suspension orale,30ml,fl',1.5000,1,0x8337B0ED64A84B84B72196BB33E8D05A,10,0,0,0,0,0,1,1,1,1.0000,1.0000,'2016-10-23 08:35:08',NULL),(1,0x9E6C439546BD42CA86A7E6B5A853805E,'100105','rifampicine300 mg',0.1400,1,0xD66A051867CE475CB1240BB78A65533F,2,0,0,1,100000000,0,1,1,1,1.0000,1.0000,'2016-10-23 08:35:08',NULL),(1,0x9EFA6B7C577544948BF607861D7E9EF6,'100038','cyclophosphamide 50 mg',0.3100,1,0xD66A051867CE475CB1240BB78A65533F,2,0,0,1,100000000,0,1,1,1,1.0000,1.0000,'2016-10-23 08:35:08',NULL),(1,0xA043C1B25B184418930B258410E3BFF5,'100053','furosemide 40 mg tab',0.0100,1,0xD66A051867CE475CB1240BB78A65533F,2,0,0,1,100000000,0,1,1,1,1.0000,1.0000,'2016-10-23 08:35:08',NULL),(1,0xA3184B19BE3A439DA69293602A006F54,'1100214','Artesinate+Amodiaquine,25mg+67.5mg base, tab, 3 2-11mois',0.0251,1,0xD66A051867CE475CB1240BB78A65533F,15,0,0,0,0,0,1,1,1,1.0000,1.0000,'2016-10-23 08:35:08',NULL),(1,0xA355AD04D5554C648036EC1F2A361061,'100011','ampicilline 875 mg875 mg',0.1500,1,0xD66A051867CE475CB1240BB78A65533F,2,0,0,1,100000000,0,1,1,1,1.0000,1.0000,'2016-10-23 08:35:08',NULL),(1,0xA380565E260641DFAD064C83ABE6EB26,'100109','sulphamethoxypyridazine(fansidar)500 mg',0.0700,1,0xD66A051867CE475CB1240BB78A65533F,2,0,0,1,100000000,0,1,1,1,1.0000,1.0000,'2016-10-23 08:35:08',NULL),(1,0xAC323348EBD24F9784AE598412C18D3E,'100063','isoniazide/thiacetazone300/150mg',0.0300,1,0xD66A051867CE475CB1240BB78A65533F,2,0,0,1,100000000,0,1,1,1,1.0000,1.0000,'2016-10-23 08:35:08',NULL),(1,0xAF8BCDE417BB4D47B2EB465B4EBB5E39,'100016','bisacodyl5 mg',0.0200,1,0xD66A051867CE475CB1240BB78A65533F,2,0,0,1,100000000,0,1,1,1,1.0000,1.0000,'2016-10-23 08:35:08',NULL),(1,0xB0411C78C9D740BEA7478A2C4C6D52E9,'120803','Promethazine Chlorhydrate 5mg/5ml sirop, 100ml',0.7654,1,0x8337B0ED64A84B84B72196BB33E8D05A,10,0,0,0,0,0,1,1,1,1.0000,1.0000,'2016-10-23 08:35:08',NULL),(1,0xB08B9848180E45FDB65DA799223F42AF,'100001','acetazolamide250 mg',0.8900,1,0xD66A051867CE475CB1240BB78A65533F,2,0,0,1,100000000,0,1,1,1,1.0000,1.0000,'2016-10-23 08:35:08',NULL),(1,0xB0B911FCC82E48F79E53C3AB30285655,'100067','levamizole 50 mg tab',0.0200,1,0xD66A051867CE475CB1240BB78A65533F,2,0,0,1,100000000,0,1,1,1,1.0000,1.0000,'2016-10-23 08:35:08',NULL),(1,0xB0F7517998CA4AE4BEC5C4AA34E0E9E2,'100056','griseofulvine125 mg, tab',0.0200,1,0xD66A051867CE475CB1240BB78A65533F,2,0,0,1,100000000,0,1,1,1,1.0000,1.0000,'2016-10-23 08:35:08',NULL),(1,0xB124AF8ADCA9447890C95BEED1C07E8D,'0004001','ACT 25 mg / 63.5 mg de 0 a 11 mois',0.4838,1,0xD66A051867CE475CB1240BB78A65533F,9,0,0,0,0,0,1,1,1,1.0000,1.0000,'2016-10-23 08:35:08',NULL),(1,0xB1D4DD3773D84A1597F115306B42FA4B,'100113','thyroxine(levothyroxine)',0.0900,1,0xD66A051867CE475CB1240BB78A65533F,2,0,0,1,100000000,0,1,1,1,1.0000,1.0000,'2016-10-23 08:35:08',NULL),(1,0xB363681FF8674028BCF16AD42E97D985,'150061','tosylochloramine sodique500 mg',0.9000,1,0xD66A051867CE475CB1240BB78A65533F,2,0,0,1,100000000,0,1,1,1,1.0000,1.0000,'2016-10-23 08:35:08',NULL),(1,0xB417651F58A9444CAD7004A09CDB4BB2,'100071','methotrexate2.5 mg',0.2600,1,0xD66A051867CE475CB1240BB78A65533F,2,0,0,1,100000000,0,1,1,1,1.0000,1.0000,'2016-10-23 08:35:08',NULL),(1,0xB51AF15781F1462FB2441F0A6A84CADD,'100014','atenolol 100 mg tab',0.2000,1,0xD66A051867CE475CB1240BB78A65533F,2,0,0,1,100000000,0,1,1,1,1.0000,1.0000,'2016-10-23 08:35:08',NULL),(1,0xB7167236F5BE492EB4EF04386E826049,'140001','anti-snake vehum10 ml',295.8900,1,0xD66A051867CE475CB1240BB78A65533F,2,0,0,1,100000000,0,1,1,1,1.0000,1.0000,'2016-10-23 08:35:08',NULL),(1,0xB79B3F7F5F864F7F9328D2265AB7407A,'120080','Coartem tab',0.1397,1,0xD66A051867CE475CB1240BB78A65533F,15,0,0,0,0,0,1,1,1,1.0000,1.0000,'2016-10-23 08:35:08',NULL),(1,0xB9284D2DC567469FAD0D754F965EDB1B,'120066','Ceftriaxon 1 gr Fl',5.0000,1,0x8337B0ED64A84B84B72196BB33E8D05A,10,0,0,0,0,0,1,1,1,1.0000,1.0000,'2016-10-23 08:35:08',NULL),(1,0xB94902F9686D455CB42D5BADA27757D6,'100020','carbimazole 5mg5mg',0.0400,1,0xD66A051867CE475CB1240BB78A65533F,2,0,0,1,100000000,0,1,1,1,1.0000,1.0000,'2016-10-23 08:35:08',NULL),(1,0xB989DC760429434D9BEFBE83A8DCC7C9,'100093','phenytoin Sodium(dilatin)100 mg',0.0100,1,0xD66A051867CE475CB1240BB78A65533F,2,0,0,1,100000000,0,1,1,1,1.0000,1.0000,'2016-10-23 08:35:08',NULL),(1,0xBA219EFF242D4542AC239437662A29D4,'100092','phenobarbital 50 mg tab',0.0100,1,0xD66A051867CE475CB1240BB78A65533F,2,0,0,1,100000000,0,1,1,1,1.0000,1.0000,'2016-10-23 08:35:08',NULL),(1,0xBB7D265582874ADA992A1A03B895E935,'100104','reserpine0.25 mg',0.0100,1,0xD66A051867CE475CB1240BB78A65533F,2,0,0,1,100000000,0,1,1,1,1.0000,1.0000,'2016-10-23 08:35:08',NULL),(1,0xBB9F388804AF4D178A38CCE7F737E6A2,'100088','paracetamol 100 mg tab',0.0100,1,0xD66A051867CE475CB1240BB78A65533F,2,0,0,1,100000000,0,1,1,1,1.0000,1.0000,'2016-10-23 08:35:08',NULL),(1,0xBC13EF773B29475EA433332733FF4073,'110008','cotrimoxazole susp 100 ml200/40mg/5ml',2.3200,1,0x8337B0ED64A84B84B72196BB33E8D05A,2,0,0,1,100000000,0,1,1,1,1.0000,1.0000,'2016-10-23 08:35:08',NULL),(1,0xBD90A2E4FB2340B7A5697548EE1B8131,'110002','Ampicillin susp250 mg',2.0000,1,0xD66A051867CE475CB1240BB78A65533F,2,0,0,1,100000000,0,1,1,1,1.0000,1.0000,'2016-10-23 08:35:08',NULL),(1,0xBDEA2DC2FE354121888C11F30C63BC4A,'100089','penicilline-phenoxymethyl) Pen VK125 mg',0.0300,1,0xD66A051867CE475CB1240BB78A65533F,2,0,0,1,100000000,0,1,1,1,1.0000,1.0000,'2016-10-23 08:35:08',NULL),(1,0xC0179142EE8B484882719A64EA5A6521,'110007','chloramphenicol susp,\'60 ml125/5ml',2.1000,1,0x8337B0ED64A84B84B72196BB33E8D05A,2,0,0,1,100000000,0,1,1,1,1.0000,1.0000,'2016-10-23 08:35:08',NULL),(1,0xC132D5D1748343A891D04AD0C2370771,'100039','dapson 5 mg (pt)',0.0100,1,0xD66A051867CE475CB1240BB78A65533F,2,0,0,1,100000000,0,1,1,1,1.0000,1.0000,'2016-10-23 08:35:08',NULL),(1,0xC319A305B4844F83ABFD45E26FD20CD5,'100043','digoxine 0.25 mg tab blister',0.1500,1,0xD66A051867CE475CB1240BB78A65533F,2,0,0,1,100000000,0,1,1,1,1.0000,1.0000,'2016-10-23 08:35:08',NULL),(1,0xC70F076845CC478995B3C8F59FA29EF0,'100061','indomethacine25 mg',0.0100,1,0xD66A051867CE475CB1240BB78A65533F,2,0,0,1,100000000,0,1,1,1,1.0000,1.0000,'2016-10-23 08:35:08',NULL),(1,0xC7D6031DE5174299A7BC1DEC7120DF97,'100077','nifedipine 10 mg10 mg',0.3000,1,0xD66A051867CE475CB1240BB78A65533F,2,0,0,1,100000000,0,1,1,1,1.0000,1.0000,'2016-10-23 08:35:08',NULL),(1,0xC8272AE0C10A49158AFA04DF16F3AA07,'100142','Mebendazol 500 mg, tab',0.0136,1,0xD66A051867CE475CB1240BB78A65533F,15,0,0,0,0,0,1,1,1,1.0000,1.0000,'2016-10-23 08:35:08',NULL),(1,0xCDEDB90CE6C3423496D4AA0E278E7641,'1100209','Levonorgestrel,0.75mg,tab, 2',0.3867,1,0xD66A051867CE475CB1240BB78A65533F,15,0,0,0,0,0,1,1,1,1.0000,1.0000,'2016-10-23 08:35:08',NULL),(1,0xD63F6BF0CECE40BD8479EEDEC5EF12A5,'1100203','Ranitidine,150mg, tab, 100',0.4960,1,0xD66A051867CE475CB1240BB78A65533F,15,0,0,0,0,0,1,1,1,1.0000,1.0000,'2016-10-23 08:35:08',NULL),(1,0xD67B76901A504E80BEA0200D792362B1,'100128','Gliben M Plus en plaquette',0.0425,1,0xD66A051867CE475CB1240BB78A65533F,15,0,0,0,0,0,1,1,1,1.0000,1.0000,'2016-10-23 08:35:08',NULL),(1,0xD75B69763C89479398285101600DE4EE,'100097','proguanil (paludrine)100 mg',0.0700,1,0xD66A051867CE475CB1240BB78A65533F,2,0,0,1,100000000,0,1,1,1,1.0000,1.0000,'2016-10-23 08:35:08',NULL),(1,0xD75D6D27A40044E9A2064A913774DFCC,'100099','propantheline bromide15 mg',0.0200,1,0xD66A051867CE475CB1240BB78A65533F,2,0,0,1,100000000,0,1,1,1,1.0000,1.0000,'2016-10-23 08:35:08',NULL),(1,0xD9A635821B0F46CFB8C3AE9F896BCE93,'100012','Anti acide, Maalox 400/500 mg/ tab',0.0200,1,0xD66A051867CE475CB1240BB78A65533F,2,0,0,1,100000000,0,1,1,1,1.0000,1.0000,'2016-10-23 08:35:08',NULL),(1,0xDB2F427466EF4A649E68B22045B364EC,'110017','Erythromycine 250mg/5ml, 100ml',1.9000,1,0x8337B0ED64A84B84B72196BB33E8D05A,10,0,0,0,0,0,1,1,1,1.0000,1.0000,'2016-10-23 08:35:08',NULL),(1,0xE08AF26C6CCC4E49865FD648F5D624DB,'100081','noscapine15 mg',0.0200,1,0xD66A051867CE475CB1240BB78A65533F,2,0,0,1,100000000,0,1,1,1,1.0000,1.0000,'2016-10-23 08:35:08',NULL),(1,0xE095E87FC6B44F07BEB713E6DF044635,'100103','quinine sulphate 300 mg tab',0.1600,1,0xD66A051867CE475CB1240BB78A65533F,2,0,0,1,100000000,0,1,1,1,1.0000,1.0000,'2016-10-23 08:35:08',NULL),(1,0xE2A7263262754F478821DC0BC2C1C2A6,'100024','chloramine 500 mg500mg',0.0100,1,0xD66A051867CE475CB1240BB78A65533F,2,0,0,1,100000000,0,1,1,1,1.0000,1.0000,'2016-10-23 08:35:08',NULL),(1,0xE3236209B29443CCBE5271CEC116D264,'100042','diethylcarbamazine citrate 50 mg',0.0100,1,0xD66A051867CE475CB1240BB78A65533F,2,0,0,1,100000000,0,1,1,1,1.0000,1.0000,'2016-10-23 08:35:08',NULL),(1,0xE4B59D1B42B34A778D49EE6D2DC8A7C2,'100800','cotrimoxazol 480mg tab',0.0197,1,0xD66A051867CE475CB1240BB78A65533F,15,0,0,0,0,0,1,1,1,1.0000,1.0000,'2016-10-23 08:35:08',NULL),(1,0xE5E0B30C26F0410289F9B923D8CE3760,'120081','Artthefan tab',0.1397,1,0xD66A051867CE475CB1240BB78A65533F,15,0,0,0,0,0,1,1,1,1.0000,1.0000,'2016-10-23 08:35:08',NULL),(1,0xE60C1EAF8F17478F8FC72932E39D1545,'100035','co trimoxazole 400/80mg tab',0.0200,1,0xD66A051867CE475CB1240BB78A65533F,2,0,0,1,100000000,0,1,1,1,1.0000,1.0000,'2016-10-23 08:35:08',NULL),(1,0xE9900FF7CD7548878D018703F5C0817B,'002001','ACT 100mg/270ml 6 a 13 ans',0.4838,1,0xD66A051867CE475CB1240BB78A65533F,9,0,0,0,0,0,1,1,1,1.0000,1.0000,'2016-10-23 08:35:08',NULL),(1,0xE9B241AE528F4BF882D697B2E21A77D8,'100072','methyldopa250 mg',0.0500,1,0xD66A051867CE475CB1240BB78A65533F,2,0,0,1,100000000,0,1,1,1,1.0000,1.0000,'2016-10-23 08:35:08',NULL),(1,0xEB3F6F9A924F4C799BA930ABF4955043,'100117','vitamine B complex tab',0.0100,1,0xD66A051867CE475CB1240BB78A65533F,2,0,0,1,100000000,0,1,1,1,1.0000,1.0000,'2016-10-23 08:35:08',NULL),(1,0xEC2F22E16E874ADCAC96BBF6354DC3D0,'110006','cefaclor suspension125/5ml',1.6600,1,0x8337B0ED64A84B84B72196BB33E8D05A,2,0,0,1,100000000,0,1,1,1,1.0000,1.0000,'2016-10-23 08:35:08',NULL),(1,0xEEDCAD3E36F14F0A94F67C992328263C,'100055','griseofulvine 500 mg, tab',0.1100,1,0xD66A051867CE475CB1240BB78A65533F,2,0,0,1,100000000,0,1,1,1,1.0000,1.0000,'2016-10-23 08:35:08',NULL),(1,0xF104A3F28B214E76A0859DB7DB1C9AB0,'1100215','Artesinate+Amodiaquine, 50mg+135mg base, tab 3, 1-5ans',0.1849,1,0xD66A051867CE475CB1240BB78A65533F,15,0,0,0,0,0,1,1,1,1.0000,1.0000,'2016-10-23 08:35:08',NULL),(1,0xF3331AC1D11D409384339CA50891C151,'100015','biperiden 2 mg2 mg',0.1500,1,0xD66A051867CE475CB1240BB78A65533F,2,0,0,1,100000000,0,1,1,1,1.0000,1.0000,'2016-10-23 08:35:08',NULL),(1,0xF4C6EB38FB3944B985A5F11AB5DF8FE9,'110013','metronidazole sirop 125mg / 5 ml100 ml',1.3100,1,0x8337B0ED64A84B84B72196BB33E8D05A,2,0,0,1,100000000,0,1,1,1,1.0000,1.0000,'2016-10-23 08:35:08',NULL),(1,0xF638BAB2CE35470E899394F41370F309,'100101','pyrazinamide500 mg',0.0700,1,0xD66A051867CE475CB1240BB78A65533F,2,0,0,1,100000000,0,1,1,1,1.0000,1.0000,'2016-10-23 08:35:08',NULL),(1,0xF6EE4A80F1524D07B8D1C6F2578B7CBE,'100050','ethinyloestradiol0.05 mg',0.6100,1,0xD66A051867CE475CB1240BB78A65533F,2,0,0,1,100000000,0,1,1,1,1.0000,1.0000,'2016-10-23 08:35:08',NULL),(1,0xF82AB5B7928A409D8EDFF922E8733001,'110009','erythromycine125 mg/5ml',2.3100,1,0x8337B0ED64A84B84B72196BB33E8D05A,2,0,0,1,100000000,0,1,1,1,1.0000,1.0000,'2016-10-23 08:35:08',NULL),(1,0xF87F2B174AD2401C86EAEF1A1E9A1392,'100006','Amitriptyline25 mg',0.0200,1,0xD66A051867CE475CB1240BB78A65533F,2,0,0,1,100000000,0,1,1,1,1.0000,1.0000,'2016-10-23 08:35:08',NULL),(1,0xFC7C58FCB32F490A9F4A21448CDED8EA,'100107','salbutamol4 mg tab',0.0100,1,0xD66A051867CE475CB1240BB78A65533F,2,0,0,1,100000000,0,1,1,1,1.0000,1.0000,'2016-10-23 08:35:08',NULL),(1,0xFD1C46C8F2764AA4BEBC7DE652CE6C45,'100005','Aminophyline100 mg',0.0100,1,0xD66A051867CE475CB1240BB78A65533F,2,0,0,1,100000000,0,1,1,1,1.0000,1.0000,'2016-10-23 08:35:08',NULL);
/*!40000 ALTER TABLE `inventory` ENABLE KEYS */;

--
-- Dumping data for table `inventory_group`
--

/*!40000 ALTER TABLE `inventory_group` DISABLE KEYS */;
INSERT INTO `inventory_group` (`uuid`, `name`, `code`, `sales_account`, `cogs_account`, `stock_account`, `donation_account`) VALUES (0x08248EC3291C4EB8928CC96FA2BA40AA,'Endodontie','1',0,NULL,NULL,NULL),(0x08BFD50DC710407C973500F436769EE4,'Produit dentaire','2',0,NULL,NULL,NULL),(0x0944D1DAF08645F287C512614CB50E07,'Lunettes','3',0,NULL,NULL,NULL),(0x0B156B95F8874CFBBD09E729E3E3642A,'Sondes','4',0,NULL,NULL,NULL),(0x124B8A66C0E347AB8E0A19C0019B6C43,'Consultation','5',0,NULL,NULL,NULL),(0x1C9937A33D2D48A882425941D3CCA250,'Medicaments en Poudre et Capsul','6',0,NULL,NULL,NULL),(0x23E46F3B79824EC496EC3E0C76EE7F62,'Suppositoires','7',0,NULL,NULL,NULL),(0x26A06810C8684EDC97200CB3EE20F8FA,'Optique','8',0,NULL,NULL,NULL),(0x294B756DE054479A88B2D39DF85A6DE1,'Visite speciale','9',0,NULL,NULL,NULL),(0x2AFC3B17DC1B4E5BBC8B5651486E4C87,'Ophtamologie','10',0,NULL,NULL,NULL),(0x2B0A1F2899F44D38AFF2E09EF5AAF9D8,'Hospitalization','11',0,NULL,NULL,NULL),(0x30B1E2500355446991C8F0950206CCA3,'service preventif','12',0,NULL,NULL,NULL),(0x45442FA27932490B867BAFA853B864D8,'Produits Radio','13',0,NULL,NULL,NULL),(0x4B4DBC73BD18466AA8C4317AF2C0A350,'Petite chirurgie sutures','14',0,NULL,NULL,NULL),(0x5BF8AAE6225842AEBEC8AA852FF28108,'Fourniture nursing(bistouris,sparadraps,...)','15',0,NULL,NULL,NULL),(0x621DBBA39F714D609CDE727F87258260,'Fournitures Papeterie','16',0,NULL,NULL,NULL),(0x6D921EE8771D4471928FB098BBA19FBF,'IMA Subsidy','17',0,NULL,NULL,NULL),(0x7A7B164E443D4229BC846C34007D8C04,'Parodontie','18',0,NULL,NULL,NULL),(0x827229E0FEAE428493510E68BD489915,'Fournitures Electriques et Soudures','19',0,NULL,NULL,NULL),(0x8337B0ED64A84B84B72196BB33E8D05A,'Medicaments en Sirop','20',243,210,163,NULL),(0x8D8AE9D7BAFB482CAFD27C6F23B361C2,'Platre','21',0,NULL,NULL,NULL),(0x8EDDF5F5C1E24F15BD01530E6BACA071,'Chirurgie','22',0,NULL,NULL,NULL),(0x8F7AD32B1C5944C88C19D9727896C218,'Labo','23',0,NULL,NULL,NULL),(0x92EFE5164E99411282E0E86B30BFBC12,'Administration','24',0,NULL,NULL,NULL),(0x95C6D2BAD6034C7A8AE24C24122277AD,'Urgence','25',0,NULL,NULL,NULL),(0x9616CDDFD20447BC9871BE0D8DDFC5AD,'Accouchement','26',0,NULL,NULL,NULL),(0xA219429F8DA844608C3F01F81975DA25,'produit entretien nettoyage020','27',0,NULL,NULL,NULL),(0xA5225915ED054E61B5164C52EF97A271,'Reactifs Labo','28',0,NULL,NULL,NULL),(0xB2C7AB4C575F45E1932AE458422EF84A,'Equipements medicaux (gants,blouses, masques...)','29',0,NULL,NULL,NULL),(0xB554EBF97A0F4FD2BDDEF902EBD96FEE,'Radiologie','30',0,NULL,NULL,NULL),(0xBAA8EA294623445B9D4E04C76AAECF0F,'Soins dentaire','31',0,NULL,NULL,NULL),(0xC13DA749A9CD4894B39BBE0C26919304,'Injectable','32',0,NULL,NULL,NULL),(0xC673E6D2A1FD4BCAAA0E92425FC099BB,'Orl','33',0,NULL,NULL,NULL),(0xD66A051867CE475CB1240BB78A65533F,'Medicaments en comprimes','34',242,209,162,NULL),(0xD9F8DAAA22DE4A33801E4C07317B1983,'Externe','35',0,NULL,NULL,NULL),(0xE4941F6527224FCEB56488068E2D0795,'Extration dentaire','36',0,NULL,NULL,NULL),(0xE81EAA93E0BD4F9E893FB0D826BF2732,'obturation provisoire','37',0,NULL,NULL,NULL),(0xF0D2BE9A39BC4A6CB5CBD56B7B25852E,'Orthodontie','38',0,NULL,NULL,NULL),(0xF24E732567A848F1AEB0B7C4C89F2884,'Perfusion','39',0,NULL,NULL,NULL);
/*!40000 ALTER TABLE `inventory_group` ENABLE KEYS */;

--
-- Dumping data for table `inventory_log`
--

/*!40000 ALTER TABLE `inventory_log` DISABLE KEYS */;
/*!40000 ALTER TABLE `inventory_log` ENABLE KEYS */;

--
-- Dumping data for table `invoice`
--

/*!40000 ALTER TABLE `invoice` DISABLE KEYS */;
INSERT INTO `invoice` (`project_id`, `reference`, `uuid`, `cost`, `debtor_uuid`, `service_id`, `user_id`, `date`, `description`, `reversed`, `created_at`) VALUES (1,17,0x00F3D284AA7D4225A8326CE64571C64C,0.8560,0x6FCFA05DD76E4DB38CEC53AC899D4388,2,1,'2015-09-17 12:07:02','Facture a Jonathon Meyer (PA.HSP.2) pour 3 items dans le service Pediatrie. Invoicing patient PA.HSP.2',0,'2015-09-17 11:07:06'),(1,14,0x03F9FB27DACC4C11ABD185BF43425780,0.3600,0xF306A04AC9C942098D2D770C7CD460C9,3,1,'2015-07-24 13:24:02','Facture a Justin Berry (PA.HSP.3) pour 5 items dans le service Medecine Interne. Invoicing patient PA.HSP.3',0,'2015-07-24 12:24:07'),(1,48,0x06DFAC0A32744AA3817811A01E3B81F0,25.8038,0x48E2AE2740D943EDB794245EB47FFE89,3,1,'2016-12-25 11:43:02','Facture a Clayton Ruiz (PA.HSP.6) pour 4 items dans le service Medecine Interne. Invoicing patient PA.HSP.6',0,'2016-12-25 10:43:07'),(1,18,0x0B6FC3FF485A45B5ABEC9AFE02DFC8FC,0.8400,0x8BB566B220514B1788EAF9C8B527F819,2,1,'2015-09-25 17:07:02','Facture a Herman Butler (PA.HSP.4) pour 4 items dans le service Pediatrie. Invoicing patient PA.HSP.4',0,'2015-09-25 16:07:06'),(1,20,0x1A4A3F7809FF4495960DC223FB10E5BE,0.4491,0xF306A04AC9C942098D2D770C7CD460C9,3,1,'2015-10-23 14:48:01','Facture a Justin Berry (PA.HSP.3) pour 3 items dans le service Medecine Interne. Invoicing patient PA.HSP.3',0,'2015-10-23 13:48:06'),(1,38,0x1EA8B32C30F243919E99AD5E4FC2450B,0.6100,0x5F7724607F3B45D3B508F9E1B4E75D9A,3,1,'2016-07-26 17:32:02','Facture a Glen Higgins (PA.HSP.8) pour 5 items dans le service Medecine Interne. Invoicing patient PA.HSP.8',0,'2016-07-26 16:32:07'),(1,25,0x25C5DED97DD64D87B2CB62FF65E37903,0.0900,0x37B71201166349BF91455B94FD684A86,2,1,'2016-01-22 15:07:02','Facture a Salvador Barker (PA.HSP.1) pour 2 items dans le service Pediatrie. Invoicing patient PA.HSP.1',0,'2016-01-22 14:07:05'),(1,21,0x2B35AE8982AD4B94882CC22548D0E6DE,3.6100,0x53FDB91D3B4E480A92274AE2C09F3423,1,1,'2015-11-17 09:24:01','Facture a Eva Lewis (PA.HSP.11) pour 3 items dans le service Administration. Invoicing patient PA.HSP.11',0,'2015-11-17 08:24:06'),(1,7,0x303B106D65EC42A2BEC661A3DA646F8A,1.6380,0xF306A04AC9C942098D2D770C7CD460C9,3,1,'2015-04-16 17:45:02','Facture a Justin Berry (PA.HSP.3) pour 4 items dans le service Medecine Interne. Invoicing patient PA.HSP.3',0,'2015-04-16 16:45:07'),(1,40,0x3834A9D8B22145FE8C7308EE7E3E86D0,4.4600,0xF306A04AC9C942098D2D770C7CD460C9,3,1,'2016-08-23 10:10:01','Facture a Justin Berry (PA.HSP.3) pour 3 items dans le service Medecine Interne. Invoicing patient PA.HSP.3',0,'2016-08-23 09:10:06'),(1,41,0x3D696CB30D1247298DB3ED540224985D,0.7435,0x4761C167D8DB484CA827EBBA6D33B46F,3,1,'2016-09-22 09:50:01','Facture a Darin Francis (PA.HSP.21) pour 3 items dans le service Medecine Interne. Invoicing patient PA.HSP.21',0,'2016-09-22 08:50:06'),(1,4,0x4231D280EB6348BEBAD2FBFEA22A9E22,0.8000,0x37B71201166349BF91455B94FD684A86,1,1,'2015-02-27 14:24:01','Facture a Salvador Barker (PA.HSP.1) pour 1 items dans le service Administration. Invoicing patient PA.HSP.1',0,'2015-02-27 13:24:04'),(1,9,0x46A63CC3484141038BEE4AE8A0C8AA7A,22.9414,0x3C9BFB37D4D8428FBBBDC2C96AE64E4D,1,1,'2015-05-18 10:47:02','Facture a Marcus Medina (PA.HSP.5) pour 4 items dans le service Administration. Invoicing patient PA.HSP.5',0,'2015-05-18 09:47:07'),(1,35,0x6A48E572BBBF4841BAA7A14606387E74,5.6400,0xF306A04AC9C942098D2D770C7CD460C9,2,1,'2016-06-22 11:10:02','Facture a Justin Berry (PA.HSP.3) pour 3 items dans le service Pediatrie. Invoicing patient PA.HSP.3',0,'2016-06-22 10:10:06'),(1,44,0x6C1FD5BE006840879FFEFEE65EE533D9,4.5200,0x75B758E5494947C783046D46F798F4F1,1,1,'2016-10-26 09:03:01','Facture a Shari Yates (PA.HSP.14) pour 3 items dans le service Administration. Invoicing patient PA.HSP.14',0,'2016-10-26 08:03:06'),(1,8,0x763305E9349A45E6B33E1A345B33F2CD,2.2500,0xF306A04AC9C942098D2D770C7CD460C9,3,1,'2015-04-23 13:22:01','Facture a Justin Berry (PA.HSP.3) pour 4 items dans le service Medecine Interne. Invoicing patient PA.HSP.3',0,'2015-04-23 12:22:06'),(1,26,0x79A58AE56F05482FB0596574E9517A80,3.3034,0xF306A04AC9C942098D2D770C7CD460C9,2,1,'2016-01-25 10:20:02','Facture a Justin Berry (PA.HSP.3) pour 5 items dans le service Pediatrie. Invoicing patient PA.HSP.3',0,'2016-01-25 09:20:08'),(1,15,0x81B9336FCA094DA680A4414F33957D23,0.3000,0x3C9BFB37D4D8428FBBBDC2C96AE64E4D,1,1,'2015-08-19 17:13:01','Facture a Marcus Medina (PA.HSP.5) pour 1 items dans le service Administration. Invoicing patient PA.HSP.5',0,'2015-08-19 16:13:05'),(1,11,0x83C32EABFB734DBAA89FF9BD3057A108,0.4696,0xF306A04AC9C942098D2D770C7CD460C9,1,1,'2015-06-19 10:05:01','Facture a Justin Berry (PA.HSP.3) pour 2 items dans le service Administration. Invoicing patient PA.HSP.3',0,'2015-06-19 09:05:05'),(1,6,0x8497C5C37DAD44828A9CB0F22824C735,0.0300,0x6FCFA05DD76E4DB38CEC53AC899D4388,2,1,'2015-03-25 11:23:01','Facture a Jonathon Meyer (PA.HSP.2) pour 1 items dans le service Pediatrie. Invoicing patient PA.HSP.2',0,'2015-03-25 10:23:05'),(1,34,0x87E12151ED9F4718A80CA400D08AAE9E,0.3700,0x5F7724607F3B45D3B508F9E1B4E75D9A,2,1,'2016-05-23 13:27:01','Facture a Glen Higgins (PA.HSP.8) pour 4 items dans le service Pediatrie. Invoicing patient PA.HSP.8',0,'2016-05-23 12:27:07'),(1,3,0x8ED7CA03A06C498A9DDA617B755AAEB6,1.9371,0x6FCFA05DD76E4DB38CEC53AC899D4388,1,1,'2015-02-22 13:34:02','Facture a Jonathon Meyer (PA.HSP.2) pour 5 items dans le service Administration. Invoicing patient PA.HSP.2',0,'2015-02-22 12:34:08'),(1,10,0x8FB5DC6E6C6140BDBB7D1C17A9039C28,56.9904,0x6FCFA05DD76E4DB38CEC53AC899D4388,1,1,'2015-05-26 10:16:02','Facture a Jonathon Meyer (PA.HSP.2) pour 5 items dans le service Administration. Invoicing patient PA.HSP.2',0,'2015-05-26 09:16:07'),(1,24,0x905E3143F4C24643B2EA2E99485F5ECD,0.3800,0xF306A04AC9C942098D2D770C7CD460C9,3,1,'2015-12-26 10:15:01','Facture a Justin Berry (PA.HSP.3) pour 4 items dans le service Medecine Interne. Invoicing patient PA.HSP.3',0,'2015-12-26 09:15:07'),(1,45,0x909384D905D54AEC9EC9F5F3624DCB4E,0.3548,0x5AD91E12A3D84717AA4BC787723F47DC,3,1,'2016-11-22 15:48:02','Facture a Hugo Ingram (PA.HSP.19) pour 4 items dans le service Medecine Interne. Invoicing patient PA.HSP.19',0,'2016-11-22 14:48:07'),(1,32,0x9453B1B0D7004F8DBCA6349998FAE9B5,0.0850,0x8BB566B220514B1788EAF9C8B527F819,2,1,'2016-04-24 16:11:02','Facture a Herman Butler (PA.HSP.4) pour 1 items dans le service Pediatrie. Invoicing patient PA.HSP.4',0,'2016-04-24 15:11:05'),(1,39,0x9939FD57EDDD4F26924D779E6285487A,0.4000,0xB7230DE515274F26B51325909CDF41C8,2,1,'2016-08-19 09:30:02','Facture a Naomi Mcguire (PA.HSP.13) pour 3 items dans le service Pediatrie. Invoicing patient PA.HSP.13',0,'2016-08-19 08:30:06'),(1,1,0x9B3CED7674B0463AB580603C34C009D5,3.4900,0x37B71201166349BF91455B94FD684A86,2,1,'2015-01-17 09:01:02','Facture a Salvador Barker (PA.HSP.1) pour 4 items dans le service Pediatrie. Invoicing patient PA.HSP.1',0,'2015-01-17 08:01:08'),(1,13,0xA7D49B889E5E4C5C9B2F0C419F4F85F4,0.3029,0x37B71201166349BF91455B94FD684A86,2,1,'2015-07-22 15:17:02','Facture a Salvador Barker (PA.HSP.1) pour 2 items dans le service Pediatrie. Invoicing patient PA.HSP.1',0,'2015-07-22 14:17:05'),(1,33,0xAB05664272DE46698F348A41AD9FA36D,0.6451,0x3C9BFB37D4D8428FBBBDC2C96AE64E4D,2,1,'2016-05-21 17:24:02','Facture a Marcus Medina (PA.HSP.5) pour 1 items dans le service Pediatrie. Invoicing patient PA.HSP.5',0,'2016-05-21 16:24:04'),(1,30,0xACDF9908F6AA4DCC93088B3B727DBD63,0.1497,0xB7230DE515274F26B51325909CDF41C8,2,1,'2016-03-24 10:39:01','Facture a Naomi Mcguire (PA.HSP.13) pour 2 items dans le service Pediatrie. Invoicing patient PA.HSP.13',0,'2016-03-24 09:39:05'),(1,16,0xAFFC169643E0407090195EBC3EFD611F,1.5100,0x48E2AE2740D943EDB794245EB47FFE89,1,1,'2015-08-26 12:34:01','Facture a Clayton Ruiz (PA.HSP.6) pour 5 items dans le service Administration. Invoicing patient PA.HSP.6',0,'2015-08-26 11:34:08'),(1,27,0xB3BEBBC593DA4212B8FFA5025CAB4D44,0.4194,0x19559547F92149DE9EBF373A32355D97,1,1,'2016-02-17 11:18:01','Facture a Benny Griffith (PA.HSP.12) pour 2 items dans le service Administration. Invoicing patient PA.HSP.12',0,'2016-02-17 10:18:05'),(1,47,0xB9035920AEB94EC8910FB996CC3597B6,0.5400,0xF82F70DCC7614460BB1EF1AB6283F5AA,3,1,'2016-12-18 10:41:01','Facture a Matthew Mckinney (PA.HSP.18) pour 4 items dans le service Medecine Interne. Invoicing patient PA.HSP.18',0,'2016-12-18 09:41:07'),(1,23,0xC3B9747BCBBF472FAEE790E1DF001DAF,1.6955,0x37B71201166349BF91455B94FD684A86,3,1,'2015-12-22 16:06:01','Facture a Salvador Barker (PA.HSP.1) pour 3 items dans le service Medecine Interne. Invoicing patient PA.HSP.1',0,'2015-12-22 15:06:06'),(1,5,0xC477F95659AB4F1B8B355DF18B212BA1,3.3200,0x37B71201166349BF91455B94FD684A86,1,1,'2015-03-16 16:30:02','Facture a Salvador Barker (PA.HSP.1) pour 1 items dans le service Administration. Invoicing patient PA.HSP.1',0,'2015-03-16 15:30:05'),(1,37,0xC89BC93C54254B7CB30A945725271260,0.3000,0xEFAC864E6C194BFABEFD9D685FC781C2,3,1,'2016-07-19 15:18:02','Facture a Glenn Grant (PA.HSP.9) pour 1 items dans le service Medecine Interne. Invoicing patient PA.HSP.9',0,'2016-07-19 14:18:04'),(1,28,0xD2BC02D4602446AA83A4E5BE112C8E5C,2.8870,0x1E6A5B4F0ECD4B318093086B41E602E1,3,1,'2016-02-27 17:22:01','Facture a Rosemary Stokes (PA.HSP.7) pour 4 items dans le service Medecine Interne. Invoicing patient PA.HSP.7',0,'2016-02-27 16:22:06'),(1,31,0xD75B402FDE1D4B5C83185E7021EFFC74,1.5285,0x37B71201166349BF91455B94FD684A86,2,1,'2016-04-20 13:26:02','Facture a Salvador Barker (PA.HSP.1) pour 4 items dans le service Pediatrie. Invoicing patient PA.HSP.1',0,'2016-04-20 12:26:07'),(1,43,0xDDC8B681615244FAB4020521BF415F01,0.6000,0x1E6A5B4F0ECD4B318093086B41E602E1,3,1,'2016-10-16 14:26:01','Facture a Rosemary Stokes (PA.HSP.7) pour 1 items dans le service Medecine Interne. Invoicing patient PA.HSP.7',0,'2016-10-16 13:26:04'),(1,29,0xDEE69A833C2841AEA2EE3A5915C08E13,0.6388,0xB7230DE515274F26B51325909CDF41C8,3,1,'2016-03-16 09:01:02','Facture a Naomi Mcguire (PA.HSP.13) pour 4 items dans le service Medecine Interne. Invoicing patient PA.HSP.13',0,'2016-03-16 08:01:07'),(1,2,0xE75E7ED81CDC433C85B2A73C1212A6BF,1.0748,0x37B71201166349BF91455B94FD684A86,1,1,'2015-01-23 13:40:01','Facture a Salvador Barker (PA.HSP.1) pour 4 items dans le service Administration. Invoicing patient PA.HSP.1',0,'2015-01-23 12:40:07'),(1,19,0xE9C23B22DC35458F9859E9DD2381B9B6,3.2055,0x6FCFA05DD76E4DB38CEC53AC899D4388,3,1,'2015-10-17 10:14:01','Facture a Jonathon Meyer (PA.HSP.2) pour 4 items dans le service Medecine Interne. Invoicing patient PA.HSP.2',0,'2015-10-17 09:14:07'),(1,12,0xEA61B86583754A8B985E9B64E00E7784,0.1600,0x8BB566B220514B1788EAF9C8B527F819,1,1,'2015-06-27 12:38:01','Facture a Herman Butler (PA.HSP.4) pour 4 items dans le service Administration. Invoicing patient PA.HSP.4',0,'2015-06-27 11:38:07'),(1,42,0xEB9B81B29892426F9FDC71D80EDC8C51,0.7200,0xEFAC864E6C194BFABEFD9D685FC781C2,3,1,'2016-09-26 09:33:02','Facture a Glenn Grant (PA.HSP.9) pour 2 items dans le service Medecine Interne. Invoicing patient PA.HSP.9',0,'2016-09-26 08:33:05'),(1,36,0xEE49C5934F964983BB9074104632FC77,0.6528,0x3C9BFB37D4D8428FBBBDC2C96AE64E4D,2,1,'2016-06-24 09:38:01','Facture a Marcus Medina (PA.HSP.5) pour 2 items dans le service Pediatrie. Invoicing patient PA.HSP.5',0,'2016-06-24 08:38:05'),(1,46,0xEEF4A48EDB8C4BE4869CA461AD4D9AC4,0.8600,0x19ADF743226C4B629BF845D82569E558,3,1,'2016-11-25 16:06:02','Facture a Audrey Burke (PA.HSP.17) pour 4 items dans le service Medecine Interne. Invoicing patient PA.HSP.17',0,'2016-11-25 15:06:07'),(1,22,0xF32FEC2CDA694BB28578B0C8BAAC6BFE,1.5016,0x8BB566B220514B1788EAF9C8B527F819,1,1,'2015-11-27 16:25:01','Facture a Herman Butler (PA.HSP.4) pour 5 items dans le service Administration. Invoicing patient PA.HSP.4',0,'2015-11-27 15:25:07');
/*!40000 ALTER TABLE `invoice` ENABLE KEYS */;

--
-- Dumping data for table `invoice_billing_service`
--

/*!40000 ALTER TABLE `invoice_billing_service` DISABLE KEYS */;
/*!40000 ALTER TABLE `invoice_billing_service` ENABLE KEYS */;

--
-- Dumping data for table `invoice_item`
--

/*!40000 ALTER TABLE `invoice_item` DISABLE KEYS */;
INSERT INTO `invoice_item` (`invoice_uuid`, `uuid`, `inventory_uuid`, `quantity`, `inventory_price`, `transaction_price`, `debit`, `credit`) VALUES (0xD2BC02D4602446AA83A4E5BE112C8E5C,0x0113F01498224615A84C2D623BCDA078,0x15E6DDE907E949929A73748CFF5C4FBD,5,0.2470,0.2470,0.0000,1.2350),(0x9939FD57EDDD4F26924D779E6285487A,0x021D35BBA46D403EB0159847BDED5172,0x6F4AE92F57654526B66A1EC4D11BB3A7,2,0.0100,0.0100,0.0000,0.0200),(0x8ED7CA03A06C498A9DDA617B755AAEB6,0x0298D72DEB9B4182A9AB80A8FF99143F,0x2412F3CB748B4ABBBCFDF11282FC8B88,3,0.0227,0.0227,0.0000,0.0681),(0x46A63CC3484141038BEE4AE8A0C8AA7A,0x02A31E16DAFD4220880B62CAE8B173EE,0x6157F163AC5C425AA97388588BFA2593,4,0.2629,0.2629,0.0000,1.0516),(0x3D696CB30D1247298DB3ED540224985D,0x02FA60EBFBAB411FACD7739F2ED9E95D,0x49DE2C1174AE43908256C3CC74509085,5,0.0807,0.0807,0.0000,0.4035),(0x8497C5C37DAD44828A9CB0F22824C735,0x068F5530DA8D4D0DBEC14ED680BBDCD6,0x1613E30BD7734BC4A7DF08DA335AFC3E,3,0.0100,0.0100,0.0000,0.0300),(0x1EA8B32C30F243919E99AD5E4FC2450B,0x06F2788053EE4DED9BD4F041EBBFAE2E,0xC70F076845CC478995B3C8F59FA29EF0,3,0.0100,0.0100,0.0000,0.0300),(0x46A63CC3484141038BEE4AE8A0C8AA7A,0x06FAD0BC790348499874FB31328DA5E3,0xBA219EFF242D4542AC239437662A29D4,5,0.0100,0.0100,0.0000,0.0500),(0xC3B9747BCBBF472FAEE790E1DF001DAF,0x0A5F1B22E0A049BCB5173FF83529CDBB,0x04BE44E3B04D4BCAAF6216850656F169,5,0.2991,0.2991,0.0000,1.4955),(0xEA61B86583754A8B985E9B64E00E7784,0x0BD5C1F022614006B33BD9BB19978E93,0xFD1C46C8F2764AA4BEBC7DE652CE6C45,5,0.0100,0.0100,0.0000,0.0500),(0x81B9336FCA094DA680A4414F33957D23,0x0BE733FC898D4B8CA33B43ADBD430E8C,0x8C8162A9EC324F99985665B01A099726,3,0.1000,0.1000,0.0000,0.3000),(0xC3B9747BCBBF472FAEE790E1DF001DAF,0x0C6824D1C3D743719DF131592DFC37AC,0x1A6A1C3E9B3B42F2A8B3EA5F7C3BCA94,1,0.0200,0.0200,0.0000,0.0200),(0xEE49C5934F964983BB9074104632FC77,0x0D942A1EE0F74113A9DA7ED92DEA71FB,0x225453D54E0B48D4B7EBCF916D7E1C15,1,0.1690,0.1690,0.0000,0.1690),(0x8FB5DC6E6C6140BDBB7D1C17A9039C28,0x0E642585D65B4F1AAD709A094049C505,0x407935DF78B246E3B9DC1F3BC92BB539,3,17.1900,17.1900,0.0000,51.5700),(0x1EA8B32C30F243919E99AD5E4FC2450B,0x0F8B9E790619442E897C4D45DFDE4543,0x6E1E750546EC4B189DC70EDC39D63A09,1,0.0100,0.0100,0.0000,0.0100),(0x06DFAC0A32744AA3817811A01E3B81F0,0x186F332170AD4F5697B17FFE87960983,0xB124AF8ADCA9447890C95BEED1C07E8D,1,0.4838,0.4838,0.0000,0.4838),(0x87E12151ED9F4718A80CA400D08AAE9E,0x18DA69CD68854FDF8961BEA687386F49,0x335D6B10505940C386D7B76F7FFA44A5,1,0.0100,0.0100,0.0000,0.0100),(0x8ED7CA03A06C498A9DDA617B755AAEB6,0x19EE1615648E40F6997B62EBB20E112D,0x1242E12C88FF405CA4B9EA7EDA0E9F77,5,0.0600,0.0600,0.0000,0.3000),(0x4231D280EB6348BEBAD2FBFEA22A9E22,0x1C24B675FB354551A660DD005DD81A72,0xB51AF15781F1462FB2441F0A6A84CADD,4,0.2000,0.2000,0.0000,0.8000),(0x9939FD57EDDD4F26924D779E6285487A,0x1C3D945573BE4281A4882804F84396DC,0x068F01CAA6E14EAD8EB9A8142946EAE6,1,0.0800,0.0800,0.0000,0.0800),(0x83C32EABFB734DBAA89FF9BD3057A108,0x1C8AC4DCDF9545DCB600DA45C20601FE,0xAC323348EBD24F9784AE598412C18D3E,2,0.0300,0.0300,0.0000,0.0600),(0xD2BC02D4602446AA83A4E5BE112C8E5C,0x1E913941865140269E37B8BF0461C509,0xD63F6BF0CECE40BD8479EEDEC5EF12A5,2,0.4960,0.4960,0.0000,0.9920),(0x1A4A3F7809FF4495960DC223FB10E5BE,0x1ED0D6D753EC43A1966A86FC8253994F,0xEB3F6F9A924F4C799BA930ABF4955043,1,0.0100,0.0100,0.0000,0.0100),(0x00F3D284AA7D4225A8326CE64571C64C,0x20BCBD93F7EC479B9C27228ACAC4505C,0x130768152132405FAA0ED12A39C9698C,3,0.0300,0.0300,0.0000,0.0900),(0xACDF9908F6AA4DCC93088B3B727DBD63,0x219B6564813E4C839CC699679193C300,0xE5E0B30C26F0410289F9B923D8CE3760,1,0.1397,0.1397,0.0000,0.1397),(0x83C32EABFB734DBAA89FF9BD3057A108,0x21CE57530716491AAC4C1E5C1B92CB1E,0x36E1033521334AF488C6B29F3A116C38,2,0.2048,0.2048,0.0000,0.4096),(0xEA61B86583754A8B985E9B64E00E7784,0x24BC9CCE4B09403AA10DB912675A8165,0xE2A7263262754F478821DC0BC2C1C2A6,5,0.0100,0.0100,0.0000,0.0500),(0xDEE69A833C2841AEA2EE3A5915C08E13,0x26A4F2459737489D9DD76284912FDA05,0xE4B59D1B42B34A778D49EE6D2DC8A7C2,4,0.0197,0.0197,0.0000,0.0788),(0xE75E7ED81CDC433C85B2A73C1212A6BF,0x292EE2E74D944B7EA2F97230612878F6,0xAF8BCDE417BB4D47B2EB465B4EBB5E39,2,0.0200,0.0200,0.0000,0.0400),(0x303B106D65EC42A2BEC661A3DA646F8A,0x299D3F2428014E84BFCA35DB2275DEBA,0x78569037828C427A9F88952D10CA8EE6,4,0.0200,0.0200,0.0000,0.0800),(0xB9035920AEB94EC8910FB996CC3597B6,0x2A2938989179489C98651CEE468504F3,0x8A8AB9E6140748F8878E66E6917C7E1E,1,0.0100,0.0100,0.0000,0.0100),(0xD2BC02D4602446AA83A4E5BE112C8E5C,0x2A984794A99941E6972DE03E5E76826D,0xD75B69763C89479398285101600DE4EE,2,0.0700,0.0700,0.0000,0.1400),(0x0B6FC3FF485A45B5ABEC9AFE02DFC8FC,0x32E4EFE0BEDB4B7C9767536C70D7AC86,0xB1D4DD3773D84A1597F115306B42FA4B,5,0.0900,0.0900,0.0000,0.4500),(0x905E3143F4C24643B2EA2E99485F5ECD,0x3363471487594994A076537771E3A38E,0x7B232C0EB2C041FAB9C89AAE3A6BAF55,3,0.0100,0.0100,0.0000,0.0300),(0x9B3CED7674B0463AB580603C34C009D5,0x34773A9A167346609E8F368546950FC6,0x2E5182CF4C414142ABA415D854034EDD,2,0.2700,0.2700,0.0000,0.5400),(0x1EA8B32C30F243919E99AD5E4FC2450B,0x34E1685ACB194482BE3DFFB49472FEB1,0x3B988564EDEF42BCA788595589FE04D0,2,0.0100,0.0100,0.0000,0.0200),(0xB9035920AEB94EC8910FB996CC3597B6,0x35D354A7EC764FACB5AC9C420E8E41CE,0x7B45391752E04D7BBAD090FA501D784C,4,0.0100,0.0100,0.0000,0.0400),(0xF32FEC2CDA694BB28578B0C8BAAC6BFE,0x36925E8F522643C6BC82ED51AF3F874D,0x6157F163AC5C425AA97388588BFA2593,4,0.2629,0.2629,0.0000,1.0516),(0xDDC8B681615244FAB4020521BF415F01,0x36D07859D2BD43428DC9940EA82D4FCE,0x3EBE8581C4E34FB78ECF330E0E529459,4,0.1500,0.1500,0.0000,0.6000),(0x8ED7CA03A06C498A9DDA617B755AAEB6,0x37744F5B9CCD4E819F49BF2CD0CA297B,0xF4C6EB38FB3944B985A5F11AB5DF8FE9,1,1.3100,1.3100,0.0000,1.3100),(0xAB05664272DE46698F348A41AD9FA36D,0x3871EEF271454CD1990D97EFE8E50BF3,0x9C125B5AE7084BC08606B58673A62F2E,1,0.6451,0.6451,0.0000,0.6451),(0x3834A9D8B22145FE8C7308EE7E3E86D0,0x3C355A1F3A4F43C8A847904BC30F40C0,0xC0179142EE8B484882719A64EA5A6521,2,2.1000,2.1000,0.0000,4.2000),(0xB9035920AEB94EC8910FB996CC3597B6,0x3C83D6AA69054E558F988FA47C157EA9,0x4C7B53ACC76E44248618B9C94B911D00,3,0.0500,0.0500,0.0000,0.1500),(0x909384D905D54AEC9EC9F5F3624DCB4E,0x3E7DFA969D044BEEA89FD10C8AFE21A3,0x2E98555F21744F1CA0C9275A91C5C3E4,4,0.0262,0.0262,0.0000,0.1048),(0x46A63CC3484141038BEE4AE8A0C8AA7A,0x4157C4B9452C4CAFAD8B02940DA05EB6,0x0CA82C82081244DDBFB9BE7D05D00018,4,5.4534,5.4534,0.0000,21.8136),(0xDEE69A833C2841AEA2EE3A5915C08E13,0x435662C4A9244F35BBD71B40E7A1713A,0x3CDABCEAEB1343F9B6CE10D737D29250,5,0.0100,0.0100,0.0000,0.0500),(0x1EA8B32C30F243919E99AD5E4FC2450B,0x45BB006FB68145B28481F5F700B06874,0x9C496D6365A0485FBEA927351BB99B7E,5,0.0700,0.0700,0.0000,0.3500),(0xEB9B81B29892426F9FDC71D80EDC8C51,0x46BDB91C3F6D476ABDAC348FF1EEC800,0x3A95FF60BA1D4A9F8774826397F6737B,2,0.3400,0.3400,0.0000,0.6800),(0xACDF9908F6AA4DCC93088B3B727DBD63,0x48FF3B13D3424D388948CDC9731CBBE2,0x8A8AB9E6140748F8878E66E6917C7E1E,1,0.0100,0.0100,0.0000,0.0100),(0xE75E7ED81CDC433C85B2A73C1212A6BF,0x4985AEE93A2944B19FA123B61DC4C6C9,0xB0F7517998CA4AE4BEC5C4AA34E0E9E2,3,0.0200,0.0200,0.0000,0.0600),(0xE9C23B22DC35458F9859E9DD2381B9B6,0x4BF3A29156FE4A96A8B8B54E26DB9A47,0x04BE44E3B04D4BCAAF6216850656F169,5,0.2991,0.2991,0.0000,1.4955),(0x00F3D284AA7D4225A8326CE64571C64C,0x4DE1F6352EEF4E16ABA56968D72A963C,0x3E96743A57F24C8FAE355746C5D29938,3,0.0300,0.0300,0.0000,0.0900),(0x25C5DED97DD64D87B2CB62FF65E37903,0x4E73089B69D443B88F234C7B8A1D306F,0x3CDABCEAEB1343F9B6CE10D737D29250,1,0.0100,0.0100,0.0000,0.0100),(0x0B6FC3FF485A45B5ABEC9AFE02DFC8FC,0x4EE6F12E18E646BE962BA50945DE7628,0x1242E12C88FF405CA4B9EA7EDA0E9F77,3,0.0600,0.0600,0.0000,0.1800),(0xEEF4A48EDB8C4BE4869CA461AD4D9AC4,0x51ED28751D1D4A09B10A34D5810C434E,0xC319A305B4844F83ABFD45E26FD20CD5,3,0.1500,0.1500,0.0000,0.4500),(0x905E3143F4C24643B2EA2E99485F5ECD,0x5521B3E46A5A420B982E9BCDAF2E4188,0xC70F076845CC478995B3C8F59FA29EF0,3,0.0100,0.0100,0.0000,0.0300),(0xDEE69A833C2841AEA2EE3A5915C08E13,0x572C2427725D4FA48083BA7A21AE1C9B,0x35D9BB5277F845B882D760F9E82792E6,1,0.0600,0.0600,0.0000,0.0600),(0x2B35AE8982AD4B94882CC22548D0E6DE,0x578CD9197900479787E192019643A5F7,0x375718AB966D4E9F88B4FE15071A16D5,4,0.6600,0.6600,0.0000,2.6400),(0x909384D905D54AEC9EC9F5F3624DCB4E,0x57B984BB9CC347B69A9075117C2271F2,0x71DD0DF539E444BDAE295B2096AD8E41,5,0.0100,0.0100,0.0000,0.0500),(0x06DFAC0A32744AA3817811A01E3B81F0,0x5958E683A1024A8583B089B26D1EDAAB,0xB9284D2DC567469FAD0D754F965EDB1B,5,5.0000,5.0000,0.0000,25.0000),(0xD2BC02D4602446AA83A4E5BE112C8E5C,0x5AB4F920FA8944B9B86748E20909EB2F,0x3C86CCFE051447BB95A779A4780F18C1,4,0.1300,0.1300,0.0000,0.5200),(0x8FB5DC6E6C6140BDBB7D1C17A9039C28,0x5BB4F501A89040E4B8A9F5B3D4413951,0xB0B911FCC82E48F79E53C3AB30285655,1,0.0200,0.0200,0.0000,0.0200),(0xDEE69A833C2841AEA2EE3A5915C08E13,0x5BD820EFFEBC41BC9F6D2B5EE107F23D,0xF3331AC1D11D409384339CA50891C151,3,0.1500,0.1500,0.0000,0.4500),(0xD75B402FDE1D4B5C83185E7021EFFC74,0x5C109FB548F8447F8FEDC3D55D9395CC,0xB79B3F7F5F864F7F9328D2265AB7407A,5,0.1397,0.1397,0.0000,0.6985),(0x03F9FB27DACC4C11ABD185BF43425780,0x60DB0A772C1F4F69A97FA4699BF363C1,0x8A8AB9E6140748F8878E66E6917C7E1E,2,0.0100,0.0100,0.0000,0.0200),(0xAFFC169643E0407090195EBC3EFD611F,0x6271A23F51E74E92A46B2C67390FD0FE,0x3CDABCEAEB1343F9B6CE10D737D29250,3,0.0100,0.0100,0.0000,0.0300),(0x763305E9349A45E6B33E1A345B33F2CD,0x639BBA6003F9403D93DBF56FA7AD7E00,0x04333D8F14454A85B1300D3279E2264B,4,0.3700,0.3700,0.0000,1.4800),(0x00F3D284AA7D4225A8326CE64571C64C,0x64B9E0C2405447ABB2B221381EDF0D2B,0x225453D54E0B48D4B7EBCF916D7E1C15,4,0.1690,0.1690,0.0000,0.6760),(0x9B3CED7674B0463AB580603C34C009D5,0x67AF6460F11448B3A3439D06C33F3BFE,0x17EA51AE53C446D892B4A10B9228B78D,4,0.2700,0.2700,0.0000,1.0800),(0x79A58AE56F05482FB0596574E9517A80,0x67CC0F1359B24515B1A06F99DA996643,0xA043C1B25B184418930B258410E3BFF5,1,0.0100,0.0100,0.0000,0.0100),(0x6A48E572BBBF4841BAA7A14606387E74,0x708CEB7D67474BD4ADB98B1A3C028C59,0xB363681FF8674028BCF16AD42E97D985,4,0.9000,0.9000,0.0000,3.6000),(0x87E12151ED9F4718A80CA400D08AAE9E,0x7105E35A73784A4D9DE63134752038BF,0xA355AD04D5554C648036EC1F2A361061,2,0.1500,0.1500,0.0000,0.3000),(0xE9C23B22DC35458F9859E9DD2381B9B6,0x72BC0FF0C73B48F4BD3DF11A5E5ADFC8,0xF638BAB2CE35470E899394F41370F309,5,0.0700,0.0700,0.0000,0.3500),(0xE9C23B22DC35458F9859E9DD2381B9B6,0x72D5BC397E414AAC9AF2EAA8A0567A35,0x09BDB6ED56394779952B10950CD15C7E,1,0.0100,0.0100,0.0000,0.0100),(0xD75B402FDE1D4B5C83185E7021EFFC74,0x73E0AD8CA7EB4E6E9A24C7F4419A1A5B,0x21EF4A8FB26F4FCBA63EC5C3223A0CA7,2,0.0200,0.0200,0.0000,0.0400),(0xAFFC169643E0407090195EBC3EFD611F,0x74E258DFCC2E43C2BCAB0C65C06D7872,0xC7D6031DE5174299A7BC1DEC7120DF97,3,0.3000,0.3000,0.0000,0.9000),(0x6A48E572BBBF4841BAA7A14606387E74,0x775A768C454C477AA17B5EDB9C072D3F,0xB417651F58A9444CAD7004A09CDB4BB2,4,0.2600,0.2600,0.0000,1.0400),(0x303B106D65EC42A2BEC661A3DA646F8A,0x77C484C179004137BAB6A1FFDDB6360A,0x248C675A70134B98930127C8277A3CE2,3,0.0100,0.0100,0.0000,0.0300),(0x1A4A3F7809FF4495960DC223FB10E5BE,0x7B438C96901C492CBE97016068C10316,0xB79B3F7F5F864F7F9328D2265AB7407A,3,0.1397,0.1397,0.0000,0.4191),(0xF32FEC2CDA694BB28578B0C8BAAC6BFE,0x7C4D814AE46A4B11864252ED98F07117,0xC70F076845CC478995B3C8F59FA29EF0,3,0.0100,0.0100,0.0000,0.0300),(0xF32FEC2CDA694BB28578B0C8BAAC6BFE,0x7C62FD5F9758484CB9798F1CBBE73261,0x9C496D6365A0485FBEA927351BB99B7E,3,0.0700,0.0700,0.0000,0.2100),(0x909384D905D54AEC9EC9F5F3624DCB4E,0x81292B6FEEED4A3FA653698E119D1854,0x1C018D0423874901B487A135A278F1FB,2,0.0500,0.0500,0.0000,0.1000),(0x6C1FD5BE006840879FFEFEE65EE533D9,0x83639DA7A96246EBB4D419743AAF077F,0x28A501CD4261484598900C761AA8E8C2,1,0.3900,0.3900,0.0000,0.3900),(0x8ED7CA03A06C498A9DDA617B755AAEB6,0x8785C740449445DF880100AA19943CDD,0x758B352DC1F040B194B158E47AED270C,1,0.0900,0.0900,0.0000,0.0900),(0x3834A9D8B22145FE8C7308EE7E3E86D0,0x8C606446E3AA4B409FE4AD855690D143,0x4C7B53ACC76E44248618B9C94B911D00,5,0.0500,0.0500,0.0000,0.2500),(0x303B106D65EC42A2BEC661A3DA646F8A,0x8CD01B71D9974200AC27A67F1B8E8D4F,0xD63F6BF0CECE40BD8479EEDEC5EF12A5,3,0.4960,0.4960,0.0000,1.4880),(0xAFFC169643E0407090195EBC3EFD611F,0x8D418B3559CB40DBB505A7C23EFB7CEE,0x3C86CCFE051447BB95A779A4780F18C1,1,0.1300,0.1300,0.0000,0.1300),(0x763305E9349A45E6B33E1A345B33F2CD,0x8FD2E86BFD3641FAB0D6152F3CD38307,0xE095E87FC6B44F07BEB713E6DF044635,3,0.1600,0.1600,0.0000,0.4800),(0x8FB5DC6E6C6140BDBB7D1C17A9039C28,0x901FBC055DC14BA9B543BD05645256DD,0xB9284D2DC567469FAD0D754F965EDB1B,1,5.0000,5.0000,0.0000,5.0000),(0xEA61B86583754A8B985E9B64E00E7784,0x96F9930CDF5A4AD9AD039E3A2F65669D,0xBB9F388804AF4D178A38CCE7F737E6A2,4,0.0100,0.0100,0.0000,0.0400),(0x0B6FC3FF485A45B5ABEC9AFE02DFC8FC,0x99B7827248E54DC5886897536318CC4D,0xC132D5D1748343A891D04AD0C2370771,1,0.0100,0.0100,0.0000,0.0100),(0x06DFAC0A32744AA3817811A01E3B81F0,0x99E95BEBF5D24C5C926918A0F077D2D8,0xE9B241AE528F4BF882D697B2E21A77D8,4,0.0500,0.0500,0.0000,0.2000),(0x6C1FD5BE006840879FFEFEE65EE533D9,0x9A6ECF0C83A741B59AC460E617BAE28A,0xB0B911FCC82E48F79E53C3AB30285655,4,0.0200,0.0200,0.0000,0.0800),(0xEEF4A48EDB8C4BE4869CA461AD4D9AC4,0x9B73228776D640A3B28301AEA1529C6C,0x0105EA85DFDE4D48A434355B43A363FB,4,0.0400,0.0400,0.0000,0.1600),(0x2B35AE8982AD4B94882CC22548D0E6DE,0x9CBA0A84380A4C25997CE270B86C7698,0x63FA317DA0304F97B831E0399AD9B5EA,1,0.9600,0.9600,0.0000,0.9600),(0x905E3143F4C24643B2EA2E99485F5ECD,0x9E6382B70ED04878A3C506DB763F7406,0x50E1FDC4E24349B9ABC1A0A98A318DDA,2,0.0100,0.0100,0.0000,0.0200),(0x79A58AE56F05482FB0596574E9517A80,0x9F30358556764278B6D6BC442A7D4819,0x36E1033521334AF488C6B29F3A116C38,1,0.2048,0.2048,0.0000,0.2048),(0x03F9FB27DACC4C11ABD185BF43425780,0xA71B5B4039F14A72A1669D2A4C7C4B18,0x758B352DC1F040B194B158E47AED270C,3,0.0900,0.0900,0.0000,0.2700),(0x03F9FB27DACC4C11ABD185BF43425780,0xAAB0EA2C5F834C6FB62CA61E86BA301E,0x5FA843BB88A34BBFB8CA2806DCEF598C,1,0.0100,0.0100,0.0000,0.0100),(0x79A58AE56F05482FB0596574E9517A80,0xAB1649D484B9449190306406AA7DD5DA,0x2E98555F21744F1CA0C9275A91C5C3E4,3,0.0262,0.0262,0.0000,0.0786),(0xB3BEBBC593DA4212B8FFA5025CAB4D44,0xABA2639BE4A949ADA7C8231E20D3D0E9,0x40B1E0046221428E856402AEE03928AA,2,0.0700,0.0700,0.0000,0.1400),(0x763305E9349A45E6B33E1A345B33F2CD,0xAD4A72605B284876A6E181CA4A7292CE,0x03E3A21A9985498E84DE6D4AD3069668,3,0.0900,0.0900,0.0000,0.2700),(0xE9C23B22DC35458F9859E9DD2381B9B6,0xB04444D011454481882FEC2D194AA76E,0x2E5182CF4C414142ABA415D854034EDD,5,0.2700,0.2700,0.0000,1.3500),(0x9B3CED7674B0463AB580603C34C009D5,0xB1F08FF319D74F558ECBF364C8FC571D,0x0105EA85DFDE4D48A434355B43A363FB,1,0.0400,0.0400,0.0000,0.0400),(0xA7D49B889E5E4C5C9B2F0C419F4F85F4,0xB445097131024AEC9ACD74EA52577A0F,0x6157F163AC5C425AA97388588BFA2593,1,0.2629,0.2629,0.0000,0.2629),(0x905E3143F4C24643B2EA2E99485F5ECD,0xB4689E21DE1B46B4A0C6E5D0A1787B6B,0x4BBC2837394E4FCF8D439A3B9BD086BD,2,0.1500,0.1500,0.0000,0.3000),(0xAFFC169643E0407090195EBC3EFD611F,0xB4BA3CC84F8C48FABB6DF7A12523ADEA,0x0105EA85DFDE4D48A434355B43A363FB,5,0.0400,0.0400,0.0000,0.2000),(0x3834A9D8B22145FE8C7308EE7E3E86D0,0xB574D713B32A4AB0908B7DF6EAA318B5,0xBA219EFF242D4542AC239437662A29D4,1,0.0100,0.0100,0.0000,0.0100),(0x303B106D65EC42A2BEC661A3DA646F8A,0xB8BB6BABEFCB4D52BF27C2DD27B4D567,0xB0F7517998CA4AE4BEC5C4AA34E0E9E2,2,0.0200,0.0200,0.0000,0.0400),(0x1EA8B32C30F243919E99AD5E4FC2450B,0xBC677D4D762A4BB795D7A6850347E7D3,0x00F2E9564A754DC882DD1E8ECA56FCE7,4,0.0500,0.0500,0.0000,0.2000),(0xAFFC169643E0407090195EBC3EFD611F,0xBCA7B9D9E4604797B539E641963C7DB0,0x7CE024FDC2AD4BAEA8D3B33FEA76B914,1,0.2500,0.2500,0.0000,0.2500),(0x2B35AE8982AD4B94882CC22548D0E6DE,0xBFF2B91E36F045A1BA8A355BA8D61A3D,0x8A8AB9E6140748F8878E66E6917C7E1E,1,0.0100,0.0100,0.0000,0.0100),(0x8ED7CA03A06C498A9DDA617B755AAEB6,0xC35D9D768C9242F5979B65A10A0D0B1C,0x225453D54E0B48D4B7EBCF916D7E1C15,1,0.1690,0.1690,0.0000,0.1690),(0xEB9B81B29892426F9FDC71D80EDC8C51,0xC4BF46E0233049A4A4C12CF0A5D06E01,0xBA219EFF242D4542AC239437662A29D4,4,0.0100,0.0100,0.0000,0.0400),(0xB9035920AEB94EC8910FB996CC3597B6,0xC51AA1434A0042F18284779E9309EAB2,0x3A95FF60BA1D4A9F8774826397F6737B,1,0.3400,0.3400,0.0000,0.3400),(0xD75B402FDE1D4B5C83185E7021EFFC74,0xC854922B85B94D66A86052CBB0741AD4,0x8C8162A9EC324F99985665B01A099726,4,0.1000,0.1000,0.0000,0.4000),(0x9939FD57EDDD4F26924D779E6285487A,0xCA4DA3F0E7104AC48A6F107720D019AC,0x35D9BB5277F845B882D760F9E82792E6,5,0.0600,0.0600,0.0000,0.3000),(0x87E12151ED9F4718A80CA400D08AAE9E,0xCCBA03C882DF467EBD7FAEA9176B5D0F,0x8C39EB76990645EC97656442FDEADC68,3,0.0100,0.0100,0.0000,0.0300),(0xEE49C5934F964983BB9074104632FC77,0xCCD66459F6F146FD8725693CEF6A2C7C,0xE9900FF7CD7548878D018703F5C0817B,1,0.4838,0.4838,0.0000,0.4838),(0x1A4A3F7809FF4495960DC223FB10E5BE,0xCDF250AA5852464C85373F5D70AEC175,0x9C6C2052A0A846B1827A0C32537FF485,2,0.0100,0.0100,0.0000,0.0200),(0x3D696CB30D1247298DB3ED540224985D,0xCE2FA2CCB2A348DBB501481287AA9680,0xF3331AC1D11D409384339CA50891C151,2,0.1500,0.1500,0.0000,0.3000),(0xEA61B86583754A8B985E9B64E00E7784,0xCED0206D906B4A51AC5E76B3A6BFFB20,0x8A8AB9E6140748F8878E66E6917C7E1E,2,0.0100,0.0100,0.0000,0.0200),(0x25C5DED97DD64D87B2CB62FF65E37903,0xCF0C5D8157404621921338905F39FB9F,0x0105EA85DFDE4D48A434355B43A363FB,2,0.0400,0.0400,0.0000,0.0800),(0x03F9FB27DACC4C11ABD185BF43425780,0xD1CE9B66C08448A493FA71C172CF2C36,0x06E8D1F6EA3443109EA9BF8255F3AD8F,2,0.0200,0.0200,0.0000,0.0400),(0x79A58AE56F05482FB0596574E9517A80,0xDA03E5C82FDD429F919FCF02F5A53F6E,0x2E5182CF4C414142ABA415D854034EDD,3,0.2700,0.2700,0.0000,0.8100),(0xE75E7ED81CDC433C85B2A73C1212A6BF,0xDA4F9D33AD734DF4A3E0A17985CB6010,0x511D9E4823EB4B82881BEA63033FA9C5,3,0.0200,0.0200,0.0000,0.0600),(0xC89BC93C54254B7CB30A945725271260,0xDAFAB30E99594053951B5FF9253A01D0,0xF3331AC1D11D409384339CA50891C151,2,0.1500,0.1500,0.0000,0.3000),(0x9B3CED7674B0463AB580603C34C009D5,0xDB9BBD9E64734ACC9D78CA30AA825FB5,0xF6EE4A80F1524D07B8D1C6F2578B7CBE,3,0.6100,0.6100,0.0000,1.8300),(0x6A48E572BBBF4841BAA7A14606387E74,0xDB9FF459CE00475CA510EFE78D4F3C69,0xB51AF15781F1462FB2441F0A6A84CADD,5,0.2000,0.2000,0.0000,1.0000),(0x8FB5DC6E6C6140BDBB7D1C17A9039C28,0xDD3271DD138F4DDFBB3098BBE4955FC4,0xC7D6031DE5174299A7BC1DEC7120DF97,1,0.3000,0.3000,0.0000,0.3000),(0xE75E7ED81CDC433C85B2A73C1212A6BF,0xDE3AD1B3A3E24EBA9A9F71DDE3DF4BFD,0x61ECF05460A849149FF93FD55734CB4E,1,0.9148,0.9148,0.0000,0.9148),(0xEEF4A48EDB8C4BE4869CA461AD4D9AC4,0xDE5D15FCE6F24050B96952A1DE98796A,0x40B1E0046221428E856402AEE03928AA,3,0.0700,0.0700,0.0000,0.2100),(0xA7D49B889E5E4C5C9B2F0C419F4F85F4,0xDE8E7E1FB892491794779188D09288C0,0x5FA843BB88A34BBFB8CA2806DCEF598C,4,0.0100,0.0100,0.0000,0.0400),(0x79A58AE56F05482FB0596574E9517A80,0xDEF4A70FB0284E6AA5041A97184D587E,0x032C9694D4D14AE795AFBCC78BF91E00,5,0.4400,0.4400,0.0000,2.2000),(0x909384D905D54AEC9EC9F5F3624DCB4E,0xE43078E4EFC3447AA5FFB2EF9B3FCE0F,0x21EF4A8FB26F4FCBA63EC5C3223A0CA7,5,0.0200,0.0200,0.0000,0.1000),(0x46A63CC3484141038BEE4AE8A0C8AA7A,0xE54BBB24379A4C2E9BC794BB8FF32F0F,0x2E98555F21744F1CA0C9275A91C5C3E4,1,0.0262,0.0262,0.0000,0.0262),(0x6C1FD5BE006840879FFEFEE65EE533D9,0xE5A37D9736B14E6E836B866DCBA44116,0x7A0BF698CD0940589994755C0B043551,5,0.8100,0.8100,0.0000,4.0500),(0x3D696CB30D1247298DB3ED540224985D,0xE86DA9580E484C4E80E3218AEF72F815,0x8A8AB9E6140748F8878E66E6917C7E1E,4,0.0100,0.0100,0.0000,0.0400),(0x9453B1B0D7004F8DBCA6349998FAE9B5,0xE8877A6DF87545988F057FE26BBBC958,0xD67B76901A504E80BEA0200D792362B1,2,0.0425,0.0425,0.0000,0.0850),(0xB3BEBBC593DA4212B8FFA5025CAB4D44,0xED531B004611418C877957149FAA6A17,0xB79B3F7F5F864F7F9328D2265AB7407A,2,0.1397,0.1397,0.0000,0.2794),(0xEEF4A48EDB8C4BE4869CA461AD4D9AC4,0xF1230034607043FAA36B31BF4637B61D,0xC132D5D1748343A891D04AD0C2370771,4,0.0100,0.0100,0.0000,0.0400),(0xF32FEC2CDA694BB28578B0C8BAAC6BFE,0xF14A77FD285149D989BC3AA6AEC60CB9,0x3EBE8581C4E34FB78ECF330E0E529459,1,0.1500,0.1500,0.0000,0.1500),(0xF32FEC2CDA694BB28578B0C8BAAC6BFE,0xF1F0760E70D24066A927256E6CCAB5D3,0xB0B911FCC82E48F79E53C3AB30285655,3,0.0200,0.0200,0.0000,0.0600),(0x0B6FC3FF485A45B5ABEC9AFE02DFC8FC,0xF42A26FB81194A5DBE9E0EC1EAE490E7,0xB94902F9686D455CB42D5BADA27757D6,5,0.0400,0.0400,0.0000,0.2000),(0x03F9FB27DACC4C11ABD185BF43425780,0xF7C6B0E5C22B4DD79303BA62D62EB833,0x6E1E750546EC4B189DC70EDC39D63A09,2,0.0100,0.0100,0.0000,0.0200),(0x763305E9349A45E6B33E1A345B33F2CD,0xF8D2D62F73FC4302948C16DB67E5F6E5,0xE08AF26C6CCC4E49865FD648F5D624DB,1,0.0200,0.0200,0.0000,0.0200),(0xC3B9747BCBBF472FAEE790E1DF001DAF,0xF9D786FA8C7D41E085A4AB0055782708,0x758B352DC1F040B194B158E47AED270C,2,0.0900,0.0900,0.0000,0.1800),(0x8FB5DC6E6C6140BDBB7D1C17A9039C28,0xFBDFE5D63FFB4C50B6AFD24C6F72EB82,0xA3184B19BE3A439DA69293602A006F54,4,0.0251,0.0251,0.0000,0.1004),(0x87E12151ED9F4718A80CA400D08AAE9E,0xFCB2FEA9F9004B27B1FDCA9B7B00FBAC,0x09BDB6ED56394779952B10950CD15C7E,3,0.0100,0.0100,0.0000,0.0300),(0xC477F95659AB4F1B8B355DF18B212BA1,0xFD4764613EB848C9BE9D96736EF83511,0xEC2F22E16E874ADCAC96BBF6354DC3D0,2,1.6600,1.6600,0.0000,3.3200),(0xD75B402FDE1D4B5C83185E7021EFFC74,0xFE2FC95C0CAE42709A40C69739F1C685,0x3C86CCFE051447BB95A779A4780F18C1,3,0.1300,0.1300,0.0000,0.3900),(0x06DFAC0A32744AA3817811A01E3B81F0,0xFF036628BAE34C0FB273B9CA7E7E6D0B,0x130768152132405FAA0ED12A39C9698C,4,0.0300,0.0300,0.0000,0.1200);
/*!40000 ALTER TABLE `invoice_item` ENABLE KEYS */;

--
-- Dumping data for table `invoice_subsidy`
--

/*!40000 ALTER TABLE `invoice_subsidy` DISABLE KEYS */;
/*!40000 ALTER TABLE `invoice_subsidy` ENABLE KEYS */;

--
-- Dumping data for table `journal_log`
--

/*!40000 ALTER TABLE `journal_log` DISABLE KEYS */;
/*!40000 ALTER TABLE `journal_log` ENABLE KEYS */;

--
-- Dumping data for table `lot`
--

/*!40000 ALTER TABLE `lot` DISABLE KEYS */;
/*!40000 ALTER TABLE `lot` ENABLE KEYS */;

--
-- Dumping data for table `mod_snis_zs`
--

/*!40000 ALTER TABLE `mod_snis_zs` DISABLE KEYS */;
/*!40000 ALTER TABLE `mod_snis_zs` ENABLE KEYS */;

--
-- Dumping data for table `offday`
--

/*!40000 ALTER TABLE `offday` DISABLE KEYS */;
/*!40000 ALTER TABLE `offday` ENABLE KEYS */;

--
-- Dumping data for table `paiement`
--

/*!40000 ALTER TABLE `paiement` DISABLE KEYS */;
/*!40000 ALTER TABLE `paiement` ENABLE KEYS */;

--
-- Dumping data for table `paiement_period`
--

/*!40000 ALTER TABLE `paiement_period` DISABLE KEYS */;
/*!40000 ALTER TABLE `paiement_period` ENABLE KEYS */;

--
-- Dumping data for table `partial_paiement`
--

/*!40000 ALTER TABLE `partial_paiement` DISABLE KEYS */;
/*!40000 ALTER TABLE `partial_paiement` ENABLE KEYS */;

--
-- Dumping data for table `patient`
--

/*!40000 ALTER TABLE `patient` DISABLE KEYS */;
INSERT INTO `patient` (`uuid`, `project_id`, `reference`, `debtor_uuid`, `display_name`, `dob`, `dob_unknown_date`, `father_name`, `mother_name`, `profession`, `employer`, `spouse`, `spouse_profession`, `spouse_employer`, `sex`, `religion`, `marital_status`, `phone`, `email`, `address_1`, `address_2`, `origin_location_id`, `current_location_id`, `registration_date`, `title`, `notes`, `hospital_no`, `avatar`, `user_id`, `created_at`) VALUES (0x0022CC3B53C841008A50B0A536CD1ACF,1,21,0x4761C167D8DB484CA827EBBA6D33B46F,'Darin Francis','1990-11-23',0,NULL,NULL,NULL,NULL,NULL,NULL,NULL,'F',NULL,NULL,NULL,NULL,NULL,NULL,0x1F162A109F6747889EFFC1FEA42FCC9B,0x1F162A109F6747889EFFC1FEA42FCC9B,'2016-09-05 11:21:03',NULL,NULL,'HSP20',NULL,1,'2016-09-05 11:21:03'),(0x12E89E33DE3F42618F4F75B637F59C72,1,14,0x75B758E5494947C783046D46F798F4F1,'Shari Yates','1975-01-08',0,NULL,NULL,NULL,NULL,NULL,NULL,NULL,'F',NULL,NULL,NULL,NULL,NULL,NULL,0x1F162A109F6747889EFFC1FEA42FCC9B,0x1F162A109F6747889EFFC1FEA42FCC9B,'2016-02-13 13:34:04',NULL,NULL,'HSP13',NULL,1,'2016-02-13 13:34:04'),(0x1FA6B64D2527477B9DA71332BA8F42AF,1,3,0xF306A04AC9C942098D2D770C7CD460C9,'Justin Berry','1963-04-18',0,NULL,NULL,NULL,NULL,NULL,NULL,NULL,'M',NULL,NULL,NULL,NULL,NULL,NULL,0x1F162A109F6747889EFFC1FEA42FCC9B,0x1F162A109F6747889EFFC1FEA42FCC9B,'2015-03-02 09:13:03',NULL,NULL,'HSP2',NULL,1,'2015-03-02 09:13:03'),(0x2F04DAE3EE7A4965980B8542B98BFB97,1,22,0xDDF64619412B42659860C8F3011C5ABE,'Pam Green','2004-01-08',0,NULL,NULL,NULL,NULL,NULL,NULL,NULL,'F',NULL,NULL,NULL,NULL,NULL,NULL,0x1F162A109F6747889EFFC1FEA42FCC9B,0x1F162A109F6747889EFFC1FEA42FCC9B,'2016-10-09 10:05:03',NULL,NULL,'HSP21',NULL,1,'2016-10-09 10:05:03'),(0x3243B3D589B84FF6B4173ED47B71182C,1,2,0x6FCFA05DD76E4DB38CEC53AC899D4388,'Jonathon Meyer','2013-08-27',0,NULL,NULL,NULL,NULL,NULL,NULL,NULL,'M',NULL,NULL,NULL,NULL,NULL,NULL,0x1F162A109F6747889EFFC1FEA42FCC9B,0x1F162A109F6747889EFFC1FEA42FCC9B,'2015-02-09 12:29:03',NULL,NULL,'HSP1',NULL,1,'2015-02-09 12:29:03'),(0x351514BDFE9445A2B159B84749D5D372,1,15,0xB1448E6F504F414E8D60EB7FAA3145EC,'Erika Hayes','2008-05-13',0,NULL,NULL,NULL,NULL,NULL,NULL,NULL,'F',NULL,NULL,NULL,NULL,NULL,NULL,0x1F162A109F6747889EFFC1FEA42FCC9B,0x1F162A109F6747889EFFC1FEA42FCC9B,'2016-03-07 09:32:03',NULL,NULL,'HSP14',NULL,1,'2016-03-07 09:32:03'),(0x367A1A4C8D5B450DAFAFC930B47B8EB1,1,7,0x1E6A5B4F0ECD4B318093086B41E602E1,'Rosemary Stokes','1971-07-13',0,NULL,NULL,NULL,NULL,NULL,NULL,NULL,'F',NULL,NULL,NULL,NULL,NULL,NULL,0x1F162A109F6747889EFFC1FEA42FCC9B,0x1F162A109F6747889EFFC1FEA42FCC9B,'2015-07-06 09:05:03',NULL,NULL,'HSP6',NULL,1,'2015-07-06 09:05:03'),(0x583507DE73784AEF87DD76E9F0CC5194,1,13,0xB7230DE515274F26B51325909CDF41C8,'Naomi Mcguire','1946-08-20',0,NULL,NULL,NULL,NULL,NULL,NULL,NULL,'F',NULL,NULL,NULL,NULL,NULL,NULL,0x1F162A109F6747889EFFC1FEA42FCC9B,0x1F162A109F6747889EFFC1FEA42FCC9B,'2016-01-08 14:10:03',NULL,NULL,'HSP12',NULL,1,'2016-01-08 14:10:03'),(0x5D53F56A415E421CA061302A4CFF59AD,1,4,0x8BB566B220514B1788EAF9C8B527F819,'Herman Butler','1980-07-09',0,NULL,NULL,NULL,NULL,NULL,NULL,NULL,'M',NULL,NULL,NULL,NULL,NULL,NULL,0x1F162A109F6747889EFFC1FEA42FCC9B,0x1F162A109F6747889EFFC1FEA42FCC9B,'2015-04-07 17:49:03',NULL,NULL,'HSP3',NULL,1,'2015-04-07 17:49:03'),(0x67D30878935445A9BC5388222DB18057,1,6,0x48E2AE2740D943EDB794245EB47FFE89,'Clayton Ruiz','1997-05-15',0,NULL,NULL,NULL,NULL,NULL,NULL,NULL,'M',NULL,NULL,NULL,NULL,NULL,NULL,0x1F162A109F6747889EFFC1FEA42FCC9B,0x1F162A109F6747889EFFC1FEA42FCC9B,'2015-06-01 15:02:03',NULL,NULL,'HSP5',NULL,1,'2015-06-01 15:02:03'),(0x725A5844A47443B58C0F2DAE44B7C6F4,1,5,0x3C9BFB37D4D8428FBBBDC2C96AE64E4D,'Marcus Medina','1994-11-11',0,NULL,NULL,NULL,NULL,NULL,NULL,NULL,'M',NULL,NULL,NULL,NULL,NULL,NULL,0x1F162A109F6747889EFFC1FEA42FCC9B,0x1F162A109F6747889EFFC1FEA42FCC9B,'2015-05-05 11:24:03',NULL,NULL,'HSP4',NULL,1,'2015-05-05 11:24:03'),(0x725BB93870224161BB6FF965272EE19E,1,16,0xAC92482F9CAF4E26A90CA0730A77E22C,'Lana Boyd','1973-12-15',0,NULL,NULL,NULL,NULL,NULL,NULL,NULL,'F',NULL,NULL,NULL,NULL,NULL,NULL,0x1F162A109F6747889EFFC1FEA42FCC9B,0x1F162A109F6747889EFFC1FEA42FCC9B,'2016-04-04 10:30:03',NULL,NULL,'HSP15',NULL,1,'2016-04-04 10:30:03'),(0x79CA4A3E2DD74985BAA25EA9DD62ADCB,1,17,0x19ADF743226C4B629BF845D82569E558,'Audrey Burke','1956-11-04',0,NULL,NULL,NULL,NULL,NULL,NULL,NULL,'F',NULL,NULL,NULL,NULL,NULL,NULL,0x1F162A109F6747889EFFC1FEA42FCC9B,0x1F162A109F6747889EFFC1FEA42FCC9B,'2016-05-09 09:47:03',NULL,NULL,'HSP16',NULL,1,'2016-05-09 09:47:03'),(0x7A721E845AA047BF87006CAB2B4459AF,1,10,0xB35542EC74374E6BAE6BA48A388779C6,'Seth Casey','1972-02-02',0,NULL,NULL,NULL,NULL,NULL,NULL,NULL,'M',NULL,NULL,NULL,NULL,NULL,NULL,0x1F162A109F6747889EFFC1FEA42FCC9B,0x1F162A109F6747889EFFC1FEA42FCC9B,'2015-10-05 13:37:03',NULL,NULL,'HSP9',NULL,1,'2015-10-05 13:37:03'),(0x7F658E1321A043EC8B75669964FCFE4B,1,1,0x37B71201166349BF91455B94FD684A86,'Salvador Barker','1952-05-07',0,NULL,NULL,NULL,NULL,NULL,NULL,NULL,'M',NULL,NULL,NULL,NULL,NULL,NULL,0x1F162A109F6747889EFFC1FEA42FCC9B,0x1F162A109F6747889EFFC1FEA42FCC9B,'2015-01-06 14:34:03',NULL,NULL,'HSP0',NULL,1,'2015-01-06 14:34:03'),(0x880C47DB92534078AD45010A18781398,1,9,0xEFAC864E6C194BFABEFD9D685FC781C2,'Glenn Grant','1970-11-08',0,NULL,NULL,NULL,NULL,NULL,NULL,NULL,'M',NULL,NULL,NULL,NULL,NULL,NULL,0x1F162A109F6747889EFFC1FEA42FCC9B,0x1F162A109F6747889EFFC1FEA42FCC9B,'2015-09-07 16:41:04',NULL,NULL,'HSP8',NULL,1,'2015-09-07 16:41:04'),(0x9D7C69EA1D034859B3D3E04854139508,1,12,0x19559547F92149DE9EBF373A32355D97,'Benny Griffith','1964-10-22',0,NULL,NULL,NULL,NULL,NULL,NULL,NULL,'M',NULL,NULL,NULL,NULL,NULL,NULL,0x1F162A109F6747889EFFC1FEA42FCC9B,0x1F162A109F6747889EFFC1FEA42FCC9B,'2015-12-11 16:33:03',NULL,NULL,'HSP11',NULL,1,'2015-12-11 16:33:03'),(0xA41C15EC2834478EB342FEF3D39ED6AB,1,24,0x0261EEF2E38843B7A44826F8EF148AE9,'Javier Baker','1992-05-27',0,NULL,NULL,NULL,NULL,NULL,NULL,NULL,'M',NULL,NULL,NULL,NULL,NULL,NULL,0x1F162A109F6747889EFFC1FEA42FCC9B,0x1F162A109F6747889EFFC1FEA42FCC9B,'2016-12-05 14:13:03',NULL,NULL,'HSP23',NULL,1,'2016-12-05 14:13:03'),(0xCFA77786ACAF4A1283A49224AAC2EB51,1,20,0xEAACE5AFB3D747EA9E4FB25C1AAD2B5C,'Anna Watts','1989-03-04',0,NULL,NULL,NULL,NULL,NULL,NULL,NULL,'F',NULL,NULL,NULL,NULL,NULL,NULL,0x1F162A109F6747889EFFC1FEA42FCC9B,0x1F162A109F6747889EFFC1FEA42FCC9B,'2016-08-12 17:44:03',NULL,NULL,'HSP19',NULL,1,'2016-08-12 17:44:03'),(0xD3D70EFDA67D483B9744DDA32EEB148A,1,23,0xC7452A1BD1E34E889E3A2D830FDBB074,'Pat Wallace','1984-04-07',0,NULL,NULL,NULL,NULL,NULL,NULL,NULL,'F',NULL,NULL,NULL,NULL,NULL,NULL,0x1F162A109F6747889EFFC1FEA42FCC9B,0x1F162A109F6747889EFFC1FEA42FCC9B,'2016-11-01 17:07:03',NULL,NULL,'HSP22',NULL,1,'2016-11-01 17:07:03'),(0xD8EA8EB7A7304F95B2BFCE532601EECF,1,11,0x53FDB91D3B4E480A92274AE2C09F3423,'Eva Lewis','1985-01-22',0,NULL,NULL,NULL,NULL,NULL,NULL,NULL,'F',NULL,NULL,NULL,NULL,NULL,NULL,0x1F162A109F6747889EFFC1FEA42FCC9B,0x1F162A109F6747889EFFC1FEA42FCC9B,'2015-11-01 10:36:03',NULL,NULL,'HSP10',NULL,1,'2015-11-01 10:36:03'),(0xD9FAFF788005497D8BA44BC459140F68,1,19,0x5AD91E12A3D84717AA4BC787723F47DC,'Hugo Ingram','1980-12-12',0,NULL,NULL,NULL,NULL,NULL,NULL,NULL,'M',NULL,NULL,NULL,NULL,NULL,NULL,0x1F162A109F6747889EFFC1FEA42FCC9B,0x1F162A109F6747889EFFC1FEA42FCC9B,'2016-07-09 12:26:03',NULL,NULL,'HSP18',NULL,1,'2016-07-09 12:26:03'),(0xDC62F0E7770946669B94B828E141E000,1,8,0x5F7724607F3B45D3B508F9E1B4E75D9A,'Glen Higgins','1979-10-26',0,NULL,NULL,NULL,NULL,NULL,NULL,NULL,'M',NULL,NULL,NULL,NULL,NULL,NULL,0x1F162A109F6747889EFFC1FEA42FCC9B,0x1F162A109F6747889EFFC1FEA42FCC9B,'2015-08-11 13:39:03',NULL,NULL,'HSP7',NULL,1,'2015-08-11 13:39:03'),(0xE32BC702A2D74D599CC73F19EF34977E,1,18,0xF82F70DCC7614460BB1EF1AB6283F5AA,'Matthew Mckinney','1994-02-25',0,NULL,NULL,NULL,NULL,NULL,NULL,NULL,'M',NULL,NULL,NULL,NULL,NULL,NULL,0x1F162A109F6747889EFFC1FEA42FCC9B,0x1F162A109F6747889EFFC1FEA42FCC9B,'2016-06-04 15:43:03',NULL,NULL,'HSP17',NULL,1,'2016-06-04 15:43:03');
/*!40000 ALTER TABLE `patient` ENABLE KEYS */;

--
-- Dumping data for table `patient_document`
--

/*!40000 ALTER TABLE `patient_document` DISABLE KEYS */;
/*!40000 ALTER TABLE `patient_document` ENABLE KEYS */;

--
-- Dumping data for table `patient_group`
--

/*!40000 ALTER TABLE `patient_group` DISABLE KEYS */;
/*!40000 ALTER TABLE `patient_group` ENABLE KEYS */;

--
-- Dumping data for table `patient_group_billing_service`
--

/*!40000 ALTER TABLE `patient_group_billing_service` DISABLE KEYS */;
/*!40000 ALTER TABLE `patient_group_billing_service` ENABLE KEYS */;

--
-- Dumping data for table `patient_group_subsidy`
--

/*!40000 ALTER TABLE `patient_group_subsidy` DISABLE KEYS */;
/*!40000 ALTER TABLE `patient_group_subsidy` ENABLE KEYS */;

--
-- Dumping data for table `patient_visit`
--

/*!40000 ALTER TABLE `patient_visit` DISABLE KEYS */;
/*!40000 ALTER TABLE `patient_visit` ENABLE KEYS */;

--
-- Dumping data for table `period`
--

/*!40000 ALTER TABLE `period` DISABLE KEYS */;
INSERT INTO `period` (`id`, `fiscal_year_id`, `number`, `start_date`, `end_date`, `locked`) VALUES (1,1,0,NULL,NULL,0),(2,1,1,'2015-01-01','2015-01-31',0),(3,1,2,'2015-02-01','2015-02-28',0),(4,1,3,'2015-03-01','2015-03-31',0),(5,1,4,'2015-04-01','2015-04-30',0),(6,1,5,'2015-05-01','2015-05-31',0),(7,1,6,'2015-06-01','2015-06-30',0),(8,1,7,'2015-07-01','2015-07-31',0),(9,1,8,'2015-08-01','2015-08-31',0),(10,1,9,'2015-09-01','2015-09-30',0),(11,1,10,'2015-10-01','2015-10-31',0),(12,1,11,'2015-11-01','2015-11-30',0),(13,1,12,'2015-12-01','2015-12-31',0),(14,1,13,NULL,NULL,0),(15,2,0,NULL,NULL,0),(16,2,1,'2016-01-01','2016-01-31',0),(17,2,2,'2016-02-01','2016-02-29',0),(18,2,3,'2016-03-01','2016-03-31',0),(19,2,4,'2016-04-01','2016-04-30',0),(20,2,5,'2016-05-01','2016-05-31',0),(21,2,6,'2016-06-01','2016-06-30',0),(22,2,7,'2016-07-01','2016-07-31',0),(23,2,8,'2016-08-01','2016-08-31',0),(24,2,9,'2016-09-01','2016-09-30',0),(25,2,10,'2016-10-01','2016-10-31',0),(26,2,11,'2016-11-01','2016-11-30',0),(27,2,12,'2016-12-01','2016-12-31',0),(28,2,13,NULL,NULL,0),(29,3,0,NULL,NULL,0),(30,3,1,'2017-01-01','2017-01-31',0),(31,3,2,'2017-02-01','2017-02-28',0),(32,3,3,'2017-03-01','2017-03-31',0),(33,3,4,'2017-04-01','2017-04-30',0),(34,3,5,'2017-05-01','2017-05-31',0),(35,3,6,'2017-06-01','2017-06-30',0),(36,3,7,'2017-07-01','2017-07-31',0),(37,3,8,'2017-08-01','2017-08-31',0),(38,3,9,'2017-09-01','2017-09-30',0),(39,3,10,'2017-10-01','2017-10-31',0),(40,3,11,'2017-11-01','2017-11-30',0),(41,3,12,'2017-12-01','2017-12-31',0),(42,3,13,NULL,NULL,0);
/*!40000 ALTER TABLE `period` ENABLE KEYS */;

--
-- Dumping data for table `period_total`
--

/*!40000 ALTER TABLE `period_total` DISABLE KEYS */;
INSERT INTO `period_total` (`enterprise_id`, `fiscal_year_id`, `period_id`, `account_id`, `credit`, `debit`, `locked`) VALUES (1,1,2,172,3.4900,4.5648,0),(1,1,2,190,70.0000,3.4900,0),(1,1,2,191,3.4900,3.4900,0),(1,1,2,194,3.4900,3.4900,0),(1,1,2,217,0.0000,20.0000,0),(1,1,2,218,0.0000,50.0000,0),(1,1,2,242,3.6500,0.0000,0),(1,1,2,243,0.9148,0.0000,0),(1,1,3,172,1.0748,0.8000,0),(1,1,3,176,0.0000,1.9371,0),(1,1,3,190,70.0000,1.0700,0),(1,1,3,191,1.0700,1.0700,0),(1,1,3,194,1.0700,1.0700,0),(1,1,3,217,0.0000,20.0000,0),(1,1,3,218,0.0000,50.0000,0),(1,1,3,222,0.0000,0.0048,0),(1,1,3,242,1.4271,0.0000,0),(1,1,3,243,1.3100,0.0000,0),(1,1,4,172,0.8000,3.3200,0),(1,1,4,176,0.0000,0.0300,0),(1,1,4,190,70.0000,0.8000,0),(1,1,4,191,0.8000,0.8000,0),(1,1,4,194,0.8000,0.8000,0),(1,1,4,217,0.0000,20.0000,0),(1,1,4,218,0.0000,50.0000,0),(1,1,4,242,0.0300,0.0000,0),(1,1,4,243,3.3200,0.0000,0),(1,1,5,172,3.3200,0.0000,0),(1,1,5,176,0.0000,3.8880,0),(1,1,5,190,70.0000,3.3200,0),(1,1,5,191,3.3200,3.3200,0),(1,1,5,194,3.3200,3.3200,0),(1,1,5,217,0.0000,20.0000,0),(1,1,5,218,0.0000,50.0000,0),(1,1,5,242,3.8880,0.0000,0),(1,1,6,176,22.9414,79.9318,0),(1,1,6,190,70.0000,22.9400,0),(1,1,6,191,22.9400,22.9400,0),(1,1,6,194,22.9400,22.9400,0),(1,1,6,217,0.0000,20.0000,0),(1,1,6,218,0.0000,50.0000,0),(1,1,6,222,0.0000,0.0014,0),(1,1,6,242,53.1182,0.0000,0),(1,1,6,243,26.8136,0.0000,0),(1,1,7,176,1.6380,0.6296,0),(1,1,7,190,70.0000,1.6400,0),(1,1,7,191,1.6400,1.6400,0),(1,1,7,194,1.6400,1.6400,0),(1,1,7,217,0.0000,20.0000,0),(1,1,7,218,0.0000,50.0000,0),(1,1,7,242,0.6296,0.0000,0),(1,1,7,262,0.0020,0.0000,0),(1,1,8,172,0.3029,0.3029,0),(1,1,8,176,0.0000,0.3600,0),(1,1,8,190,70.0000,0.3000,0),(1,1,8,191,0.3000,0.3000,0),(1,1,8,194,0.3000,0.3000,0),(1,1,8,217,0.0000,20.0000,0),(1,1,8,218,0.0000,50.0000,0),(1,1,8,222,0.0000,0.0029,0),(1,1,8,242,0.6629,0.0000,0),(1,1,9,172,0.0000,1.5100,0),(1,1,9,176,0.1600,0.3000,0),(1,1,9,190,70.0000,0.1600,0),(1,1,9,191,0.1600,0.1600,0),(1,1,9,194,0.1600,0.1600,0),(1,1,9,217,0.0000,20.0000,0),(1,1,9,218,0.0000,50.0000,0),(1,1,9,242,1.8100,0.0000,0),(1,1,10,172,1.5100,0.0000,0),(1,1,10,176,0.0000,1.6960,0),(1,1,10,190,70.0000,1.5100,0),(1,1,10,191,1.5100,1.5100,0),(1,1,10,194,1.5100,1.5100,0),(1,1,10,217,0.0000,20.0000,0),(1,1,10,218,0.0000,50.0000,0),(1,1,10,242,1.6960,0.0000,0),(1,1,11,176,0.3000,3.6546,0),(1,1,11,190,70.0000,0.3000,0),(1,1,11,191,0.3000,0.3000,0),(1,1,11,194,0.3000,0.3000,0),(1,1,11,217,0.0000,20.0000,0),(1,1,11,218,0.0000,50.0000,0),(1,1,11,242,3.6546,0.0000,0),(1,1,12,176,1.9371,5.1116,0),(1,1,12,190,70.0000,1.9400,0),(1,1,12,191,1.9400,1.9400,0),(1,1,12,194,1.9400,1.9400,0),(1,1,12,217,0.0000,20.0000,0),(1,1,12,218,0.0000,50.0000,0),(1,1,12,242,2.4716,0.0000,0),(1,1,12,243,2.6400,0.0000,0),(1,1,12,262,0.0029,0.0000,0),(1,1,13,172,0.0000,1.6955,0),(1,1,13,176,2.2500,0.3800,0),(1,1,13,190,70.0000,2.2500,0),(1,1,13,191,2.2500,2.2500,0),(1,1,13,194,2.2500,2.2500,0),(1,1,13,217,0.0000,20.0000,0),(1,1,13,218,0.0000,50.0000,0),(1,1,13,242,2.0755,0.0000,0),(1,2,16,172,1.6955,0.0900,0),(1,2,16,176,0.0000,3.3034,0),(1,2,16,190,70.0000,1.7000,0),(1,2,16,191,1.7000,1.7000,0),(1,2,16,194,1.7000,1.7000,0),(1,2,16,217,0.0000,20.0000,0),(1,2,16,218,0.0000,50.0000,0),(1,2,16,242,3.3934,0.0000,0),(1,2,16,262,0.0045,0.0000,0),(1,2,17,176,0.0300,3.3064,0),(1,2,17,190,70.0000,0.0300,0),(1,2,17,191,0.0300,0.0300,0),(1,2,17,194,0.0300,0.0300,0),(1,2,17,217,0.0000,20.0000,0),(1,2,17,218,0.0000,50.0000,0),(1,2,17,242,3.3064,0.0000,0),(1,2,18,172,0.0900,0.0000,0),(1,2,18,175,0.0000,0.7885,0),(1,2,18,190,70.0000,0.0900,0),(1,2,18,191,0.0900,0.0900,0),(1,2,18,194,0.0900,0.0900,0),(1,2,18,217,0.0000,20.0000,0),(1,2,18,218,0.0000,50.0000,0),(1,2,18,242,0.7885,0.0000,0),(1,2,19,172,0.0000,1.5285,0),(1,2,19,176,2.8870,0.0850,0),(1,2,19,190,70.0000,2.8900,0),(1,2,19,191,2.8900,2.8900,0),(1,2,19,194,2.8900,2.8900,0),(1,2,19,217,0.0000,20.0000,0),(1,2,19,218,0.0000,50.0000,0),(1,2,19,242,1.6135,0.0000,0),(1,2,19,262,0.0030,0.0000,0),(1,2,20,172,1.5285,0.3700,0),(1,2,20,176,0.0000,0.6451,0),(1,2,20,190,70.0000,1.5300,0),(1,2,20,191,1.5300,1.5300,0),(1,2,20,194,1.5300,1.5300,0),(1,2,20,217,0.0000,20.0000,0),(1,2,20,218,0.0000,50.0000,0),(1,2,20,242,1.0151,0.0000,0),(1,2,20,262,0.0015,0.0000,0),(1,2,21,176,0.4696,6.2928,0),(1,2,21,190,70.0000,0.4700,0),(1,2,21,191,0.4700,0.4700,0),(1,2,21,194,0.4700,0.4700,0),(1,2,21,217,0.0000,20.0000,0),(1,2,21,218,0.0000,50.0000,0),(1,2,21,242,6.2928,0.0000,0),(1,2,21,262,0.0004,0.0000,0),(1,2,22,172,0.0000,0.6100,0),(1,2,22,176,0.8400,0.3000,0),(1,2,22,190,70.0000,0.8400,0),(1,2,22,191,0.8400,0.8400,0),(1,2,22,194,0.8400,0.8400,0),(1,2,22,217,0.0000,20.0000,0),(1,2,22,218,0.0000,50.0000,0),(1,2,22,242,0.9100,0.0000,0),(1,2,23,175,0.0000,0.4000,0),(1,2,23,176,3.6100,4.4600,0),(1,2,23,190,70.0000,3.6100,0),(1,2,23,191,3.6100,3.6100,0),(1,2,23,194,3.6100,3.6100,0),(1,2,23,217,0.0000,20.0000,0),(1,2,23,218,0.0000,50.0000,0),(1,2,23,242,0.6600,0.0000,0),(1,2,23,243,4.2000,0.0000,0),(1,2,24,176,56.9904,1.4635,0),(1,2,24,190,70.0000,56.9900,0),(1,2,24,191,56.9900,56.9900,0),(1,2,24,194,56.9900,56.9900,0),(1,2,24,217,0.0000,20.0000,0),(1,2,24,218,0.0000,50.0000,0),(1,2,24,222,0.0000,0.0004,0),(1,2,24,242,1.4635,0.0000,0),(1,2,25,176,0.6000,0.6000,0),(1,2,25,177,0.0000,4.5200,0),(1,2,25,190,70.0000,0.6000,0),(1,2,25,191,0.6000,0.6000,0),(1,2,25,194,0.6000,0.6000,0),(1,2,25,217,0.0000,20.0000,0),(1,2,25,218,0.0000,50.0000,0),(1,2,25,242,5.1200,0.0000,0),(1,2,26,176,0.3548,1.2148,0),(1,2,26,190,70.0000,0.3500,0),(1,2,26,191,0.3500,0.3500,0),(1,2,26,194,0.3500,0.3500,0),(1,2,26,217,0.0000,20.0000,0),(1,2,26,218,0.0000,50.0000,0),(1,2,26,222,0.0000,0.0048,0),(1,2,26,242,1.2148,0.0000,0),(1,2,27,172,0.0000,25.8038,0),(1,2,27,176,0.3000,0.5400,0),(1,2,27,190,70.0000,0.3000,0),(1,2,27,191,0.3000,0.3000,0),(1,2,27,194,0.3000,0.3000,0),(1,2,27,217,0.0000,20.0000,0),(1,2,27,218,0.0000,50.0000,0),(1,2,27,242,1.3438,0.0000,0),(1,2,27,243,25.0000,0.0000,0);
/*!40000 ALTER TABLE `period_total` ENABLE KEYS */;

--
-- Dumping data for table `permission`
--

/*!40000 ALTER TABLE `permission` DISABLE KEYS */;
INSERT INTO `permission` (`id`, `unit_id`, `user_id`) VALUES (1,1,1),(3,2,1),(4,3,1),(2,4,1),(5,5,1),(6,9,1),(9,12,1),(10,14,1),(8,15,1),(7,16,1),(16,18,1),(11,134,1),(12,137,1),(15,144,1),(14,145,1),(13,147,1);
/*!40000 ALTER TABLE `permission` ENABLE KEYS */;

--
-- Dumping data for table `posting_journal`
--

/*!40000 ALTER TABLE `posting_journal` DISABLE KEYS */;
/*!40000 ALTER TABLE `posting_journal` ENABLE KEYS */;

--
-- Dumping data for table `price_list`
--

/*!40000 ALTER TABLE `price_list` DISABLE KEYS */;
/*!40000 ALTER TABLE `price_list` ENABLE KEYS */;

--
-- Dumping data for table `price_list_item`
--

/*!40000 ALTER TABLE `price_list_item` DISABLE KEYS */;
/*!40000 ALTER TABLE `price_list_item` ENABLE KEYS */;

--
-- Dumping data for table `profit_center`
--

/*!40000 ALTER TABLE `profit_center` DISABLE KEYS */;
/*!40000 ALTER TABLE `profit_center` ENABLE KEYS */;

--
-- Dumping data for table `project`
--

/*!40000 ALTER TABLE `project` DISABLE KEYS */;
INSERT INTO `project` (`id`, `name`, `abbr`, `enterprise_id`, `zs_id`, `locked`) VALUES (1,'Hospital','HSP',1,NULL,0),(2,'Clinique','CLQ',1,NULL,0),(3,'Guest House','GHO',1,NULL,0);
/*!40000 ALTER TABLE `project` ENABLE KEYS */;

--
-- Dumping data for table `project_permission`
--

/*!40000 ALTER TABLE `project_permission` DISABLE KEYS */;
INSERT INTO `project_permission` (`id`, `user_id`, `project_id`) VALUES (1,1,1),(2,1,2);
/*!40000 ALTER TABLE `project_permission` ENABLE KEYS */;

--
-- Dumping data for table `province`
--

/*!40000 ALTER TABLE `province` DISABLE KEYS */;
INSERT INTO `province` (`uuid`, `name`, `country_uuid`) VALUES (0xF6FC74697E5845CBB87CF08AF93EDADE,'Bas Congo',0xDBE330B65CDE48308C30DC00ECCD1A5F),(0xDBE330B65CDF48308C30DC00ECCD1A21,'Test Hook Province',0xDBE330B65CDE48308C30DC00ECCD1A51);
/*!40000 ALTER TABLE `province` ENABLE KEYS */;

--
-- Dumping data for table `purchase`
--

/*!40000 ALTER TABLE `purchase` DISABLE KEYS */;
/*!40000 ALTER TABLE `purchase` ENABLE KEYS */;

--
-- Dumping data for table `purchase_item`
--

/*!40000 ALTER TABLE `purchase_item` DISABLE KEYS */;
/*!40000 ALTER TABLE `purchase_item` ENABLE KEYS */;

--
-- Dumping data for table `reference`
--

/*!40000 ALTER TABLE `reference` DISABLE KEYS */;
/*!40000 ALTER TABLE `reference` ENABLE KEYS */;

--
-- Dumping data for table `reference_group`
--

/*!40000 ALTER TABLE `reference_group` DISABLE KEYS */;
/*!40000 ALTER TABLE `reference_group` ENABLE KEYS */;

--
-- Dumping data for table `rubric`
--

/*!40000 ALTER TABLE `rubric` DISABLE KEYS */;
/*!40000 ALTER TABLE `rubric` ENABLE KEYS */;

--
-- Dumping data for table `rubric_paiement`
--

/*!40000 ALTER TABLE `rubric_paiement` DISABLE KEYS */;
/*!40000 ALTER TABLE `rubric_paiement` ENABLE KEYS */;

--
-- Dumping data for table `saved_report`
--

/*!40000 ALTER TABLE `saved_report` DISABLE KEYS */;
/*!40000 ALTER TABLE `saved_report` ENABLE KEYS */;

--
-- Dumping data for table `section_bilan`
--

/*!40000 ALTER TABLE `section_bilan` DISABLE KEYS */;
/*!40000 ALTER TABLE `section_bilan` ENABLE KEYS */;

--
-- Dumping data for table `section_resultat`
--

/*!40000 ALTER TABLE `section_resultat` DISABLE KEYS */;
/*!40000 ALTER TABLE `section_resultat` ENABLE KEYS */;

--
-- Dumping data for table `sector`
--

/*!40000 ALTER TABLE `sector` DISABLE KEYS */;
INSERT INTO `sector` (`uuid`, `name`, `province_uuid`) VALUES (0xDBE330B65CDF48308C30DC00ECCD1A22,'Test Hook Sector',0xDBE330B65CDF48308C30DC00ECCD1A21),(0x0404E9EAEBD64F20B1F86DC9F9313450,'Tshikapa',0xF6FC74697E5845CBB87CF08AF93EDADE);
/*!40000 ALTER TABLE `sector` ENABLE KEYS */;

--
-- Dumping data for table `service`
--

/*!40000 ALTER TABLE `service` DISABLE KEYS */;
INSERT INTO `service` (`id`, `uuid`, `enterprise_id`, `name`, `cost_center_id`, `profit_center_id`) VALUES (1,NULL,1,'Administration',NULL,NULL),(2,NULL,1,'Pediatrie',NULL,NULL),(3,NULL,1,'Medecine Interne',NULL,NULL);
/*!40000 ALTER TABLE `service` ENABLE KEYS */;

--
-- Dumping data for table `stock_movement`
--

/*!40000 ALTER TABLE `stock_movement` DISABLE KEYS */;
/*!40000 ALTER TABLE `stock_movement` ENABLE KEYS */;

--
-- Dumping data for table `subsidy`
--

/*!40000 ALTER TABLE `subsidy` DISABLE KEYS */;
/*!40000 ALTER TABLE `subsidy` ENABLE KEYS */;

--
-- Dumping data for table `supplier`
--

/*!40000 ALTER TABLE `supplier` DISABLE KEYS */;
/*!40000 ALTER TABLE `supplier` ENABLE KEYS */;

--
-- Dumping data for table `tax`
--

/*!40000 ALTER TABLE `tax` DISABLE KEYS */;
/*!40000 ALTER TABLE `tax` ENABLE KEYS */;

--
-- Dumping data for table `tax_paiement`
--

/*!40000 ALTER TABLE `tax_paiement` DISABLE KEYS */;
/*!40000 ALTER TABLE `tax_paiement` ENABLE KEYS */;

--
-- Dumping data for table `taxe_ipr`
--

/*!40000 ALTER TABLE `taxe_ipr` DISABLE KEYS */;
/*!40000 ALTER TABLE `taxe_ipr` ENABLE KEYS */;

--
-- Dumping data for table `user`
--

/*!40000 ALTER TABLE `user` DISABLE KEYS */;
INSERT INTO `user` (`id`, `username`, `password`, `display_name`, `email`, `active`, `deactivated`, `pin`, `last_login`) VALUES (1,'admin','*4ACFE3202A5FF5CF467898FC58AAB1D615029441','Administrator',NULL,1,0,'0','2015-01-15 09:21:14'),(2,'receptionist','*B0625B526DA9B248E3A2DAB3E1E7CBF56FAAB385','Receptionist',NULL,0,0,'0',NULL),(3,'doctor','*059B72450081511BC9EE1E774883F0CF93E00110','Doctor',NULL,0,0,'0',NULL),(4,'cashier','*F922930740D54438101A5D658355C52B1B6F01C2','Cashier',NULL,0,0,'0',NULL),(5,'accountant','*E374D9253EE6E9166F66D70FE0A7DC604F71452A','Accountant',NULL,0,0,'0',NULL);
/*!40000 ALTER TABLE `user` ENABLE KEYS */;

--
-- Dumping data for table `village`
--

/*!40000 ALTER TABLE `village` DISABLE KEYS */;
INSERT INTO `village` (`uuid`, `name`, `sector_uuid`) VALUES (0x1F162A109F6747889EFFC1FEA42FCC9B,'KELE2',0x0404E9EAEBD64F20B1F86DC9F9313450),(0xDBE330B65CDF48308C30DC00ECCD1A22,'Test Hook Village',0xDBE330B65CDF48308C30DC00ECCD1A22);
/*!40000 ALTER TABLE `village` ENABLE KEYS */;

--
-- Dumping data for table `voucher`
--

/*!40000 ALTER TABLE `voucher` DISABLE KEYS */;
INSERT INTO `voucher` (`uuid`, `date`, `project_id`, `reference`, `currency_id`, `amount`, `description`, `user_id`, `created_at`, `type_id`, `reference_uuid`) VALUES (0x071DD33EC33D4CE19728EF792C1F254E,'2016-11-30 13:50:01',1,91,2,0.3500,'Transfer de 0.35 viens de Caisse Auxiliaire USD à Virement des fonds Caisse Auxiliaire - Caisse Principale USD par Administrator.',1,'2016-11-30 13:50:02',5,NULL),(0x0E3BDBEB215541FC81BA0B833EB5F0A1,'2015-08-31 14:24:01',1,31,2,0.1600,'Transfer de 0.16 viens de Caisse Auxiliaire USD à Virement des fonds Caisse Auxiliaire - Caisse Principale USD par Administrator.',1,'2015-08-31 14:24:02',5,NULL),(0x0E556749FC034760B19AA207554BA38B,'2015-05-15 10:34:02',1,17,2,20.0000,'Monthly water bill',1,'2015-05-15 10:34:08',6,NULL),(0x0FC1D92C0FAD442C8CF29C693AA7F292,'2016-05-31 14:44:03',1,68,2,1.5300,'Monthly transfer to primary cash box',1,'2016-05-31 14:44:13',5,NULL),(0x11D227268C14422593375CDE40855061,'2016-02-29 12:47:03',1,56,2,0.0300,'Monthly transfer to primary cash box',1,'2016-02-29 12:47:13',5,NULL),(0x1374DEEED6D247BBBF8654D00B939531,'2015-09-30 14:22:03',1,36,2,1.5100,'Monthly transfer to primary cash box',1,'2015-09-30 14:22:13',5,NULL),(0x1444ABCA54804E7BB18CCA6106DA4C8C,'2015-05-15 10:34:10',1,18,2,50.0000,'Monthly payment for electricity',1,'2015-05-15 10:34:17',6,NULL),(0x14EEE57856F74F9E94E3ADB687CCFF9D,'2015-08-15 12:17:10',1,30,2,50.0000,'Monthly payment for electricity',1,'2015-08-15 12:17:16',6,NULL),(0x23257A3A04DA4AB6BC40C9304551DC02,'2016-03-15 11:19:10',1,58,2,50.0000,'Monthly payment for electricity',1,'2016-03-15 11:19:16',6,NULL),(0x258EA690C18541109606ED2DCDF446DB,'2016-01-15 14:48:11',1,50,2,50.0000,'Monthly payment for electricity',1,'2016-01-15 14:48:17',6,NULL),(0x2C70F920CF6E460497C8F163804845CB,'2015-04-30 10:45:01',1,15,2,3.3200,'Transfer de 3.32 viens de Caisse Auxiliaire USD à Virement des fonds Caisse Auxiliaire - Caisse Principale USD par Administrator.',1,'2015-04-30 10:45:02',5,NULL),(0x2E55E435C81A451E8C8B8C5B8F24F100,'2015-11-15 11:13:02',1,41,2,20.0000,'Monthly water bill',1,'2015-11-15 11:13:08',6,NULL),(0x2EBF6A83423B44F5A2FC4DA985ADA5DC,'2016-03-31 15:13:01',1,59,2,0.0900,'Transfer de 0.09 viens de Caisse Auxiliaire USD à Virement des fonds Caisse Auxiliaire - Caisse Principale USD par Administrator.',1,'2016-03-31 15:13:02',5,NULL),(0x305AF2693BC94141ADB0B61E23EA970E,'2016-07-31 14:11:03',1,76,2,0.8400,'Monthly transfer to primary cash box',1,'2016-07-31 14:11:13',5,NULL),(0x3069A01C10EF4502874811289EC24DFF,'2015-07-15 13:27:10',1,26,2,50.0000,'Monthly payment for electricity',1,'2015-07-15 13:27:16',6,NULL),(0x317B18AA9525431C9AA1BB863FC79D6D,'2015-06-15 12:32:10',1,22,2,50.0000,'Monthly payment for electricity',1,'2015-06-15 12:32:16',6,NULL),(0x336F46425569469DBE38EE5A0AFE7E15,'2015-03-31 14:49:03',1,12,2,0.8000,'Monthly transfer to primary cash box',1,'2015-03-31 14:49:13',5,NULL),(0x3733FCEF1B74479DA45B609D665DCD0D,'2015-01-15 10:21:02',1,1,2,20.0000,'Monthly water bill',1,'2015-01-15 10:21:09',6,NULL),(0x38B94BDC77C546FB88B26AD099626010,'2015-01-31 11:43:03',1,4,2,3.4900,'Monthly transfer to primary cash box',1,'2015-01-31 11:43:12',5,NULL),(0x38F6EE96F6CC46A58B2AE1DAF0673D59,'2015-11-30 10:09:03',1,44,2,1.9400,'Monthly transfer to primary cash box',1,'2015-11-30 10:09:13',5,NULL),(0x394F8852D3C34845AA8775A972CE076D,'2015-06-30 14:25:03',1,24,2,1.6400,'Monthly transfer to primary cash box',1,'2015-06-30 14:25:12',5,NULL),(0x39848C7AC9C8422B9F5592415A1DD52F,'2015-04-15 09:39:10',1,14,2,50.0000,'Monthly payment for electricity',1,'2015-04-15 09:39:17',6,NULL),(0x3C6CF7A4C3444250ABA9D50837071B26,'2015-03-15 11:05:11',1,10,2,50.0000,'Monthly payment for electricity',1,'2015-03-15 11:05:17',6,NULL),(0x3FD4862116F74BD5AE827D8A9CDDE15D,'2016-04-15 10:33:02',1,61,2,20.0000,'Monthly water bill',1,'2016-04-15 10:33:08',6,NULL),(0x400E96D70A314FE98360FC45558A3E4E,'2015-10-15 17:19:02',1,37,2,20.0000,'Monthly water bill',1,'2015-10-15 17:19:08',6,NULL),(0x401A4829A0914D7A99DA6AD1BC40AA70,'2016-08-15 16:12:10',1,78,2,50.0000,'Monthly payment for electricity',1,'2016-08-15 16:12:16',6,NULL),(0x44BDE515D76E4FD4A22BF5DFA5D27F5D,'2015-05-31 12:22:01',1,19,2,22.9400,'Transfer de 22.94 viens de Caisse Auxiliaire USD à Virement des fonds Caisse Auxiliaire - Caisse Principale USD par Administrator.',1,'2015-05-31 12:22:02',5,NULL),(0x487FCCBC2E504032884BD1972B30E48F,'2016-06-15 14:03:10',1,70,2,50.0000,'Monthly payment for electricity',1,'2016-06-15 14:03:16',6,NULL),(0x4EE5E01CB47442E1B4888B2798305B0D,'2016-08-31 11:10:01',1,79,2,3.6100,'Transfer de 3.61 viens de Caisse Auxiliaire USD à Virement des fonds Caisse Auxiliaire - Caisse Principale USD par Administrator.',1,'2016-08-31 11:10:02',5,NULL),(0x59C8177F77134D5288E5A2CED1E7199F,'2015-10-31 09:06:01',1,39,2,0.3000,'Transfer de 0.3 viens de Caisse Auxiliaire USD à Virement des fonds Caisse Auxiliaire - Caisse Principale USD par Administrator.',1,'2015-10-31 09:06:02',5,NULL),(0x5B71E24D015B43CA8C86DCF62327F619,'2016-09-30 13:29:03',1,84,2,56.9900,'Monthly transfer to primary cash box',1,'2016-09-30 13:29:13',5,NULL),(0x5C5F5D9388AE472C9B0F6B796995A64E,'2015-02-15 16:50:02',1,5,2,20.0000,'Monthly water bill',1,'2015-02-15 16:50:08',6,NULL),(0x621D067977F84E1DBA9EEFD95C47404E,'2016-12-15 09:08:10',1,94,2,50.0000,'Monthly payment for electricity',1,'2016-12-15 09:08:16',6,NULL),(0x673ADB63BA824274B119AA2A88CD481C,'2015-04-30 10:45:03',1,16,2,3.3200,'Monthly transfer to primary cash box',1,'2015-04-30 10:45:13',5,NULL),(0x6770ECE79F59494091E5F0971703AFDC,'2016-10-31 12:07:01',1,87,2,0.6000,'Transfer de 0.6 viens de Caisse Auxiliaire USD à Virement des fonds Caisse Auxiliaire - Caisse Principale USD par Administrator.',1,'2016-10-31 12:07:02',5,NULL),(0x6C329C16B1254D5C8A23816E2446C79E,'2015-02-28 12:47:03',1,8,2,1.0700,'Monthly transfer to primary cash box',1,'2015-02-28 12:47:12',5,NULL),(0x6EB9EE5D22654188B45C872C090B59FE,'2016-08-31 11:10:03',1,80,2,3.6100,'Monthly transfer to primary cash box',1,'2016-08-31 11:10:13',5,NULL),(0x75B80635AE5D45218194D8B36CDA2382,'2016-01-15 14:48:02',1,49,2,20.0000,'Monthly water bill',1,'2016-01-15 14:48:08',6,NULL),(0x75F1D61DC75F49ACBEF2F8F9D4266D02,'2016-04-15 10:33:10',1,62,2,50.0000,'Monthly payment for electricity',1,'2016-04-15 10:33:17',6,NULL),(0x77B3A3B2810444089E5CDAC7C47DECF8,'2016-06-30 12:36:01',1,71,2,0.4700,'Transfer de 0.47 viens de Caisse Auxiliaire USD à Virement des fonds Caisse Auxiliaire - Caisse Principale USD par Administrator.',1,'2016-06-30 12:36:02',5,NULL),(0x7F4C87DB68664F7B93DD71468ABE37F7,'2015-11-15 11:13:10',1,42,2,50.0000,'Monthly payment for electricity',1,'2015-11-15 11:13:16',6,NULL),(0x822C755978D44C749565CA5E5A16223B,'2016-12-31 16:46:01',1,95,2,0.3000,'Transfer de 0.3 viens de Caisse Auxiliaire USD à Virement des fonds Caisse Auxiliaire - Caisse Principale USD par Administrator.',1,'2016-12-31 16:46:02',5,NULL),(0x825EBCAE27AA491E82F5A1FB42384F39,'2016-06-15 14:03:02',1,69,2,20.0000,'Monthly water bill',1,'2016-06-15 14:03:08',6,NULL),(0x8561305BEE2C4EC8AEAE42CAB7AFBD97,'2015-09-15 09:02:02',1,33,2,20.0000,'Monthly water bill',1,'2015-09-15 09:02:08',6,NULL),(0x85A424F9310840078319236B0BF892D0,'2016-10-15 11:33:10',1,86,2,50.0000,'Monthly payment for electricity',1,'2016-10-15 11:33:16',6,NULL),(0x862A6B974F1847008D2A795F1F276ADD,'2016-10-31 12:07:03',1,88,2,0.6000,'Monthly transfer to primary cash box',1,'2016-10-31 12:07:13',5,NULL),(0x874EF7C2A3FB4AABAAC9A0C0F5828789,'2015-06-30 14:25:01',1,23,2,1.6400,'Transfer de 1.64 viens de Caisse Auxiliaire USD à Virement des fonds Caisse Auxiliaire - Caisse Principale USD par Administrator.',1,'2015-06-30 14:25:02',5,NULL),(0x8813AA35D18E433581B4F1DFB3C25D2B,'2015-02-15 16:50:10',1,6,2,50.0000,'Monthly payment for electricity',1,'2015-02-15 16:50:16',6,NULL),(0x8B018C3D955342448E7D8C0F38A4E1DB,'2016-05-31 14:44:01',1,67,2,1.5300,'Transfer de 1.53 viens de Caisse Auxiliaire USD à Virement des fonds Caisse Auxiliaire - Caisse Principale USD par Administrator.',1,'2016-05-31 14:44:02',5,NULL),(0x957104EB01CC44778C588513A9EBC624,'2015-06-15 12:32:02',1,21,2,20.0000,'Monthly water bill',1,'2015-06-15 12:32:08',6,NULL),(0x96DD2C493025422780F695E0AFA81CEB,'2016-12-15 09:08:02',1,93,2,20.0000,'Monthly water bill',1,'2016-12-15 09:08:08',6,NULL),(0x98D2A6BD473F4C9EBE34DCC5EDB20670,'2015-08-31 14:24:03',1,32,2,0.1600,'Monthly transfer to primary cash box',1,'2015-08-31 14:24:12',5,NULL),(0xA1D7D31F3CE24A6D922F7624CF588219,'2015-11-30 10:09:01',1,43,2,1.9400,'Transfer de 1.94 viens de Caisse Auxiliaire USD à Virement des fonds Caisse Auxiliaire - Caisse Principale USD par Administrator.',1,'2015-11-30 10:09:02',5,NULL),(0xA6AE83C767EA4062898D09EF0A673C85,'2015-05-31 12:22:03',1,20,2,22.9400,'Monthly transfer to primary cash box',1,'2015-05-31 12:22:13',5,NULL),(0xA6B9959B4E9D4B6DA18089CA0B822DC6,'2016-12-31 16:46:03',1,96,2,0.3000,'Monthly transfer to primary cash box',1,'2016-12-31 16:46:13',5,NULL),(0xAA819F300BE749ED9B29FC0B4FF38FBF,'2015-07-15 13:27:02',1,25,2,20.0000,'Monthly water bill',1,'2015-07-15 13:27:08',6,NULL),(0xAE09A8A9D65A437DAE00260E59C4A047,'2016-04-30 16:33:01',1,63,2,2.8900,'Transfer de 2.89 viens de Caisse Auxiliaire USD à Virement des fonds Caisse Auxiliaire - Caisse Principale USD par Administrator.',1,'2016-04-30 16:33:02',5,NULL),(0xB145FD1C6E684AC3A30868CB216CDCDE,'2016-09-15 14:25:10',1,82,2,50.0000,'Monthly payment for electricity',1,'2016-09-15 14:25:16',6,NULL),(0xB25DD2ED87C94829B32EE92136CC51D6,'2015-03-31 14:49:01',1,11,2,0.8000,'Transfer de 0.8 viens de Caisse Auxiliaire USD à Virement des fonds Caisse Auxiliaire - Caisse Principale USD par Administrator.',1,'2015-03-31 14:49:02',5,NULL),(0xB33F392FF08C47F096006852D4577C3B,'2016-11-30 13:50:03',1,92,2,0.3500,'Monthly transfer to primary cash box',1,'2016-11-30 13:50:13',5,NULL),(0xB3864BE011EB47AE901D0F2B2E1F1053,'2016-06-30 12:36:03',1,72,2,0.4700,'Monthly transfer to primary cash box',1,'2016-06-30 12:36:13',5,NULL),(0xB480F80BA76B46848503B6F065AC1705,'2015-09-15 09:02:10',1,34,2,50.0000,'Monthly payment for electricity',1,'2015-09-15 09:02:16',6,NULL),(0xB4AEFAC129DD4E5A8EC2FC60D9AC7A26,'2015-02-28 12:47:01',1,7,2,1.0700,'Transfer de 1.07 viens de Caisse Auxiliaire USD à Virement des fonds Caisse Auxiliaire - Caisse Principale USD par Administrator.',1,'2015-02-28 12:47:02',5,NULL),(0xB98D20B4D827452598E56C683F557C73,'2016-09-30 13:29:01',1,83,2,56.9900,'Transfer de 56.99 viens de Caisse Auxiliaire USD à Virement des fonds Caisse Auxiliaire - Caisse Principale USD par Administrator.',1,'2016-09-30 13:29:02',5,NULL),(0xBDCAF5EA1294498D9D8DDD56B8F8DB1F,'2015-12-15 16:40:02',1,45,2,20.0000,'Monthly water bill',1,'2015-12-15 16:40:08',6,NULL),(0xBE200E4840F146D5BC4B274A451CAB9B,'2016-03-15 11:19:02',1,57,2,20.0000,'Monthly water bill',1,'2016-03-15 11:19:08',6,NULL),(0xBEFB1848B6CF47C29AEF1071EBD61C32,'2016-01-31 15:02:03',1,52,2,1.7000,'Monthly transfer to primary cash box',1,'2016-01-31 15:02:14',5,NULL),(0xC2B0ECAF19354DCA93E12181F9A6834F,'2015-12-31 17:10:01',1,47,2,2.2500,'Transfer de 2.25 viens de Caisse Auxiliaire USD à Virement des fonds Caisse Auxiliaire - Caisse Principale USD par Administrator.',1,'2015-12-31 17:10:02',5,NULL),(0xC430DA60EF7A46C2B8E09535631DDEE8,'2015-08-15 12:17:02',1,29,2,20.0000,'Monthly water bill',1,'2015-08-15 12:17:08',6,NULL),(0xC7AD2A2F8C744DB194382002C57BCE39,'2016-08-15 16:12:02',1,77,2,20.0000,'Monthly water bill',1,'2016-08-15 16:12:08',6,NULL),(0xC83EF222E1F843BEBD87149987EF7921,'2015-09-30 14:22:01',1,35,2,1.5100,'Transfer de 1.51 viens de Caisse Auxiliaire USD à Virement des fonds Caisse Auxiliaire - Caisse Principale USD par Administrator.',1,'2015-09-30 14:22:02',5,NULL),(0xC8BF9D50D73E457C9665B7098DE322C6,'2016-05-15 15:07:02',1,65,2,20.0000,'Monthly water bill',1,'2016-05-15 15:07:08',6,NULL),(0xC9307ABBB0B54B9B984B4389303BB71B,'2016-05-15 15:07:10',1,66,2,50.0000,'Monthly payment for electricity',1,'2016-05-15 15:07:16',6,NULL),(0xCBA1E17D97E34BA8B2359E436FF5B090,'2016-07-15 15:19:10',1,74,2,50.0000,'Monthly payment for electricity',1,'2016-07-15 15:19:16',6,NULL),(0xCBB5698EAE524B2197EDA6F8B40D6D56,'2016-09-15 14:25:02',1,81,2,20.0000,'Monthly water bill',1,'2016-09-15 14:25:08',6,NULL),(0xCD81C8BA1A114FDEB8A3FA0F80FBFA69,'2015-12-15 16:40:10',1,46,2,50.0000,'Monthly payment for electricity',1,'2015-12-15 16:40:16',6,NULL),(0xCE42AFA66DAB4A2DAD55770A0C1A6DBE,'2015-10-31 09:06:03',1,40,2,0.3000,'Monthly transfer to primary cash box',1,'2015-10-31 09:06:12',5,NULL),(0xD596F560D74C48ECAC4C9A65E3D49DAA,'2016-02-15 12:29:10',1,54,2,50.0000,'Monthly payment for electricity',1,'2016-02-15 12:29:16',6,NULL),(0xD6BB83425D524C1286CF329D38A56C21,'2015-01-31 11:43:01',1,3,2,3.4900,'Transfer de 3.49 viens de Caisse Auxiliaire USD à Virement des fonds Caisse Auxiliaire - Caisse Principale USD par Administrator.',1,'2015-01-31 11:43:02',5,NULL),(0xD9A3216C3F8C452CA8C5D3D1977C32F8,'2015-07-31 15:46:01',1,27,2,0.3000,'Transfer de 0.3 viens de Caisse Auxiliaire USD à Virement des fonds Caisse Auxiliaire - Caisse Principale USD par Administrator.',1,'2015-07-31 15:46:02',5,NULL),(0xDABBB71DC33B4934BD5A22F7F95C6A42,'2016-07-31 14:11:01',1,75,2,0.8400,'Transfer de 0.84 viens de Caisse Auxiliaire USD à Virement des fonds Caisse Auxiliaire - Caisse Principale USD par Administrator.',1,'2016-07-31 14:11:02',5,NULL),(0xDC30F20E648C41AA97F1A68E5F55E8C8,'2016-03-31 15:13:03',1,60,2,0.0900,'Monthly transfer to primary cash box',1,'2016-03-31 15:13:12',5,NULL),(0xDE0D44CD05A44BD08A30B6ED99EE079A,'2016-11-15 13:12:10',1,90,2,50.0000,'Monthly payment for electricity',1,'2016-11-15 13:12:16',6,NULL),(0xE5E8BDADEF26460384984953E136E787,'2016-07-15 15:19:02',1,73,2,20.0000,'Monthly water bill',1,'2016-07-15 15:19:08',6,NULL),(0xE6969577759F43D9B6163AA28921C0F9,'2015-01-15 10:21:11',1,2,2,50.0000,'Monthly payment for electricity',1,'2015-01-15 10:21:17',6,NULL),(0xE6AE2799336A44888181703C25CB9BB7,'2016-01-31 15:02:01',1,51,2,1.7000,'Transfer de 1.7 viens de Caisse Auxiliaire USD à Virement des fonds Caisse Auxiliaire - Caisse Principale USD par Administrator.',1,'2016-01-31 15:02:02',5,NULL),(0xEB86206E883E4150BD4DA2ED21F97B5E,'2016-11-15 13:12:02',1,89,2,20.0000,'Monthly water bill',1,'2016-11-15 13:12:08',6,NULL),(0xEBB9FE1DF06C4F1EB0C31BB7554346D6,'2015-10-15 17:19:10',1,38,2,50.0000,'Monthly payment for electricity',1,'2015-10-15 17:19:16',6,NULL),(0xEC3F6433559E4D35A4AEC071D62F1BA1,'2015-12-31 17:10:03',1,48,2,2.2500,'Monthly transfer to primary cash box',1,'2015-12-31 17:10:13',5,NULL),(0xEDE61A92A62747488CEEE3867934ED95,'2016-10-15 11:33:02',1,85,2,20.0000,'Monthly water bill',1,'2016-10-15 11:33:08',6,NULL),(0xF209D65CD5874BAEBA4C61C64804F085,'2016-02-29 12:47:01',1,55,2,0.0300,'Transfer de 0.03 viens de Caisse Auxiliaire USD à Virement des fonds Caisse Auxiliaire - Caisse Principale USD par Administrator.',1,'2016-02-29 12:47:02',5,NULL),(0xF61E5A92368F477C970E5B3B87D728C6,'2015-07-31 15:46:03',1,28,2,0.3000,'Monthly transfer to primary cash box',1,'2015-07-31 15:46:12',5,NULL),(0xF6F655791AFE45CBAE6563350FCD9E03,'2015-03-15 11:05:02',1,9,2,20.0000,'Monthly water bill',1,'2015-03-15 11:05:08',6,NULL),(0xF97814DEC5EB4CBAB849841B0B42FDE9,'2015-04-15 09:39:02',1,13,2,20.0000,'Monthly water bill',1,'2015-04-15 09:39:08',6,NULL),(0xFC3847C17CCF4657AE0A76C6DBCD265E,'2016-02-15 12:29:02',1,53,2,20.0000,'Monthly water bill',1,'2016-02-15 12:29:08',6,NULL),(0xFD7231E6CA7845D79D3BE11CF39385C2,'2016-04-30 16:33:03',1,64,2,2.8900,'Monthly transfer to primary cash box',1,'2016-04-30 16:33:13',5,NULL);
/*!40000 ALTER TABLE `voucher` ENABLE KEYS */;

--
-- Dumping data for table `voucher_item`
--

/*!40000 ALTER TABLE `voucher_item` DISABLE KEYS */;
INSERT INTO `voucher_item` (`uuid`, `account_id`, `debit`, `credit`, `voucher_uuid`, `document_uuid`, `entity_uuid`) VALUES (0x00F282413EC94BDAB257AEF8D188DD95,217,20.0000,0.0000,0xF97814DEC5EB4CBAB849841B0B42FDE9,NULL,NULL),(0x02163A4A1803471D80EEC8E9CE3ED1CE,190,0.0000,20.0000,0xF97814DEC5EB4CBAB849841B0B42FDE9,NULL,NULL),(0x0226F66D3B4D4651B87E30ADA75C66E2,190,0.0000,50.0000,0x258EA690C18541109606ED2DCDF446DB,NULL,NULL),(0x030AAD01C632485ABBB9379B66FF0CB4,190,1.9400,0.0000,0x38F6EE96F6CC46A58B2AE1DAF0673D59,0xA1D7D31F3CE24A6D922F7624CF588219,NULL),(0x0583307C47684A86AC6A1A6064E4D261,191,0.0000,0.3000,0x822C755978D44C749565CA5E5A16223B,NULL,NULL),(0x059F347C7D7746B8A1CFD56C80381EBF,190,1.5300,0.0000,0x0FC1D92C0FAD442C8CF29C693AA7F292,0x8B018C3D955342448E7D8C0F38A4E1DB,NULL),(0x07DC58EB344F4E57A92D5D93EAF222E3,190,0.0000,20.0000,0xBE200E4840F146D5BC4B274A451CAB9B,NULL,NULL),(0x07E44505B45A4A7DAE98FA663874DE77,190,3.4900,0.0000,0x38B94BDC77C546FB88B26AD099626010,0xD6BB83425D524C1286CF329D38A56C21,NULL),(0x0A56098657D3480CAA62CA9BE6D8367D,194,0.0000,1.6400,0x394F8852D3C34845AA8775A972CE076D,0x874EF7C2A3FB4AABAAC9A0C0F5828789,NULL),(0x0BEE95EC978F4998A735D9E6502345F0,191,0.0000,3.6100,0x4EE5E01CB47442E1B4888B2798305B0D,NULL,NULL),(0x0BF8EC2A9241441389C3DB91DCCAA58B,190,0.0000,50.0000,0xEBB9FE1DF06C4F1EB0C31BB7554346D6,NULL,NULL),(0x0BFA53B9D1434AE0AD3BD081E47B2567,190,0.0000,20.0000,0x3733FCEF1B74479DA45B609D665DCD0D,NULL,NULL),(0x10F1836D83AD42D68B8E9E08BC99CB30,191,0.0000,1.7000,0xE6AE2799336A44888181703C25CB9BB7,NULL,NULL),(0x122CC27688CE4DA3A6D144E21726B5F4,191,0.0000,0.8000,0xB25DD2ED87C94829B32EE92136CC51D6,NULL,NULL),(0x1300B019A80B4C068C50F11E6EA8D180,194,0.0300,0.0000,0xF209D65CD5874BAEBA4C61C64804F085,NULL,NULL),(0x154B9ADBE2B046058054B2FDE7A02465,191,0.0000,0.0900,0x2EBF6A83423B44F5A2FC4DA985ADA5DC,NULL,NULL),(0x15705CA3B60D4E22999A3BE7FB3433C2,194,1.6400,0.0000,0x874EF7C2A3FB4AABAAC9A0C0F5828789,NULL,NULL),(0x1670DFBDF2D340ADB3E30084EDD0F8B1,217,20.0000,0.0000,0xE5E8BDADEF26460384984953E136E787,NULL,NULL),(0x175D424E0C464F77BD62CE58BE2DED95,190,0.0000,20.0000,0xBDCAF5EA1294498D9D8DDD56B8F8DB1F,NULL,NULL),(0x198FF9A247964A8AB439CE2CE4C7BA74,217,20.0000,0.0000,0xBDCAF5EA1294498D9D8DDD56B8F8DB1F,NULL,NULL),(0x1A37A1A78E874C3B9AC56FEACF48AA0F,190,0.3000,0.0000,0xCE42AFA66DAB4A2DAD55770A0C1A6DBE,0x59C8177F77134D5288E5A2CED1E7199F,NULL),(0x1BADB2BAE3C4447FB0EF178FA490B06A,190,1.6400,0.0000,0x394F8852D3C34845AA8775A972CE076D,0x874EF7C2A3FB4AABAAC9A0C0F5828789,NULL),(0x1C6A4E6F21004C7E8C046565ED801001,190,0.0000,50.0000,0x487FCCBC2E504032884BD1972B30E48F,NULL,NULL),(0x1D9D9ABDD0D949CF9E2E7C60E1BA4737,218,50.0000,0.0000,0xDE0D44CD05A44BD08A30B6ED99EE079A,NULL,NULL),(0x233E5EAE40EA4798A93741D0C7F78BE1,194,1.9400,0.0000,0xA1D7D31F3CE24A6D922F7624CF588219,NULL,NULL),(0x2867A2F39D184468A0DBFF75607FA588,218,50.0000,0.0000,0xD596F560D74C48ECAC4C9A65E3D49DAA,NULL,NULL),(0x295817FBAB994C9AB2F15D7129766B2E,218,50.0000,0.0000,0x85A424F9310840078319236B0BF892D0,NULL,NULL),(0x299258DE7B3B4770AFED6A58EE44CC31,217,20.0000,0.0000,0xFC3847C17CCF4657AE0A76C6DBCD265E,NULL,NULL),(0x29D3D1C2D5B54C589B31919F9C0E2F22,190,0.0000,20.0000,0x400E96D70A314FE98360FC45558A3E4E,NULL,NULL),(0x2A10F617116642A1AA464D21190FFDCF,194,0.0000,1.7000,0xBEFB1848B6CF47C29AEF1071EBD61C32,0xE6AE2799336A44888181703C25CB9BB7,NULL),(0x2ABB6E5E0E5A41A49A5FBF1F22F937BD,194,1.5100,0.0000,0xC83EF222E1F843BEBD87149987EF7921,NULL,NULL),(0x2B20703A3AE549D1ABA9FB0BC4731436,194,0.0000,2.8900,0xFD7231E6CA7845D79D3BE11CF39385C2,0xAE09A8A9D65A437DAE00260E59C4A047,NULL),(0x2E85ED24414046D2969AE52C72543CFD,218,50.0000,0.0000,0x7F4C87DB68664F7B93DD71468ABE37F7,NULL,NULL),(0x2E911FAF72874D85930D4D5D1BC19015,194,3.3200,0.0000,0x2C70F920CF6E460497C8F163804845CB,NULL,NULL),(0x2EE4ABEB9F5C4E4ABD2B6B01E0EB36AF,190,0.0000,50.0000,0x39848C7AC9C8422B9F5592415A1DD52F,NULL,NULL),(0x2EEC2BAFB4E143678294D19B9D4ABB9F,190,0.0000,50.0000,0x401A4829A0914D7A99DA6AD1BC40AA70,NULL,NULL),(0x2F4FD9C7FDD2405481E0B8910542CAB9,194,56.9900,0.0000,0xB98D20B4D827452598E56C683F557C73,NULL,NULL),(0x3301ABEF54174886AF8F447E24E3849A,190,3.6100,0.0000,0x6EB9EE5D22654188B45C872C090B59FE,0x4EE5E01CB47442E1B4888B2798305B0D,NULL),(0x33F29309B0574553B952BB92E18D5BDD,194,2.8900,0.0000,0xAE09A8A9D65A437DAE00260E59C4A047,NULL,NULL),(0x33FD822DBD504204A7E2EFB195CB5FCD,190,0.0000,20.0000,0x5C5F5D9388AE472C9B0F6B796995A64E,NULL,NULL),(0x3436D5255E7A439BB0D3B97627D0A2E1,194,0.0000,3.6100,0x6EB9EE5D22654188B45C872C090B59FE,0x4EE5E01CB47442E1B4888B2798305B0D,NULL),(0x35157668506B46FABFE7E8223CFBB595,218,50.0000,0.0000,0xCD81C8BA1A114FDEB8A3FA0F80FBFA69,NULL,NULL),(0x35640552E39B4AFDB72455CA0B3BB09A,190,0.0000,50.0000,0xDE0D44CD05A44BD08A30B6ED99EE079A,NULL,NULL),(0x35B73BD7A2424FE7A54FB8B7D76BDB25,218,50.0000,0.0000,0x3C6CF7A4C3444250ABA9D50837071B26,NULL,NULL),(0x36C79C84472C480F85001281A29C321F,217,20.0000,0.0000,0x96DD2C493025422780F695E0AFA81CEB,NULL,NULL),(0x371DC0D11EEE46DEA2A2BEC327B59B07,190,0.0000,20.0000,0x0E556749FC034760B19AA207554BA38B,NULL,NULL),(0x38FF53A82B224E66A01288E390BC0E7B,194,0.0000,0.3000,0xF61E5A92368F477C970E5B3B87D728C6,0xD9A3216C3F8C452CA8C5D3D1977C32F8,NULL),(0x3942D5740B454A22879F335E0AAC2C48,190,0.0000,50.0000,0x7F4C87DB68664F7B93DD71468ABE37F7,NULL,NULL),(0x398F59999446473E9C9EC9B7366308E3,190,0.0000,20.0000,0x825EBCAE27AA491E82F5A1FB42384F39,NULL,NULL),(0x39F7A1D65BC34955938402BEFD286FD2,190,0.8400,0.0000,0x305AF2693BC94141ADB0B61E23EA970E,0xDABBB71DC33B4934BD5A22F7F95C6A42,NULL),(0x3C1B1F4A05DB40DDB9065ACECB4F9628,190,0.0000,20.0000,0x75B80635AE5D45218194D8B36CDA2382,NULL,NULL),(0x3D54D9DD914C45338719EA7DBC1846E3,218,50.0000,0.0000,0x621D067977F84E1DBA9EEFD95C47404E,NULL,NULL),(0x3EF73153101E45009071E37753800647,217,20.0000,0.0000,0x8561305BEE2C4EC8AEAE42CAB7AFBD97,NULL,NULL),(0x3F9146460D1D45F6816448704EBE56D5,218,50.0000,0.0000,0xB480F80BA76B46848503B6F065AC1705,NULL,NULL),(0x40823FB338754DAEAD18416C6726672D,218,50.0000,0.0000,0x487FCCBC2E504032884BD1972B30E48F,NULL,NULL),(0x40E4E243CA7E4A82A4C3FF15E6171724,190,2.2500,0.0000,0xEC3F6433559E4D35A4AEC071D62F1BA1,0xC2B0ECAF19354DCA93E12181F9A6834F,NULL),(0x411C8FB0847D44DDB46E6085F90C09F9,190,22.9400,0.0000,0xA6AE83C767EA4062898D09EF0A673C85,0x44BDE515D76E4FD4A22BF5DFA5D27F5D,NULL),(0x423185469D374A5794F7422550B11EFA,194,0.1600,0.0000,0x0E3BDBEB215541FC81BA0B833EB5F0A1,NULL,NULL),(0x43965A98672D4B49AC2CCC7FEFD230E1,190,0.0000,50.0000,0x75F1D61DC75F49ACBEF2F8F9D4266D02,NULL,NULL),(0x44E1864A121C424D98B87583B651B8D7,218,50.0000,0.0000,0x8813AA35D18E433581B4F1DFB3C25D2B,NULL,NULL),(0x48BB020D8A7847329B08F435E61E6057,191,0.0000,1.9400,0xA1D7D31F3CE24A6D922F7624CF588219,NULL,NULL),(0x4B0436B6EB444AE699657479D15F2E32,217,20.0000,0.0000,0xBE200E4840F146D5BC4B274A451CAB9B,NULL,NULL),(0x4B33FCC1400C489887F61BFAE25D730F,190,0.0000,20.0000,0xF6F655791AFE45CBAE6563350FCD9E03,NULL,NULL),(0x4BB2A142A6EC46E18CBE5A07FC5216A8,194,1.7000,0.0000,0xE6AE2799336A44888181703C25CB9BB7,NULL,NULL),(0x4CD084C5A013409C860E4388E42B7C84,191,0.0000,1.5300,0x8B018C3D955342448E7D8C0F38A4E1DB,NULL,NULL),(0x503A7E6DEC9748F69738632C66BD1698,194,0.0000,0.3500,0xB33F392FF08C47F096006852D4577C3B,0x071DD33EC33D4CE19728EF792C1F254E,NULL),(0x513623B2426D4C40B52B0BBCC2CE42AB,194,0.0000,0.3000,0xCE42AFA66DAB4A2DAD55770A0C1A6DBE,0x59C8177F77134D5288E5A2CED1E7199F,NULL),(0x5408EBB311F64F9C84210A43F436559D,194,0.0000,0.8000,0x336F46425569469DBE38EE5A0AFE7E15,0xB25DD2ED87C94829B32EE92136CC51D6,NULL),(0x5470E752C64645D0A31E221AD5280057,194,0.0000,0.0900,0xDC30F20E648C41AA97F1A68E5F55E8C8,0x2EBF6A83423B44F5A2FC4DA985ADA5DC,NULL),(0x55B4E98419FF440E909030C41E84D41C,194,1.5300,0.0000,0x8B018C3D955342448E7D8C0F38A4E1DB,NULL,NULL),(0x560DF43C75DA4BA3B45FE1B3EB6B9B98,191,0.0000,2.2500,0xC2B0ECAF19354DCA93E12181F9A6834F,NULL,NULL),(0x583B2BC2768147DFB95315642D1CD31B,190,0.0000,50.0000,0xB480F80BA76B46848503B6F065AC1705,NULL,NULL),(0x5926D8F122C04420A0D98E05FF57BA96,218,50.0000,0.0000,0x317B18AA9525431C9AA1BB863FC79D6D,NULL,NULL),(0x5D024D081A9242599EF5F3851CA883C8,190,1.0700,0.0000,0x6C329C16B1254D5C8A23816E2446C79E,0xB4AEFAC129DD4E5A8EC2FC60D9AC7A26,NULL),(0x5E157DDE6D544BE4A60F1ED6FF1CEACF,194,2.2500,0.0000,0xC2B0ECAF19354DCA93E12181F9A6834F,NULL,NULL),(0x5E710C3F6D484B65A5AF25179859AF23,194,0.0000,1.5100,0x1374DEEED6D247BBBF8654D00B939531,0xC83EF222E1F843BEBD87149987EF7921,NULL),(0x5E9322DF283D4798965540841C6C296C,194,0.0000,56.9900,0x5B71E24D015B43CA8C86DCF62327F619,0xB98D20B4D827452598E56C683F557C73,NULL),(0x609F1B1622B54173ADF6CE835803EA0D,191,0.0000,0.3000,0xD9A3216C3F8C452CA8C5D3D1977C32F8,NULL,NULL),(0x60ED32F8B7814A37BF40E89A603736A1,190,0.3000,0.0000,0xF61E5A92368F477C970E5B3B87D728C6,0xD9A3216C3F8C452CA8C5D3D1977C32F8,NULL),(0x63130FD6973E4204BBBC6881A5E451A9,218,50.0000,0.0000,0xB145FD1C6E684AC3A30868CB216CDCDE,NULL,NULL),(0x638825104F48442CB50970C32FFBD3E1,217,20.0000,0.0000,0x400E96D70A314FE98360FC45558A3E4E,NULL,NULL),(0x64C7FDF23E154106908CCFD38BADF883,218,50.0000,0.0000,0xC9307ABBB0B54B9B984B4389303BB71B,NULL,NULL),(0x6532B943ECFF4624ADFBB6206C135925,194,0.0000,0.3000,0xA6B9959B4E9D4B6DA18089CA0B822DC6,0x822C755978D44C749565CA5E5A16223B,NULL),(0x660D44695C234DF19FA7A5B07564C007,194,0.0000,0.4700,0xB3864BE011EB47AE901D0F2B2E1F1053,0x77B3A3B2810444089E5CDAC7C47DECF8,NULL),(0x66A39442CB7F43C9BA729F46D4612747,190,0.0900,0.0000,0xDC30F20E648C41AA97F1A68E5F55E8C8,0x2EBF6A83423B44F5A2FC4DA985ADA5DC,NULL),(0x675820641CFA4CCEAB260BB6356C63A9,190,0.0000,50.0000,0xC9307ABBB0B54B9B984B4389303BB71B,NULL,NULL),(0x68933F435A5F4E07BC246AFBA4A3FE78,218,50.0000,0.0000,0x14EEE57856F74F9E94E3ADB687CCFF9D,NULL,NULL),(0x6909F2D43F5742D2A4E79D5F3CCCEE24,218,50.0000,0.0000,0x1444ABCA54804E7BB18CCA6106DA4C8C,NULL,NULL),(0x6BBADA38482A412DBFE3A2C42E0B89C1,190,0.6000,0.0000,0x862A6B974F1847008D2A795F1F276ADD,0x6770ECE79F59494091E5F0971703AFDC,NULL),(0x6C661805311548C580BFBC5ED1DC3E5A,190,0.0000,20.0000,0xC8BF9D50D73E457C9665B7098DE322C6,NULL,NULL),(0x6CB9FA8C575A4040B483DF0FEF7BCAA1,190,0.0000,20.0000,0xAA819F300BE749ED9B29FC0B4FF38FBF,NULL,NULL),(0x71450ED1210C426488683D7191CF9EB6,190,0.0000,50.0000,0x621D067977F84E1DBA9EEFD95C47404E,NULL,NULL),(0x7352B6AF162345CAA7F0D948DD02B59C,190,0.0000,20.0000,0x8561305BEE2C4EC8AEAE42CAB7AFBD97,NULL,NULL),(0x738C8834A2F14FE29045255F8EDC8CFB,191,0.0000,1.5100,0xC83EF222E1F843BEBD87149987EF7921,NULL,NULL),(0x74875429CF684A4D85A9DDE9ABA019FD,194,0.0000,0.6000,0x862A6B974F1847008D2A795F1F276ADD,0x6770ECE79F59494091E5F0971703AFDC,NULL),(0x749B4403024D438C9EFC90BF6D8A875B,217,20.0000,0.0000,0x2E55E435C81A451E8C8B8C5B8F24F100,NULL,NULL),(0x756B0BFD27DF4C7BBBD69259FE450FAB,194,0.3500,0.0000,0x071DD33EC33D4CE19728EF792C1F254E,NULL,NULL),(0x758DC14B045348C79DBA466D31095028,218,50.0000,0.0000,0xEBB9FE1DF06C4F1EB0C31BB7554346D6,NULL,NULL),(0x7609E4F9DF984883A548FC4D690292F1,218,50.0000,0.0000,0x3069A01C10EF4502874811289EC24DFF,NULL,NULL),(0x777C9E37EBD1480BA17DD9283B492A2E,190,0.0000,20.0000,0xC430DA60EF7A46C2B8E09535631DDEE8,NULL,NULL),(0x786AD5F8223143B783651277311087BD,194,0.0000,0.0300,0x11D227268C14422593375CDE40855061,0xF209D65CD5874BAEBA4C61C64804F085,NULL),(0x7905CEA64F754F548F4078419AB16D20,194,0.0900,0.0000,0x2EBF6A83423B44F5A2FC4DA985ADA5DC,NULL,NULL),(0x79CFB85C672B411FBCC0218F8DD1BC04,190,0.0300,0.0000,0x11D227268C14422593375CDE40855061,0xF209D65CD5874BAEBA4C61C64804F085,NULL),(0x7A11A1B90C7144B8AB2D6E43A21BE0CD,194,0.0000,2.2500,0xEC3F6433559E4D35A4AEC071D62F1BA1,0xC2B0ECAF19354DCA93E12181F9A6834F,NULL),(0x7CCC0078514E4D19BFE01E9C1FC01497,190,0.3000,0.0000,0xA6B9959B4E9D4B6DA18089CA0B822DC6,0x822C755978D44C749565CA5E5A16223B,NULL),(0x7CE9E9570DFB49D8BCD755480F9BBF15,190,0.0000,20.0000,0x2E55E435C81A451E8C8B8C5B8F24F100,NULL,NULL),(0x8032FFB47C2C4E1ABA5F75BED9C1FED3,218,50.0000,0.0000,0x39848C7AC9C8422B9F5592415A1DD52F,NULL,NULL),(0x857F693242C44CE5B7ECA17B8A5E4863,194,3.6100,0.0000,0x4EE5E01CB47442E1B4888B2798305B0D,NULL,NULL),(0x85A596392E0C4856BA33FCA337AD70EC,191,0.0000,0.3000,0x59C8177F77134D5288E5A2CED1E7199F,NULL,NULL),(0x8870E5A335C9479EA9ECA803D231CD2E,190,1.7000,0.0000,0xBEFB1848B6CF47C29AEF1071EBD61C32,0xE6AE2799336A44888181703C25CB9BB7,NULL),(0x88C3646FB2F644878A22F06A3862A386,190,0.0000,50.0000,0x1444ABCA54804E7BB18CCA6106DA4C8C,NULL,NULL),(0x88FA3D9773564603A270EFF328DD1B55,190,0.3500,0.0000,0xB33F392FF08C47F096006852D4577C3B,0x071DD33EC33D4CE19728EF792C1F254E,NULL),(0x8D8CBC85D86C4923B8D83ED4112BB7B2,217,20.0000,0.0000,0xEB86206E883E4150BD4DA2ED21F97B5E,NULL,NULL),(0x8F95E1BC1E8E41F78F13C56167EEB572,194,0.3000,0.0000,0xD9A3216C3F8C452CA8C5D3D1977C32F8,NULL,NULL),(0x8FDBA8555E4F49AC849ED5A559DBFE1E,218,50.0000,0.0000,0x23257A3A04DA4AB6BC40C9304551DC02,NULL,NULL),(0x91C35BE772B342548FDB0175976B4980,191,0.0000,0.4700,0x77B3A3B2810444089E5CDAC7C47DECF8,NULL,NULL),(0x91F0E72591304B0BAD6ECFC51097E2BE,218,50.0000,0.0000,0x75F1D61DC75F49ACBEF2F8F9D4266D02,NULL,NULL),(0x93AA3E9B3CBE4761BD6342612FAFABB8,194,3.4900,0.0000,0xD6BB83425D524C1286CF329D38A56C21,NULL,NULL),(0x9840C483D0264C5DA1AFB5E31DD433B3,217,20.0000,0.0000,0xAA819F300BE749ED9B29FC0B4FF38FBF,NULL,NULL),(0xA2078D1D14F84EA7A73EF6A2ECAFECC5,217,20.0000,0.0000,0x75B80635AE5D45218194D8B36CDA2382,NULL,NULL),(0xA5A89952E66349509FE3F780648F6874,217,20.0000,0.0000,0xC430DA60EF7A46C2B8E09535631DDEE8,NULL,NULL),(0xA5E9D89C16694418B42545463BAD7BA6,194,1.0700,0.0000,0xB4AEFAC129DD4E5A8EC2FC60D9AC7A26,NULL,NULL),(0xA672F4968C4E4E5A9268D0E310B369EF,190,0.0000,50.0000,0x8813AA35D18E433581B4F1DFB3C25D2B,NULL,NULL),(0xA761BE1A58F04E6F87C1A07673B6DD1B,217,20.0000,0.0000,0x957104EB01CC44778C588513A9EBC624,NULL,NULL),(0xA82A21028FA84F108A767D6FBBE88613,191,0.0000,1.0700,0xB4AEFAC129DD4E5A8EC2FC60D9AC7A26,NULL,NULL),(0xA883F5AEA7C742AB8868D5380638606C,194,0.6000,0.0000,0x6770ECE79F59494091E5F0971703AFDC,NULL,NULL),(0xA90952565B2B42C2895B2D6D16DF4EBD,217,20.0000,0.0000,0x3FD4862116F74BD5AE827D8A9CDDE15D,NULL,NULL),(0xA95FD4276FD4470B82B0B1BBDF487B08,191,0.0000,3.4900,0xD6BB83425D524C1286CF329D38A56C21,NULL,NULL),(0xAA90DA0A70F9401182495CA0F94DE980,190,0.0000,20.0000,0x3FD4862116F74BD5AE827D8A9CDDE15D,NULL,NULL),(0xAA94F444C94340D4986219BECFE659BF,190,0.0000,50.0000,0xCD81C8BA1A114FDEB8A3FA0F80FBFA69,NULL,NULL),(0xAD5B46B8B2BF4B8FB1B04C2CE449B3AF,190,0.0000,50.0000,0x317B18AA9525431C9AA1BB863FC79D6D,NULL,NULL),(0xAD66F33710894519808575AF7C213FEB,190,0.0000,20.0000,0xEDE61A92A62747488CEEE3867934ED95,NULL,NULL),(0xB11CF3D6F1614278A17A4BD443AA66CC,194,0.0000,3.4900,0x38B94BDC77C546FB88B26AD099626010,0xD6BB83425D524C1286CF329D38A56C21,NULL),(0xB29235D2D941407789C077A294E6FFA0,190,0.8000,0.0000,0x336F46425569469DBE38EE5A0AFE7E15,0xB25DD2ED87C94829B32EE92136CC51D6,NULL),(0xB2A8663B1EAF40D0AFAB14B8ADD89149,191,0.0000,1.6400,0x874EF7C2A3FB4AABAAC9A0C0F5828789,NULL,NULL),(0xB315C5B67AD4439F890EFD71DB749872,194,0.0000,0.8400,0x305AF2693BC94141ADB0B61E23EA970E,0xDABBB71DC33B4934BD5A22F7F95C6A42,NULL),(0xB32ABF32E18A4E5BB24A9873D1699F05,190,0.0000,50.0000,0x14EEE57856F74F9E94E3ADB687CCFF9D,NULL,NULL),(0xB59DBE5D5E26470998A648D5C653EA6A,191,0.0000,56.9900,0xB98D20B4D827452598E56C683F557C73,NULL,NULL),(0xB6260B1B533843CE90A3B9D6ED58FE6F,191,0.0000,22.9400,0x44BDE515D76E4FD4A22BF5DFA5D27F5D,NULL,NULL),(0xB6BA1E0D6CC246F8BAFE1981D0D2BE10,190,0.0000,20.0000,0x957104EB01CC44778C588513A9EBC624,NULL,NULL),(0xB831AC27299F49749A1987EBF86D5D3F,218,50.0000,0.0000,0x401A4829A0914D7A99DA6AD1BC40AA70,NULL,NULL),(0xB975C9FAE0CF4FAB859FCF72521A7358,191,0.0000,0.6000,0x6770ECE79F59494091E5F0971703AFDC,NULL,NULL),(0xBAD7426AE84847FD8E4D97EE7058C0EB,190,3.3200,0.0000,0x673ADB63BA824274B119AA2A88CD481C,0x2C70F920CF6E460497C8F163804845CB,NULL),(0xBDBB4E3CFD6740E5A53C044408E35800,191,0.0000,2.8900,0xAE09A8A9D65A437DAE00260E59C4A047,NULL,NULL),(0xBE014081245F4B7B9D77D258C92DBCCB,190,0.0000,50.0000,0x23257A3A04DA4AB6BC40C9304551DC02,NULL,NULL),(0xC10ACDAC93CC49ECA8A79E10F8179B34,194,0.8400,0.0000,0xDABBB71DC33B4934BD5A22F7F95C6A42,NULL,NULL),(0xC283BC5509C94CEC8A2DBFEF9F24043A,194,0.3000,0.0000,0x822C755978D44C749565CA5E5A16223B,NULL,NULL),(0xC2D7E394A56E44F4B89D76E0EF568823,190,0.0000,50.0000,0xCBA1E17D97E34BA8B2359E436FF5B090,NULL,NULL),(0xC790BFF5D72F4DA5A4DBDB96CA280DC8,190,1.5100,0.0000,0x1374DEEED6D247BBBF8654D00B939531,0xC83EF222E1F843BEBD87149987EF7921,NULL),(0xC82376E6991A45B7A0DAD48D07ADFA67,217,20.0000,0.0000,0xC8BF9D50D73E457C9665B7098DE322C6,NULL,NULL),(0xC858D4145BEF4F8F9AC1A43D25D2B815,190,0.0000,50.0000,0xB145FD1C6E684AC3A30868CB216CDCDE,NULL,NULL),(0xC8A729C571FC4A2B93E84AA0ED5FD70D,217,20.0000,0.0000,0xC7AD2A2F8C744DB194382002C57BCE39,NULL,NULL),(0xC9FEF9B6366A433683E49050CECFFF3B,194,0.0000,3.3200,0x673ADB63BA824274B119AA2A88CD481C,0x2C70F920CF6E460497C8F163804845CB,NULL),(0xCABB5FDD38094AAE988AD381C8A1B3DF,190,0.0000,50.0000,0xE6969577759F43D9B6163AA28921C0F9,NULL,NULL),(0xCC214C9107AE4DDCA27677AA39F0C0D2,217,20.0000,0.0000,0x5C5F5D9388AE472C9B0F6B796995A64E,NULL,NULL),(0xCC65EBD15BDF4AF8A6AD0A5580BE7C64,190,0.0000,50.0000,0x85A424F9310840078319236B0BF892D0,NULL,NULL),(0xD2A0B5844DC3487EB043FE81CB7FF683,217,20.0000,0.0000,0xEDE61A92A62747488CEEE3867934ED95,NULL,NULL),(0xD44891C81D4F47A8A75A4937C2A84418,217,20.0000,0.0000,0xCBB5698EAE524B2197EDA6F8B40D6D56,NULL,NULL),(0xD4EFD5A39D504040B3B76293C07F194D,194,0.4700,0.0000,0x77B3A3B2810444089E5CDAC7C47DECF8,NULL,NULL),(0xD596073CCD7E4565B18651A63D29F2AF,191,0.0000,0.3500,0x071DD33EC33D4CE19728EF792C1F254E,NULL,NULL),(0xD59EC37DB7A64FD28DE6657332FE2FD6,194,0.0000,1.5300,0x0FC1D92C0FAD442C8CF29C693AA7F292,0x8B018C3D955342448E7D8C0F38A4E1DB,NULL),(0xD5FF0140B35F416B8E51B1E488CAA5E5,194,0.3000,0.0000,0x59C8177F77134D5288E5A2CED1E7199F,NULL,NULL),(0xD82C5FF6C68F48108EEC022689EFCA46,190,0.0000,50.0000,0x3069A01C10EF4502874811289EC24DFF,NULL,NULL),(0xDB556F4573A44675B4F249A57839E38B,194,22.9400,0.0000,0x44BDE515D76E4FD4A22BF5DFA5D27F5D,NULL,NULL),(0xDCEA3ABB9E124E8187C46A4F46DCF3B8,190,56.9900,0.0000,0x5B71E24D015B43CA8C86DCF62327F619,0xB98D20B4D827452598E56C683F557C73,NULL),(0xE010A1550AD6492E9BB7B0A4F95618BC,194,0.8000,0.0000,0xB25DD2ED87C94829B32EE92136CC51D6,NULL,NULL),(0xE02AF6A3FD5944A1906205FDEE3B8776,191,0.0000,0.1600,0x0E3BDBEB215541FC81BA0B833EB5F0A1,NULL,NULL),(0xE11AD988E9444B4FB71DCB76EC0ECB39,217,20.0000,0.0000,0x0E556749FC034760B19AA207554BA38B,NULL,NULL),(0xE187793E0D114088B8C4ACF56104C243,191,0.0000,0.8400,0xDABBB71DC33B4934BD5A22F7F95C6A42,NULL,NULL),(0xE19AD258BC834A29927777C0731EE1B2,191,0.0000,3.3200,0x2C70F920CF6E460497C8F163804845CB,NULL,NULL),(0xE4F8A79675DF4F13A52B0859A935751C,190,2.8900,0.0000,0xFD7231E6CA7845D79D3BE11CF39385C2,0xAE09A8A9D65A437DAE00260E59C4A047,NULL),(0xE587A9BBE8E848DC9F591CE4EE57FCC5,190,0.0000,50.0000,0x3C6CF7A4C3444250ABA9D50837071B26,NULL,NULL),(0xE595B4DFEB9E4337826C7E4B62C03B48,190,0.4700,0.0000,0xB3864BE011EB47AE901D0F2B2E1F1053,0x77B3A3B2810444089E5CDAC7C47DECF8,NULL),(0xEAE0FBD4756E43A083F5CDD162431BF7,218,50.0000,0.0000,0xE6969577759F43D9B6163AA28921C0F9,NULL,NULL),(0xECC32D7DEE70447096ED2BA5178D35E5,218,50.0000,0.0000,0xCBA1E17D97E34BA8B2359E436FF5B090,NULL,NULL),(0xECD5D31148164960AC92A8C4EB8E7AC4,190,0.1600,0.0000,0x98D2A6BD473F4C9EBE34DCC5EDB20670,0x0E3BDBEB215541FC81BA0B833EB5F0A1,NULL),(0xED6097E508554FB6892879CE1BF09C77,190,0.0000,20.0000,0xCBB5698EAE524B2197EDA6F8B40D6D56,NULL,NULL),(0xED9241B48CBB4F86967E9E980BA4D394,191,0.0000,0.0300,0xF209D65CD5874BAEBA4C61C64804F085,NULL,NULL),(0xEEB59CC572D64DBAA98D6E9DA28AABEC,190,0.0000,20.0000,0xC7AD2A2F8C744DB194382002C57BCE39,NULL,NULL),(0xEFB59AA9774E4B85BA7EA30F980EDA1F,194,0.0000,1.0700,0x6C329C16B1254D5C8A23816E2446C79E,0xB4AEFAC129DD4E5A8EC2FC60D9AC7A26,NULL),(0xF2756D67CEEA41B7B4EFA9D89D80E278,190,0.0000,50.0000,0xD596F560D74C48ECAC4C9A65E3D49DAA,NULL,NULL),(0xF28CA3B8C4C64BD5A30425437C4E98EA,194,0.0000,0.1600,0x98D2A6BD473F4C9EBE34DCC5EDB20670,0x0E3BDBEB215541FC81BA0B833EB5F0A1,NULL),(0xF66848AF9B7942A493632F7BCA6F2811,194,0.0000,22.9400,0xA6AE83C767EA4062898D09EF0A673C85,0x44BDE515D76E4FD4A22BF5DFA5D27F5D,NULL),(0xF6E7BCB74373451CBCF8A87FCE8E3BB1,190,0.0000,20.0000,0xE5E8BDADEF26460384984953E136E787,NULL,NULL),(0xF738B28A0CF349B2A46CE3EF7C4C1700,217,20.0000,0.0000,0xF6F655791AFE45CBAE6563350FCD9E03,NULL,NULL),(0xF95C9ED77DA34064ABF53A70FB901E87,217,20.0000,0.0000,0x825EBCAE27AA491E82F5A1FB42384F39,NULL,NULL),(0xFA1E3287C77F413E99B66CAA72B3F8A5,217,20.0000,0.0000,0x3733FCEF1B74479DA45B609D665DCD0D,NULL,NULL),(0xFCAF825162D043D0AD175FE9A032B353,190,0.0000,20.0000,0x96DD2C493025422780F695E0AFA81CEB,NULL,NULL),(0xFD0F790827284E27A8D87103A948EFD6,194,0.0000,1.9400,0x38F6EE96F6CC46A58B2AE1DAF0673D59,0xA1D7D31F3CE24A6D922F7624CF588219,NULL),(0xFEB952C667D34DA386D62A53FF0C2563,190,0.0000,20.0000,0xEB86206E883E4150BD4DA2ED21F97B5E,NULL,NULL),(0xFF4C4323559E4D408675D05789F7AB3E,218,50.0000,0.0000,0x258EA690C18541109606ED2DCDF446DB,NULL,NULL),(0xFFF240674E00465A91D76FA92D61E618,190,0.0000,20.0000,0xFC3847C17CCF4657AE0A76C6DBCD265E,NULL,NULL);
/*!40000 ALTER TABLE `voucher_item` ENABLE KEYS */;
/*!40103 SET TIME_ZONE=@OLD_TIME_ZONE */;

/*!40101 SET SQL_MODE=@OLD_SQL_MODE */;
/*!40014 SET FOREIGN_KEY_CHECKS=@OLD_FOREIGN_KEY_CHECKS */;
/*!40014 SET UNIQUE_CHECKS=@OLD_UNIQUE_CHECKS */;
/*!40101 SET CHARACTER_SET_CLIENT=@OLD_CHARACTER_SET_CLIENT */;
/*!40101 SET CHARACTER_SET_RESULTS=@OLD_CHARACTER_SET_RESULTS */;
/*!40101 SET COLLATION_CONNECTION=@OLD_COLLATION_CONNECTION */;
/*!40111 SET SQL_NOTES=@OLD_SQL_NOTES */;

-- Dump completed on 2017-06-06 12:32:46
